"YEAR","DR_TYPE","FUEL","TIMESLICE","REGION","Val"
"2015","LO","ELC","W1","ATX",0.0658599999999947
"2015","LO","ELC","W2","ATX",0.0658599999999947
"2015","LO","ELC","W3","ATX",0.0658599999999947
"2015","LO","ELC","W4","ATX",0.0658599999999947
"2015","LO","ELC","W5","ATX",0.0658599999999947
"2015","LO","ELC","W6","ATX",0.0658599999999947
"2015","LO","ELC","W7","ATX",0.0658599999999947
"2015","LO","ELC","W8","ATX",0.0658599999999947
"2015","LO","ELC","W9","ATX",0.0658599999999947
"2015","LO","ELC","W10","ATX",0.0658599999999947
"2015","LO","ELC","W11","ATX",0.0658599999999947
"2015","LO","ELC","W12","ATX",0.0658599999999947
"2015","LO","ELC","W13","ATX",0.0658599999999947
"2015","LO","ELC","W14","ATX",0.0658599999999947
"2015","LO","ELC","W15","ATX",0.0658599999999947
"2015","LO","ELC","W16","ATX",0.0658599999999947
"2015","LO","ELC","W17","ATX",0.0658599999999947
"2015","LO","ELC","W18","ATX",0.0658599999999947
"2015","LO","ELC","W19","ATX",0.0658599999999947
"2015","LO","ELC","W20","ATX",0.0658599999999947
"2015","LO","ELC","W21","ATX",0.0658599999999947
"2015","LO","ELC","W22","ATX",0.0658599999999947
"2015","LO","ELC","W23","ATX",0.0658599999999947
"2015","LO","ELC","W24","ATX",0.0658599999999947
"2015","LO","ELC","SF1","ATX",0.135419999999989
"2015","LO","ELC","SF2","ATX",0.135419999999989
"2015","LO","ELC","SF3","ATX",0.135419999999989
"2015","LO","ELC","SF4","ATX",0.135419999999989
"2015","LO","ELC","SF5","ATX",0.135419999999989
"2015","LO","ELC","SF6","ATX",0.135419999999989
"2015","LO","ELC","SF7","ATX",0.135419999999989
"2015","LO","ELC","SF8","ATX",0.135419999999989
"2015","LO","ELC","SF9","ATX",0.135419999999989
"2015","LO","ELC","SF10","ATX",0.135419999999989
"2015","LO","ELC","SF11","ATX",0.135419999999989
"2015","LO","ELC","SF12","ATX",0.135419999999989
"2015","LO","ELC","SF13","ATX",0.135419999999989
"2015","LO","ELC","SF14","ATX",0.135419999999989
"2015","LO","ELC","SF15","ATX",0.135419999999989
"2015","LO","ELC","SF16","ATX",0.135419999999989
"2015","LO","ELC","SF17","ATX",0.135419999999989
"2015","LO","ELC","SF18","ATX",0.135419999999989
"2015","LO","ELC","SF19","ATX",0.135419999999989
"2015","LO","ELC","SF20","ATX",0.135419999999989
"2015","LO","ELC","SF21","ATX",0.135419999999989
"2015","LO","ELC","SF22","ATX",0.135419999999989
"2015","LO","ELC","SF23","ATX",0.135419999999989
"2015","LO","ELC","SF24","ATX",0.135419999999989
"2015","LO","ELC","S1","ATX",0.0688199999999945
"2015","LO","ELC","S2","ATX",0.0688199999999945
"2015","LO","ELC","S3","ATX",0.0688199999999945
"2015","LO","ELC","S4","ATX",0.0688199999999945
"2015","LO","ELC","S5","ATX",0.0688199999999945
"2015","LO","ELC","S6","ATX",0.0688199999999945
"2015","LO","ELC","S7","ATX",0.0688199999999945
"2015","LO","ELC","S8","ATX",0.0688199999999945
"2015","LO","ELC","S9","ATX",0.0688199999999945
"2015","LO","ELC","S10","ATX",0.0688199999999945
"2015","LO","ELC","S11","ATX",0.0688199999999945
"2015","LO","ELC","S12","ATX",0.0688199999999945
"2015","LO","ELC","S13","ATX",0.0688199999999945
"2015","LO","ELC","S14","ATX",0.0688199999999945
"2015","LO","ELC","S15","ATX",0.0688199999999945
"2015","LO","ELC","S16","ATX",0.0688199999999945
"2015","LO","ELC","S17","ATX",0.0688199999999945
"2015","LO","ELC","S18","ATX",0.0688199999999945
"2015","LO","ELC","S19","ATX",0.0688199999999945
"2015","LO","ELC","S20","ATX",0.0688199999999945
"2015","LO","ELC","S21","ATX",0.0688199999999945
"2015","LO","ELC","S22","ATX",0.0688199999999945
"2015","LO","ELC","S23","ATX",0.0688199999999945
"2015","LO","ELC","S24","ATX",0.0688199999999945
"2015","MED","ELC","W1","ATX",0.0658599999999947
"2015","MED","ELC","W2","ATX",0.0658599999999947
"2015","MED","ELC","W3","ATX",0.0658599999999947
"2015","MED","ELC","W4","ATX",0.0658599999999947
"2015","MED","ELC","W5","ATX",0.0658599999999947
"2015","MED","ELC","W6","ATX",0.0658599999999947
"2015","MED","ELC","W7","ATX",0.0658599999999947
"2015","MED","ELC","W8","ATX",0.0658599999999947
"2015","MED","ELC","W9","ATX",0.0658599999999947
"2015","MED","ELC","W10","ATX",0.0658599999999947
"2015","MED","ELC","W11","ATX",0.0658599999999947
"2015","MED","ELC","W12","ATX",0.0658599999999947
"2015","MED","ELC","W13","ATX",0.0658599999999947
"2015","MED","ELC","W14","ATX",0.0658599999999947
"2015","MED","ELC","W15","ATX",0.0658599999999947
"2015","MED","ELC","W16","ATX",0.0658599999999947
"2015","MED","ELC","W17","ATX",0.0658599999999947
"2015","MED","ELC","W18","ATX",0.0658599999999947
"2015","MED","ELC","W19","ATX",0.0658599999999947
"2015","MED","ELC","W20","ATX",0.0658599999999947
"2015","MED","ELC","W21","ATX",0.0658599999999947
"2015","MED","ELC","W22","ATX",0.0658599999999947
"2015","MED","ELC","W23","ATX",0.0658599999999947
"2015","MED","ELC","W24","ATX",0.0658599999999947
"2015","MED","ELC","SF1","ATX",0.135419999999989
"2015","MED","ELC","SF2","ATX",0.135419999999989
"2015","MED","ELC","SF3","ATX",0.135419999999989
"2015","MED","ELC","SF4","ATX",0.135419999999989
"2015","MED","ELC","SF5","ATX",0.135419999999989
"2015","MED","ELC","SF6","ATX",0.135419999999989
"2015","MED","ELC","SF7","ATX",0.135419999999989
"2015","MED","ELC","SF8","ATX",0.135419999999989
"2015","MED","ELC","SF9","ATX",0.135419999999989
"2015","MED","ELC","SF10","ATX",0.135419999999989
"2015","MED","ELC","SF11","ATX",0.135419999999989
"2015","MED","ELC","SF12","ATX",0.135419999999989
"2015","MED","ELC","SF13","ATX",0.135419999999989
"2015","MED","ELC","SF14","ATX",0.135419999999989
"2015","MED","ELC","SF15","ATX",0.135419999999989
"2015","MED","ELC","SF16","ATX",0.135419999999989
"2015","MED","ELC","SF17","ATX",0.135419999999989
"2015","MED","ELC","SF18","ATX",0.135419999999989
"2015","MED","ELC","SF19","ATX",0.135419999999989
"2015","MED","ELC","SF20","ATX",0.135419999999989
"2015","MED","ELC","SF21","ATX",0.135419999999989
"2015","MED","ELC","SF22","ATX",0.135419999999989
"2015","MED","ELC","SF23","ATX",0.135419999999989
"2015","MED","ELC","SF24","ATX",0.135419999999989
"2015","MED","ELC","S1","ATX",0.0688199999999945
"2015","MED","ELC","S2","ATX",0.0688199999999945
"2015","MED","ELC","S3","ATX",0.0688199999999945
"2015","MED","ELC","S4","ATX",0.0688199999999945
"2015","MED","ELC","S5","ATX",0.0688199999999945
"2015","MED","ELC","S6","ATX",0.0688199999999945
"2015","MED","ELC","S7","ATX",0.0688199999999945
"2015","MED","ELC","S8","ATX",0.0688199999999945
"2015","MED","ELC","S9","ATX",0.0688199999999945
"2015","MED","ELC","S10","ATX",0.0688199999999945
"2015","MED","ELC","S11","ATX",0.0688199999999945
"2015","MED","ELC","S12","ATX",0.0688199999999945
"2015","MED","ELC","S13","ATX",0.0688199999999945
"2015","MED","ELC","S14","ATX",0.0688199999999945
"2015","MED","ELC","S15","ATX",0.0688199999999945
"2015","MED","ELC","S16","ATX",0.0688199999999945
"2015","MED","ELC","S17","ATX",0.0688199999999945
"2015","MED","ELC","S18","ATX",0.0688199999999945
"2015","MED","ELC","S19","ATX",0.0688199999999945
"2015","MED","ELC","S20","ATX",0.0688199999999945
"2015","MED","ELC","S21","ATX",0.0688199999999945
"2015","MED","ELC","S22","ATX",0.0688199999999945
"2015","MED","ELC","S23","ATX",0.0688199999999945
"2015","MED","ELC","S24","ATX",0.0688199999999945
"2015","HI","ELC","W1","ATX",0.0658599999999947
"2015","HI","ELC","W2","ATX",0.0658599999999947
"2015","HI","ELC","W3","ATX",0.0658599999999947
"2015","HI","ELC","W4","ATX",0.0658599999999947
"2015","HI","ELC","W5","ATX",0.0658599999999947
"2015","HI","ELC","W6","ATX",0.0658599999999947
"2015","HI","ELC","W7","ATX",0.0658599999999947
"2015","HI","ELC","W8","ATX",0.0658599999999947
"2015","HI","ELC","W9","ATX",0.0658599999999947
"2015","HI","ELC","W10","ATX",0.0658599999999947
"2015","HI","ELC","W11","ATX",0.0658599999999947
"2015","HI","ELC","W12","ATX",0.0658599999999947
"2015","HI","ELC","W13","ATX",0.0658599999999947
"2015","HI","ELC","W14","ATX",0.0658599999999947
"2015","HI","ELC","W15","ATX",0.0658599999999947
"2015","HI","ELC","W16","ATX",0.0658599999999947
"2015","HI","ELC","W17","ATX",0.0658599999999947
"2015","HI","ELC","W18","ATX",0.0658599999999947
"2015","HI","ELC","W19","ATX",0.0658599999999947
"2015","HI","ELC","W20","ATX",0.0658599999999947
"2015","HI","ELC","W21","ATX",0.0658599999999947
"2015","HI","ELC","W22","ATX",0.0658599999999947
"2015","HI","ELC","W23","ATX",0.0658599999999947
"2015","HI","ELC","W24","ATX",0.0658599999999947
"2015","HI","ELC","SF1","ATX",0.135419999999989
"2015","HI","ELC","SF2","ATX",0.135419999999989
"2015","HI","ELC","SF3","ATX",0.135419999999989
"2015","HI","ELC","SF4","ATX",0.135419999999989
"2015","HI","ELC","SF5","ATX",0.135419999999989
"2015","HI","ELC","SF6","ATX",0.135419999999989
"2015","HI","ELC","SF7","ATX",0.135419999999989
"2015","HI","ELC","SF8","ATX",0.135419999999989
"2015","HI","ELC","SF9","ATX",0.135419999999989
"2015","HI","ELC","SF10","ATX",0.135419999999989
"2015","HI","ELC","SF11","ATX",0.135419999999989
"2015","HI","ELC","SF12","ATX",0.135419999999989
"2015","HI","ELC","SF13","ATX",0.135419999999989
"2015","HI","ELC","SF14","ATX",0.135419999999989
"2015","HI","ELC","SF15","ATX",0.135419999999989
"2015","HI","ELC","SF16","ATX",0.135419999999989
"2015","HI","ELC","SF17","ATX",0.135419999999989
"2015","HI","ELC","SF18","ATX",0.135419999999989
"2015","HI","ELC","SF19","ATX",0.135419999999989
"2015","HI","ELC","SF20","ATX",0.135419999999989
"2015","HI","ELC","SF21","ATX",0.135419999999989
"2015","HI","ELC","SF22","ATX",0.135419999999989
"2015","HI","ELC","SF23","ATX",0.135419999999989
"2015","HI","ELC","SF24","ATX",0.135419999999989
"2015","HI","ELC","S1","ATX",0.0688199999999945
"2015","HI","ELC","S2","ATX",0.0688199999999945
"2015","HI","ELC","S3","ATX",0.0688199999999945
"2015","HI","ELC","S4","ATX",0.0688199999999945
"2015","HI","ELC","S5","ATX",0.0688199999999945
"2015","HI","ELC","S6","ATX",0.0688199999999945
"2015","HI","ELC","S7","ATX",0.0688199999999945
"2015","HI","ELC","S8","ATX",0.0688199999999945
"2015","HI","ELC","S9","ATX",0.0688199999999945
"2015","HI","ELC","S10","ATX",0.0688199999999945
"2015","HI","ELC","S11","ATX",0.0688199999999945
"2015","HI","ELC","S12","ATX",0.0688199999999945
"2015","HI","ELC","S13","ATX",0.0688199999999945
"2015","HI","ELC","S14","ATX",0.0688199999999945
"2015","HI","ELC","S15","ATX",0.0688199999999945
"2015","HI","ELC","S16","ATX",0.0688199999999945
"2015","HI","ELC","S17","ATX",0.0688199999999945
"2015","HI","ELC","S18","ATX",0.0688199999999945
"2015","HI","ELC","S19","ATX",0.0688199999999945
"2015","HI","ELC","S20","ATX",0.0688199999999945
"2015","HI","ELC","S21","ATX",0.0688199999999945
"2015","HI","ELC","S22","ATX",0.0688199999999945
"2015","HI","ELC","S23","ATX",0.0688199999999945
"2015","HI","ELC","S24","ATX",0.0688199999999945
"2016","LO","ELC","W1","ATX",0.0676399999999946
"2016","LO","ELC","W2","ATX",0.0676399999999946
"2016","LO","ELC","W3","ATX",0.0676399999999946
"2016","LO","ELC","W4","ATX",0.0676399999999946
"2016","LO","ELC","W5","ATX",0.0676399999999946
"2016","LO","ELC","W6","ATX",0.0676399999999946
"2016","LO","ELC","W7","ATX",0.0676399999999946
"2016","LO","ELC","W8","ATX",0.0676399999999946
"2016","LO","ELC","W9","ATX",0.0676399999999946
"2016","LO","ELC","W10","ATX",0.0676399999999946
"2016","LO","ELC","W11","ATX",0.0676399999999946
"2016","LO","ELC","W12","ATX",0.0676399999999946
"2016","LO","ELC","W13","ATX",0.0676399999999946
"2016","LO","ELC","W14","ATX",0.0676399999999946
"2016","LO","ELC","W15","ATX",0.0676399999999946
"2016","LO","ELC","W16","ATX",0.0676399999999946
"2016","LO","ELC","W17","ATX",0.0676399999999946
"2016","LO","ELC","W18","ATX",0.0676399999999946
"2016","LO","ELC","W19","ATX",0.0676399999999946
"2016","LO","ELC","W20","ATX",0.0676399999999946
"2016","LO","ELC","W21","ATX",0.0676399999999946
"2016","LO","ELC","W22","ATX",0.0676399999999946
"2016","LO","ELC","W23","ATX",0.0676399999999946
"2016","LO","ELC","W24","ATX",0.0676399999999946
"2016","LO","ELC","SF1","ATX",0.139079999999989
"2016","LO","ELC","SF2","ATX",0.139079999999989
"2016","LO","ELC","SF3","ATX",0.139079999999989
"2016","LO","ELC","SF4","ATX",0.139079999999989
"2016","LO","ELC","SF5","ATX",0.139079999999989
"2016","LO","ELC","SF6","ATX",0.139079999999989
"2016","LO","ELC","SF7","ATX",0.139079999999989
"2016","LO","ELC","SF8","ATX",0.139079999999989
"2016","LO","ELC","SF9","ATX",0.139079999999989
"2016","LO","ELC","SF10","ATX",0.139079999999989
"2016","LO","ELC","SF11","ATX",0.139079999999989
"2016","LO","ELC","SF12","ATX",0.139079999999989
"2016","LO","ELC","SF13","ATX",0.139079999999989
"2016","LO","ELC","SF14","ATX",0.139079999999989
"2016","LO","ELC","SF15","ATX",0.139079999999989
"2016","LO","ELC","SF16","ATX",0.139079999999989
"2016","LO","ELC","SF17","ATX",0.139079999999989
"2016","LO","ELC","SF18","ATX",0.139079999999989
"2016","LO","ELC","SF19","ATX",0.139079999999989
"2016","LO","ELC","SF20","ATX",0.139079999999989
"2016","LO","ELC","SF21","ATX",0.139079999999989
"2016","LO","ELC","SF22","ATX",0.139079999999989
"2016","LO","ELC","SF23","ATX",0.139079999999989
"2016","LO","ELC","SF24","ATX",0.139079999999989
"2016","LO","ELC","S1","ATX",0.0706799999999943
"2016","LO","ELC","S2","ATX",0.0706799999999943
"2016","LO","ELC","S3","ATX",0.0706799999999943
"2016","LO","ELC","S4","ATX",0.0706799999999943
"2016","LO","ELC","S5","ATX",0.0706799999999943
"2016","LO","ELC","S6","ATX",0.0706799999999943
"2016","LO","ELC","S7","ATX",0.0706799999999943
"2016","LO","ELC","S8","ATX",0.0706799999999943
"2016","LO","ELC","S9","ATX",0.0706799999999943
"2016","LO","ELC","S10","ATX",0.0706799999999943
"2016","LO","ELC","S11","ATX",0.0706799999999943
"2016","LO","ELC","S12","ATX",0.0706799999999943
"2016","LO","ELC","S13","ATX",0.0706799999999943
"2016","LO","ELC","S14","ATX",0.0706799999999943
"2016","LO","ELC","S15","ATX",0.0706799999999943
"2016","LO","ELC","S16","ATX",0.0706799999999943
"2016","LO","ELC","S17","ATX",0.0706799999999943
"2016","LO","ELC","S18","ATX",0.0706799999999943
"2016","LO","ELC","S19","ATX",0.0706799999999943
"2016","LO","ELC","S20","ATX",0.0706799999999943
"2016","LO","ELC","S21","ATX",0.0706799999999943
"2016","LO","ELC","S22","ATX",0.0706799999999943
"2016","LO","ELC","S23","ATX",0.0706799999999943
"2016","LO","ELC","S24","ATX",0.0706799999999943
"2016","MED","ELC","W1","ATX",0.0676399999999946
"2016","MED","ELC","W2","ATX",0.0676399999999946
"2016","MED","ELC","W3","ATX",0.0676399999999946
"2016","MED","ELC","W4","ATX",0.0676399999999946
"2016","MED","ELC","W5","ATX",0.0676399999999946
"2016","MED","ELC","W6","ATX",0.0676399999999946
"2016","MED","ELC","W7","ATX",0.0676399999999946
"2016","MED","ELC","W8","ATX",0.0676399999999946
"2016","MED","ELC","W9","ATX",0.0676399999999946
"2016","MED","ELC","W10","ATX",0.0676399999999946
"2016","MED","ELC","W11","ATX",0.0676399999999946
"2016","MED","ELC","W12","ATX",0.0676399999999946
"2016","MED","ELC","W13","ATX",0.0676399999999946
"2016","MED","ELC","W14","ATX",0.0676399999999946
"2016","MED","ELC","W15","ATX",0.0676399999999946
"2016","MED","ELC","W16","ATX",0.0676399999999946
"2016","MED","ELC","W17","ATX",0.0676399999999946
"2016","MED","ELC","W18","ATX",0.0676399999999946
"2016","MED","ELC","W19","ATX",0.0676399999999946
"2016","MED","ELC","W20","ATX",0.0676399999999946
"2016","MED","ELC","W21","ATX",0.0676399999999946
"2016","MED","ELC","W22","ATX",0.0676399999999946
"2016","MED","ELC","W23","ATX",0.0676399999999946
"2016","MED","ELC","W24","ATX",0.0676399999999946
"2016","MED","ELC","SF1","ATX",0.139079999999989
"2016","MED","ELC","SF2","ATX",0.139079999999989
"2016","MED","ELC","SF3","ATX",0.139079999999989
"2016","MED","ELC","SF4","ATX",0.139079999999989
"2016","MED","ELC","SF5","ATX",0.139079999999989
"2016","MED","ELC","SF6","ATX",0.139079999999989
"2016","MED","ELC","SF7","ATX",0.139079999999989
"2016","MED","ELC","SF8","ATX",0.139079999999989
"2016","MED","ELC","SF9","ATX",0.139079999999989
"2016","MED","ELC","SF10","ATX",0.139079999999989
"2016","MED","ELC","SF11","ATX",0.139079999999989
"2016","MED","ELC","SF12","ATX",0.139079999999989
"2016","MED","ELC","SF13","ATX",0.139079999999989
"2016","MED","ELC","SF14","ATX",0.139079999999989
"2016","MED","ELC","SF15","ATX",0.139079999999989
"2016","MED","ELC","SF16","ATX",0.139079999999989
"2016","MED","ELC","SF17","ATX",0.139079999999989
"2016","MED","ELC","SF18","ATX",0.139079999999989
"2016","MED","ELC","SF19","ATX",0.139079999999989
"2016","MED","ELC","SF20","ATX",0.139079999999989
"2016","MED","ELC","SF21","ATX",0.139079999999989
"2016","MED","ELC","SF22","ATX",0.139079999999989
"2016","MED","ELC","SF23","ATX",0.139079999999989
"2016","MED","ELC","SF24","ATX",0.139079999999989
"2016","MED","ELC","S1","ATX",0.0706799999999943
"2016","MED","ELC","S2","ATX",0.0706799999999943
"2016","MED","ELC","S3","ATX",0.0706799999999943
"2016","MED","ELC","S4","ATX",0.0706799999999943
"2016","MED","ELC","S5","ATX",0.0706799999999943
"2016","MED","ELC","S6","ATX",0.0706799999999943
"2016","MED","ELC","S7","ATX",0.0706799999999943
"2016","MED","ELC","S8","ATX",0.0706799999999943
"2016","MED","ELC","S9","ATX",0.0706799999999943
"2016","MED","ELC","S10","ATX",0.0706799999999943
"2016","MED","ELC","S11","ATX",0.0706799999999943
"2016","MED","ELC","S12","ATX",0.0706799999999943
"2016","MED","ELC","S13","ATX",0.0706799999999943
"2016","MED","ELC","S14","ATX",0.0706799999999943
"2016","MED","ELC","S15","ATX",0.0706799999999943
"2016","MED","ELC","S16","ATX",0.0706799999999943
"2016","MED","ELC","S17","ATX",0.0706799999999943
"2016","MED","ELC","S18","ATX",0.0706799999999943
"2016","MED","ELC","S19","ATX",0.0706799999999943
"2016","MED","ELC","S20","ATX",0.0706799999999943
"2016","MED","ELC","S21","ATX",0.0706799999999943
"2016","MED","ELC","S22","ATX",0.0706799999999943
"2016","MED","ELC","S23","ATX",0.0706799999999943
"2016","MED","ELC","S24","ATX",0.0706799999999943
"2016","HI","ELC","W1","ATX",0.0676399999999946
"2016","HI","ELC","W2","ATX",0.0676399999999946
"2016","HI","ELC","W3","ATX",0.0676399999999946
"2016","HI","ELC","W4","ATX",0.0676399999999946
"2016","HI","ELC","W5","ATX",0.0676399999999946
"2016","HI","ELC","W6","ATX",0.0676399999999946
"2016","HI","ELC","W7","ATX",0.0676399999999946
"2016","HI","ELC","W8","ATX",0.0676399999999946
"2016","HI","ELC","W9","ATX",0.0676399999999946
"2016","HI","ELC","W10","ATX",0.0676399999999946
"2016","HI","ELC","W11","ATX",0.0676399999999946
"2016","HI","ELC","W12","ATX",0.0676399999999946
"2016","HI","ELC","W13","ATX",0.0676399999999946
"2016","HI","ELC","W14","ATX",0.0676399999999946
"2016","HI","ELC","W15","ATX",0.0676399999999946
"2016","HI","ELC","W16","ATX",0.0676399999999946
"2016","HI","ELC","W17","ATX",0.0676399999999946
"2016","HI","ELC","W18","ATX",0.0676399999999946
"2016","HI","ELC","W19","ATX",0.0676399999999946
"2016","HI","ELC","W20","ATX",0.0676399999999946
"2016","HI","ELC","W21","ATX",0.0676399999999946
"2016","HI","ELC","W22","ATX",0.0676399999999946
"2016","HI","ELC","W23","ATX",0.0676399999999946
"2016","HI","ELC","W24","ATX",0.0676399999999946
"2016","HI","ELC","SF1","ATX",0.139079999999989
"2016","HI","ELC","SF2","ATX",0.139079999999989
"2016","HI","ELC","SF3","ATX",0.139079999999989
"2016","HI","ELC","SF4","ATX",0.139079999999989
"2016","HI","ELC","SF5","ATX",0.139079999999989
"2016","HI","ELC","SF6","ATX",0.139079999999989
"2016","HI","ELC","SF7","ATX",0.139079999999989
"2016","HI","ELC","SF8","ATX",0.139079999999989
"2016","HI","ELC","SF9","ATX",0.139079999999989
"2016","HI","ELC","SF10","ATX",0.139079999999989
"2016","HI","ELC","SF11","ATX",0.139079999999989
"2016","HI","ELC","SF12","ATX",0.139079999999989
"2016","HI","ELC","SF13","ATX",0.139079999999989
"2016","HI","ELC","SF14","ATX",0.139079999999989
"2016","HI","ELC","SF15","ATX",0.139079999999989
"2016","HI","ELC","SF16","ATX",0.139079999999989
"2016","HI","ELC","SF17","ATX",0.139079999999989
"2016","HI","ELC","SF18","ATX",0.139079999999989
"2016","HI","ELC","SF19","ATX",0.139079999999989
"2016","HI","ELC","SF20","ATX",0.139079999999989
"2016","HI","ELC","SF21","ATX",0.139079999999989
"2016","HI","ELC","SF22","ATX",0.139079999999989
"2016","HI","ELC","SF23","ATX",0.139079999999989
"2016","HI","ELC","SF24","ATX",0.139079999999989
"2016","HI","ELC","S1","ATX",0.0706799999999943
"2016","HI","ELC","S2","ATX",0.0706799999999943
"2016","HI","ELC","S3","ATX",0.0706799999999943
"2016","HI","ELC","S4","ATX",0.0706799999999943
"2016","HI","ELC","S5","ATX",0.0706799999999943
"2016","HI","ELC","S6","ATX",0.0706799999999943
"2016","HI","ELC","S7","ATX",0.0706799999999943
"2016","HI","ELC","S8","ATX",0.0706799999999943
"2016","HI","ELC","S9","ATX",0.0706799999999943
"2016","HI","ELC","S10","ATX",0.0706799999999943
"2016","HI","ELC","S11","ATX",0.0706799999999943
"2016","HI","ELC","S12","ATX",0.0706799999999943
"2016","HI","ELC","S13","ATX",0.0706799999999943
"2016","HI","ELC","S14","ATX",0.0706799999999943
"2016","HI","ELC","S15","ATX",0.0706799999999943
"2016","HI","ELC","S16","ATX",0.0706799999999943
"2016","HI","ELC","S17","ATX",0.0706799999999943
"2016","HI","ELC","S18","ATX",0.0706799999999943
"2016","HI","ELC","S19","ATX",0.0706799999999943
"2016","HI","ELC","S20","ATX",0.0706799999999943
"2016","HI","ELC","S21","ATX",0.0706799999999943
"2016","HI","ELC","S22","ATX",0.0706799999999943
"2016","HI","ELC","S23","ATX",0.0706799999999943
"2016","HI","ELC","S24","ATX",0.0706799999999943
"2017","LO","ELC","W1","ATX",0.0694199999999944
"2017","LO","ELC","W2","ATX",0.0694199999999944
"2017","LO","ELC","W3","ATX",0.0694199999999944
"2017","LO","ELC","W4","ATX",0.0694199999999944
"2017","LO","ELC","W5","ATX",0.0694199999999944
"2017","LO","ELC","W6","ATX",0.0694199999999944
"2017","LO","ELC","W7","ATX",0.0694199999999944
"2017","LO","ELC","W8","ATX",0.0694199999999944
"2017","LO","ELC","W9","ATX",0.0694199999999944
"2017","LO","ELC","W10","ATX",0.0694199999999944
"2017","LO","ELC","W11","ATX",0.0694199999999944
"2017","LO","ELC","W12","ATX",0.0694199999999944
"2017","LO","ELC","W13","ATX",0.0694199999999944
"2017","LO","ELC","W14","ATX",0.0694199999999944
"2017","LO","ELC","W15","ATX",0.0694199999999944
"2017","LO","ELC","W16","ATX",0.0694199999999944
"2017","LO","ELC","W17","ATX",0.0694199999999944
"2017","LO","ELC","W18","ATX",0.0694199999999944
"2017","LO","ELC","W19","ATX",0.0694199999999944
"2017","LO","ELC","W20","ATX",0.0694199999999944
"2017","LO","ELC","W21","ATX",0.0694199999999944
"2017","LO","ELC","W22","ATX",0.0694199999999944
"2017","LO","ELC","W23","ATX",0.0694199999999944
"2017","LO","ELC","W24","ATX",0.0694199999999944
"2017","LO","ELC","SF1","ATX",0.142739999999989
"2017","LO","ELC","SF2","ATX",0.142739999999989
"2017","LO","ELC","SF3","ATX",0.142739999999989
"2017","LO","ELC","SF4","ATX",0.142739999999989
"2017","LO","ELC","SF5","ATX",0.142739999999989
"2017","LO","ELC","SF6","ATX",0.142739999999989
"2017","LO","ELC","SF7","ATX",0.142739999999989
"2017","LO","ELC","SF8","ATX",0.142739999999989
"2017","LO","ELC","SF9","ATX",0.142739999999989
"2017","LO","ELC","SF10","ATX",0.142739999999989
"2017","LO","ELC","SF11","ATX",0.142739999999989
"2017","LO","ELC","SF12","ATX",0.142739999999989
"2017","LO","ELC","SF13","ATX",0.142739999999989
"2017","LO","ELC","SF14","ATX",0.142739999999989
"2017","LO","ELC","SF15","ATX",0.142739999999989
"2017","LO","ELC","SF16","ATX",0.142739999999989
"2017","LO","ELC","SF17","ATX",0.142739999999989
"2017","LO","ELC","SF18","ATX",0.142739999999989
"2017","LO","ELC","SF19","ATX",0.142739999999989
"2017","LO","ELC","SF20","ATX",0.142739999999989
"2017","LO","ELC","SF21","ATX",0.142739999999989
"2017","LO","ELC","SF22","ATX",0.142739999999989
"2017","LO","ELC","SF23","ATX",0.142739999999989
"2017","LO","ELC","SF24","ATX",0.142739999999989
"2017","LO","ELC","S1","ATX",0.0725399999999942
"2017","LO","ELC","S2","ATX",0.0725399999999942
"2017","LO","ELC","S3","ATX",0.0725399999999942
"2017","LO","ELC","S4","ATX",0.0725399999999942
"2017","LO","ELC","S5","ATX",0.0725399999999942
"2017","LO","ELC","S6","ATX",0.0725399999999942
"2017","LO","ELC","S7","ATX",0.0725399999999942
"2017","LO","ELC","S8","ATX",0.0725399999999942
"2017","LO","ELC","S9","ATX",0.0725399999999942
"2017","LO","ELC","S10","ATX",0.0725399999999942
"2017","LO","ELC","S11","ATX",0.0725399999999942
"2017","LO","ELC","S12","ATX",0.0725399999999942
"2017","LO","ELC","S13","ATX",0.0725399999999942
"2017","LO","ELC","S14","ATX",0.0725399999999942
"2017","LO","ELC","S15","ATX",0.0725399999999942
"2017","LO","ELC","S16","ATX",0.0725399999999942
"2017","LO","ELC","S17","ATX",0.0725399999999942
"2017","LO","ELC","S18","ATX",0.0725399999999942
"2017","LO","ELC","S19","ATX",0.0725399999999942
"2017","LO","ELC","S20","ATX",0.0725399999999942
"2017","LO","ELC","S21","ATX",0.0725399999999942
"2017","LO","ELC","S22","ATX",0.0725399999999942
"2017","LO","ELC","S23","ATX",0.0725399999999942
"2017","LO","ELC","S24","ATX",0.0725399999999942
"2017","MED","ELC","W1","ATX",0.0694199999999944
"2017","MED","ELC","W2","ATX",0.0694199999999944
"2017","MED","ELC","W3","ATX",0.0694199999999944
"2017","MED","ELC","W4","ATX",0.0694199999999944
"2017","MED","ELC","W5","ATX",0.0694199999999944
"2017","MED","ELC","W6","ATX",0.0694199999999944
"2017","MED","ELC","W7","ATX",0.0694199999999944
"2017","MED","ELC","W8","ATX",0.0694199999999944
"2017","MED","ELC","W9","ATX",0.0694199999999944
"2017","MED","ELC","W10","ATX",0.0694199999999944
"2017","MED","ELC","W11","ATX",0.0694199999999944
"2017","MED","ELC","W12","ATX",0.0694199999999944
"2017","MED","ELC","W13","ATX",0.0694199999999944
"2017","MED","ELC","W14","ATX",0.0694199999999944
"2017","MED","ELC","W15","ATX",0.0694199999999944
"2017","MED","ELC","W16","ATX",0.0694199999999944
"2017","MED","ELC","W17","ATX",0.0694199999999944
"2017","MED","ELC","W18","ATX",0.0694199999999944
"2017","MED","ELC","W19","ATX",0.0694199999999944
"2017","MED","ELC","W20","ATX",0.0694199999999944
"2017","MED","ELC","W21","ATX",0.0694199999999944
"2017","MED","ELC","W22","ATX",0.0694199999999944
"2017","MED","ELC","W23","ATX",0.0694199999999944
"2017","MED","ELC","W24","ATX",0.0694199999999944
"2017","MED","ELC","SF1","ATX",0.142739999999989
"2017","MED","ELC","SF2","ATX",0.142739999999989
"2017","MED","ELC","SF3","ATX",0.142739999999989
"2017","MED","ELC","SF4","ATX",0.142739999999989
"2017","MED","ELC","SF5","ATX",0.142739999999989
"2017","MED","ELC","SF6","ATX",0.142739999999989
"2017","MED","ELC","SF7","ATX",0.142739999999989
"2017","MED","ELC","SF8","ATX",0.142739999999989
"2017","MED","ELC","SF9","ATX",0.142739999999989
"2017","MED","ELC","SF10","ATX",0.142739999999989
"2017","MED","ELC","SF11","ATX",0.142739999999989
"2017","MED","ELC","SF12","ATX",0.142739999999989
"2017","MED","ELC","SF13","ATX",0.142739999999989
"2017","MED","ELC","SF14","ATX",0.142739999999989
"2017","MED","ELC","SF15","ATX",0.142739999999989
"2017","MED","ELC","SF16","ATX",0.142739999999989
"2017","MED","ELC","SF17","ATX",0.142739999999989
"2017","MED","ELC","SF18","ATX",0.142739999999989
"2017","MED","ELC","SF19","ATX",0.142739999999989
"2017","MED","ELC","SF20","ATX",0.142739999999989
"2017","MED","ELC","SF21","ATX",0.142739999999989
"2017","MED","ELC","SF22","ATX",0.142739999999989
"2017","MED","ELC","SF23","ATX",0.142739999999989
"2017","MED","ELC","SF24","ATX",0.142739999999989
"2017","MED","ELC","S1","ATX",0.0725399999999942
"2017","MED","ELC","S2","ATX",0.0725399999999942
"2017","MED","ELC","S3","ATX",0.0725399999999942
"2017","MED","ELC","S4","ATX",0.0725399999999942
"2017","MED","ELC","S5","ATX",0.0725399999999942
"2017","MED","ELC","S6","ATX",0.0725399999999942
"2017","MED","ELC","S7","ATX",0.0725399999999942
"2017","MED","ELC","S8","ATX",0.0725399999999942
"2017","MED","ELC","S9","ATX",0.0725399999999942
"2017","MED","ELC","S10","ATX",0.0725399999999942
"2017","MED","ELC","S11","ATX",0.0725399999999942
"2017","MED","ELC","S12","ATX",0.0725399999999942
"2017","MED","ELC","S13","ATX",0.0725399999999942
"2017","MED","ELC","S14","ATX",0.0725399999999942
"2017","MED","ELC","S15","ATX",0.0725399999999942
"2017","MED","ELC","S16","ATX",0.0725399999999942
"2017","MED","ELC","S17","ATX",0.0725399999999942
"2017","MED","ELC","S18","ATX",0.0725399999999942
"2017","MED","ELC","S19","ATX",0.0725399999999942
"2017","MED","ELC","S20","ATX",0.0725399999999942
"2017","MED","ELC","S21","ATX",0.0725399999999942
"2017","MED","ELC","S22","ATX",0.0725399999999942
"2017","MED","ELC","S23","ATX",0.0725399999999942
"2017","MED","ELC","S24","ATX",0.0725399999999942
"2017","HI","ELC","W1","ATX",0.0694199999999944
"2017","HI","ELC","W2","ATX",0.0694199999999944
"2017","HI","ELC","W3","ATX",0.0694199999999944
"2017","HI","ELC","W4","ATX",0.0694199999999944
"2017","HI","ELC","W5","ATX",0.0694199999999944
"2017","HI","ELC","W6","ATX",0.0694199999999944
"2017","HI","ELC","W7","ATX",0.0694199999999944
"2017","HI","ELC","W8","ATX",0.0694199999999944
"2017","HI","ELC","W9","ATX",0.0694199999999944
"2017","HI","ELC","W10","ATX",0.0694199999999944
"2017","HI","ELC","W11","ATX",0.0694199999999944
"2017","HI","ELC","W12","ATX",0.0694199999999944
"2017","HI","ELC","W13","ATX",0.0694199999999944
"2017","HI","ELC","W14","ATX",0.0694199999999944
"2017","HI","ELC","W15","ATX",0.0694199999999944
"2017","HI","ELC","W16","ATX",0.0694199999999944
"2017","HI","ELC","W17","ATX",0.0694199999999944
"2017","HI","ELC","W18","ATX",0.0694199999999944
"2017","HI","ELC","W19","ATX",0.0694199999999944
"2017","HI","ELC","W20","ATX",0.0694199999999944
"2017","HI","ELC","W21","ATX",0.0694199999999944
"2017","HI","ELC","W22","ATX",0.0694199999999944
"2017","HI","ELC","W23","ATX",0.0694199999999944
"2017","HI","ELC","W24","ATX",0.0694199999999944
"2017","HI","ELC","SF1","ATX",0.142739999999989
"2017","HI","ELC","SF2","ATX",0.142739999999989
"2017","HI","ELC","SF3","ATX",0.142739999999989
"2017","HI","ELC","SF4","ATX",0.142739999999989
"2017","HI","ELC","SF5","ATX",0.142739999999989
"2017","HI","ELC","SF6","ATX",0.142739999999989
"2017","HI","ELC","SF7","ATX",0.142739999999989
"2017","HI","ELC","SF8","ATX",0.142739999999989
"2017","HI","ELC","SF9","ATX",0.142739999999989
"2017","HI","ELC","SF10","ATX",0.142739999999989
"2017","HI","ELC","SF11","ATX",0.142739999999989
"2017","HI","ELC","SF12","ATX",0.142739999999989
"2017","HI","ELC","SF13","ATX",0.142739999999989
"2017","HI","ELC","SF14","ATX",0.142739999999989
"2017","HI","ELC","SF15","ATX",0.142739999999989
"2017","HI","ELC","SF16","ATX",0.142739999999989
"2017","HI","ELC","SF17","ATX",0.142739999999989
"2017","HI","ELC","SF18","ATX",0.142739999999989
"2017","HI","ELC","SF19","ATX",0.142739999999989
"2017","HI","ELC","SF20","ATX",0.142739999999989
"2017","HI","ELC","SF21","ATX",0.142739999999989
"2017","HI","ELC","SF22","ATX",0.142739999999989
"2017","HI","ELC","SF23","ATX",0.142739999999989
"2017","HI","ELC","SF24","ATX",0.142739999999989
"2017","HI","ELC","S1","ATX",0.0725399999999942
"2017","HI","ELC","S2","ATX",0.0725399999999942
"2017","HI","ELC","S3","ATX",0.0725399999999942
"2017","HI","ELC","S4","ATX",0.0725399999999942
"2017","HI","ELC","S5","ATX",0.0725399999999942
"2017","HI","ELC","S6","ATX",0.0725399999999942
"2017","HI","ELC","S7","ATX",0.0725399999999942
"2017","HI","ELC","S8","ATX",0.0725399999999942
"2017","HI","ELC","S9","ATX",0.0725399999999942
"2017","HI","ELC","S10","ATX",0.0725399999999942
"2017","HI","ELC","S11","ATX",0.0725399999999942
"2017","HI","ELC","S12","ATX",0.0725399999999942
"2017","HI","ELC","S13","ATX",0.0725399999999942
"2017","HI","ELC","S14","ATX",0.0725399999999942
"2017","HI","ELC","S15","ATX",0.0725399999999942
"2017","HI","ELC","S16","ATX",0.0725399999999942
"2017","HI","ELC","S17","ATX",0.0725399999999942
"2017","HI","ELC","S18","ATX",0.0725399999999942
"2017","HI","ELC","S19","ATX",0.0725399999999942
"2017","HI","ELC","S20","ATX",0.0725399999999942
"2017","HI","ELC","S21","ATX",0.0725399999999942
"2017","HI","ELC","S22","ATX",0.0725399999999942
"2017","HI","ELC","S23","ATX",0.0725399999999942
"2017","HI","ELC","S24","ATX",0.0725399999999942
"2018","LO","ELC","W1","ATX",0.0711999999999943
"2018","LO","ELC","W2","ATX",0.0711999999999943
"2018","LO","ELC","W3","ATX",0.0711999999999943
"2018","LO","ELC","W4","ATX",0.0711999999999943
"2018","LO","ELC","W5","ATX",0.0711999999999943
"2018","LO","ELC","W6","ATX",0.0711999999999943
"2018","LO","ELC","W7","ATX",0.0711999999999943
"2018","LO","ELC","W8","ATX",0.0711999999999943
"2018","LO","ELC","W9","ATX",0.0711999999999943
"2018","LO","ELC","W10","ATX",0.0711999999999943
"2018","LO","ELC","W11","ATX",0.0711999999999943
"2018","LO","ELC","W12","ATX",0.0711999999999943
"2018","LO","ELC","W13","ATX",0.0711999999999943
"2018","LO","ELC","W14","ATX",0.0711999999999943
"2018","LO","ELC","W15","ATX",0.0711999999999943
"2018","LO","ELC","W16","ATX",0.0711999999999943
"2018","LO","ELC","W17","ATX",0.0711999999999943
"2018","LO","ELC","W18","ATX",0.0711999999999943
"2018","LO","ELC","W19","ATX",0.0711999999999943
"2018","LO","ELC","W20","ATX",0.0711999999999943
"2018","LO","ELC","W21","ATX",0.0711999999999943
"2018","LO","ELC","W22","ATX",0.0711999999999943
"2018","LO","ELC","W23","ATX",0.0711999999999943
"2018","LO","ELC","W24","ATX",0.0711999999999943
"2018","LO","ELC","SF1","ATX",0.146399999999988
"2018","LO","ELC","SF2","ATX",0.146399999999988
"2018","LO","ELC","SF3","ATX",0.146399999999988
"2018","LO","ELC","SF4","ATX",0.146399999999988
"2018","LO","ELC","SF5","ATX",0.146399999999988
"2018","LO","ELC","SF6","ATX",0.146399999999988
"2018","LO","ELC","SF7","ATX",0.146399999999988
"2018","LO","ELC","SF8","ATX",0.146399999999988
"2018","LO","ELC","SF9","ATX",0.146399999999988
"2018","LO","ELC","SF10","ATX",0.146399999999988
"2018","LO","ELC","SF11","ATX",0.146399999999988
"2018","LO","ELC","SF12","ATX",0.146399999999988
"2018","LO","ELC","SF13","ATX",0.146399999999988
"2018","LO","ELC","SF14","ATX",0.146399999999988
"2018","LO","ELC","SF15","ATX",0.146399999999988
"2018","LO","ELC","SF16","ATX",0.146399999999988
"2018","LO","ELC","SF17","ATX",0.146399999999988
"2018","LO","ELC","SF18","ATX",0.146399999999988
"2018","LO","ELC","SF19","ATX",0.146399999999988
"2018","LO","ELC","SF20","ATX",0.146399999999988
"2018","LO","ELC","SF21","ATX",0.146399999999988
"2018","LO","ELC","SF22","ATX",0.146399999999988
"2018","LO","ELC","SF23","ATX",0.146399999999988
"2018","LO","ELC","SF24","ATX",0.146399999999988
"2018","LO","ELC","S1","ATX",0.0743999999999941
"2018","LO","ELC","S2","ATX",0.0743999999999941
"2018","LO","ELC","S3","ATX",0.0743999999999941
"2018","LO","ELC","S4","ATX",0.0743999999999941
"2018","LO","ELC","S5","ATX",0.0743999999999941
"2018","LO","ELC","S6","ATX",0.0743999999999941
"2018","LO","ELC","S7","ATX",0.0743999999999941
"2018","LO","ELC","S8","ATX",0.0743999999999941
"2018","LO","ELC","S9","ATX",0.0743999999999941
"2018","LO","ELC","S10","ATX",0.0743999999999941
"2018","LO","ELC","S11","ATX",0.0743999999999941
"2018","LO","ELC","S12","ATX",0.0743999999999941
"2018","LO","ELC","S13","ATX",0.0743999999999941
"2018","LO","ELC","S14","ATX",0.0743999999999941
"2018","LO","ELC","S15","ATX",0.0743999999999941
"2018","LO","ELC","S16","ATX",0.0743999999999941
"2018","LO","ELC","S17","ATX",0.0743999999999941
"2018","LO","ELC","S18","ATX",0.0743999999999941
"2018","LO","ELC","S19","ATX",0.0743999999999941
"2018","LO","ELC","S20","ATX",0.0743999999999941
"2018","LO","ELC","S21","ATX",0.0743999999999941
"2018","LO","ELC","S22","ATX",0.0743999999999941
"2018","LO","ELC","S23","ATX",0.0743999999999941
"2018","LO","ELC","S24","ATX",0.0743999999999941
"2018","MED","ELC","W1","ATX",0.0711999999999943
"2018","MED","ELC","W2","ATX",0.0711999999999943
"2018","MED","ELC","W3","ATX",0.0711999999999943
"2018","MED","ELC","W4","ATX",0.0711999999999943
"2018","MED","ELC","W5","ATX",0.0711999999999943
"2018","MED","ELC","W6","ATX",0.0711999999999943
"2018","MED","ELC","W7","ATX",0.0711999999999943
"2018","MED","ELC","W8","ATX",0.0711999999999943
"2018","MED","ELC","W9","ATX",0.0711999999999943
"2018","MED","ELC","W10","ATX",0.0711999999999943
"2018","MED","ELC","W11","ATX",0.0711999999999943
"2018","MED","ELC","W12","ATX",0.0711999999999943
"2018","MED","ELC","W13","ATX",0.0711999999999943
"2018","MED","ELC","W14","ATX",0.0711999999999943
"2018","MED","ELC","W15","ATX",0.0711999999999943
"2018","MED","ELC","W16","ATX",0.0711999999999943
"2018","MED","ELC","W17","ATX",0.0711999999999943
"2018","MED","ELC","W18","ATX",0.0711999999999943
"2018","MED","ELC","W19","ATX",0.0711999999999943
"2018","MED","ELC","W20","ATX",0.0711999999999943
"2018","MED","ELC","W21","ATX",0.0711999999999943
"2018","MED","ELC","W22","ATX",0.0711999999999943
"2018","MED","ELC","W23","ATX",0.0711999999999943
"2018","MED","ELC","W24","ATX",0.0711999999999943
"2018","MED","ELC","SF1","ATX",0.146399999999988
"2018","MED","ELC","SF2","ATX",0.146399999999988
"2018","MED","ELC","SF3","ATX",0.146399999999988
"2018","MED","ELC","SF4","ATX",0.146399999999988
"2018","MED","ELC","SF5","ATX",0.146399999999988
"2018","MED","ELC","SF6","ATX",0.146399999999988
"2018","MED","ELC","SF7","ATX",0.146399999999988
"2018","MED","ELC","SF8","ATX",0.146399999999988
"2018","MED","ELC","SF9","ATX",0.146399999999988
"2018","MED","ELC","SF10","ATX",0.146399999999988
"2018","MED","ELC","SF11","ATX",0.146399999999988
"2018","MED","ELC","SF12","ATX",0.146399999999988
"2018","MED","ELC","SF13","ATX",0.146399999999988
"2018","MED","ELC","SF14","ATX",0.146399999999988
"2018","MED","ELC","SF15","ATX",0.146399999999988
"2018","MED","ELC","SF16","ATX",0.146399999999988
"2018","MED","ELC","SF17","ATX",0.146399999999988
"2018","MED","ELC","SF18","ATX",0.146399999999988
"2018","MED","ELC","SF19","ATX",0.146399999999988
"2018","MED","ELC","SF20","ATX",0.146399999999988
"2018","MED","ELC","SF21","ATX",0.146399999999988
"2018","MED","ELC","SF22","ATX",0.146399999999988
"2018","MED","ELC","SF23","ATX",0.146399999999988
"2018","MED","ELC","SF24","ATX",0.146399999999988
"2018","MED","ELC","S1","ATX",0.0743999999999941
"2018","MED","ELC","S2","ATX",0.0743999999999941
"2018","MED","ELC","S3","ATX",0.0743999999999941
"2018","MED","ELC","S4","ATX",0.0743999999999941
"2018","MED","ELC","S5","ATX",0.0743999999999941
"2018","MED","ELC","S6","ATX",0.0743999999999941
"2018","MED","ELC","S7","ATX",0.0743999999999941
"2018","MED","ELC","S8","ATX",0.0743999999999941
"2018","MED","ELC","S9","ATX",0.0743999999999941
"2018","MED","ELC","S10","ATX",0.0743999999999941
"2018","MED","ELC","S11","ATX",0.0743999999999941
"2018","MED","ELC","S12","ATX",0.0743999999999941
"2018","MED","ELC","S13","ATX",0.0743999999999941
"2018","MED","ELC","S14","ATX",0.0743999999999941
"2018","MED","ELC","S15","ATX",0.0743999999999941
"2018","MED","ELC","S16","ATX",0.0743999999999941
"2018","MED","ELC","S17","ATX",0.0743999999999941
"2018","MED","ELC","S18","ATX",0.0743999999999941
"2018","MED","ELC","S19","ATX",0.0743999999999941
"2018","MED","ELC","S20","ATX",0.0743999999999941
"2018","MED","ELC","S21","ATX",0.0743999999999941
"2018","MED","ELC","S22","ATX",0.0743999999999941
"2018","MED","ELC","S23","ATX",0.0743999999999941
"2018","MED","ELC","S24","ATX",0.0743999999999941
"2018","HI","ELC","W1","ATX",0.0711999999999943
"2018","HI","ELC","W2","ATX",0.0711999999999943
"2018","HI","ELC","W3","ATX",0.0711999999999943
"2018","HI","ELC","W4","ATX",0.0711999999999943
"2018","HI","ELC","W5","ATX",0.0711999999999943
"2018","HI","ELC","W6","ATX",0.0711999999999943
"2018","HI","ELC","W7","ATX",0.0711999999999943
"2018","HI","ELC","W8","ATX",0.0711999999999943
"2018","HI","ELC","W9","ATX",0.0711999999999943
"2018","HI","ELC","W10","ATX",0.0711999999999943
"2018","HI","ELC","W11","ATX",0.0711999999999943
"2018","HI","ELC","W12","ATX",0.0711999999999943
"2018","HI","ELC","W13","ATX",0.0711999999999943
"2018","HI","ELC","W14","ATX",0.0711999999999943
"2018","HI","ELC","W15","ATX",0.0711999999999943
"2018","HI","ELC","W16","ATX",0.0711999999999943
"2018","HI","ELC","W17","ATX",0.0711999999999943
"2018","HI","ELC","W18","ATX",0.0711999999999943
"2018","HI","ELC","W19","ATX",0.0711999999999943
"2018","HI","ELC","W20","ATX",0.0711999999999943
"2018","HI","ELC","W21","ATX",0.0711999999999943
"2018","HI","ELC","W22","ATX",0.0711999999999943
"2018","HI","ELC","W23","ATX",0.0711999999999943
"2018","HI","ELC","W24","ATX",0.0711999999999943
"2018","HI","ELC","SF1","ATX",0.146399999999988
"2018","HI","ELC","SF2","ATX",0.146399999999988
"2018","HI","ELC","SF3","ATX",0.146399999999988
"2018","HI","ELC","SF4","ATX",0.146399999999988
"2018","HI","ELC","SF5","ATX",0.146399999999988
"2018","HI","ELC","SF6","ATX",0.146399999999988
"2018","HI","ELC","SF7","ATX",0.146399999999988
"2018","HI","ELC","SF8","ATX",0.146399999999988
"2018","HI","ELC","SF9","ATX",0.146399999999988
"2018","HI","ELC","SF10","ATX",0.146399999999988
"2018","HI","ELC","SF11","ATX",0.146399999999988
"2018","HI","ELC","SF12","ATX",0.146399999999988
"2018","HI","ELC","SF13","ATX",0.146399999999988
"2018","HI","ELC","SF14","ATX",0.146399999999988
"2018","HI","ELC","SF15","ATX",0.146399999999988
"2018","HI","ELC","SF16","ATX",0.146399999999988
"2018","HI","ELC","SF17","ATX",0.146399999999988
"2018","HI","ELC","SF18","ATX",0.146399999999988
"2018","HI","ELC","SF19","ATX",0.146399999999988
"2018","HI","ELC","SF20","ATX",0.146399999999988
"2018","HI","ELC","SF21","ATX",0.146399999999988
"2018","HI","ELC","SF22","ATX",0.146399999999988
"2018","HI","ELC","SF23","ATX",0.146399999999988
"2018","HI","ELC","SF24","ATX",0.146399999999988
"2018","HI","ELC","S1","ATX",0.0743999999999941
"2018","HI","ELC","S2","ATX",0.0743999999999941
"2018","HI","ELC","S3","ATX",0.0743999999999941
"2018","HI","ELC","S4","ATX",0.0743999999999941
"2018","HI","ELC","S5","ATX",0.0743999999999941
"2018","HI","ELC","S6","ATX",0.0743999999999941
"2018","HI","ELC","S7","ATX",0.0743999999999941
"2018","HI","ELC","S8","ATX",0.0743999999999941
"2018","HI","ELC","S9","ATX",0.0743999999999941
"2018","HI","ELC","S10","ATX",0.0743999999999941
"2018","HI","ELC","S11","ATX",0.0743999999999941
"2018","HI","ELC","S12","ATX",0.0743999999999941
"2018","HI","ELC","S13","ATX",0.0743999999999941
"2018","HI","ELC","S14","ATX",0.0743999999999941
"2018","HI","ELC","S15","ATX",0.0743999999999941
"2018","HI","ELC","S16","ATX",0.0743999999999941
"2018","HI","ELC","S17","ATX",0.0743999999999941
"2018","HI","ELC","S18","ATX",0.0743999999999941
"2018","HI","ELC","S19","ATX",0.0743999999999941
"2018","HI","ELC","S20","ATX",0.0743999999999941
"2018","HI","ELC","S21","ATX",0.0743999999999941
"2018","HI","ELC","S22","ATX",0.0743999999999941
"2018","HI","ELC","S23","ATX",0.0743999999999941
"2018","HI","ELC","S24","ATX",0.0743999999999941
"2019","LO","ELC","W1","ATX",0.0729799999999941
"2019","LO","ELC","W2","ATX",0.0729799999999941
"2019","LO","ELC","W3","ATX",0.0729799999999941
"2019","LO","ELC","W4","ATX",0.0729799999999941
"2019","LO","ELC","W5","ATX",0.0729799999999941
"2019","LO","ELC","W6","ATX",0.0729799999999941
"2019","LO","ELC","W7","ATX",0.0729799999999941
"2019","LO","ELC","W8","ATX",0.0729799999999941
"2019","LO","ELC","W9","ATX",0.0729799999999941
"2019","LO","ELC","W10","ATX",0.0729799999999941
"2019","LO","ELC","W11","ATX",0.0729799999999941
"2019","LO","ELC","W12","ATX",0.0729799999999941
"2019","LO","ELC","W13","ATX",0.0729799999999941
"2019","LO","ELC","W14","ATX",0.0729799999999941
"2019","LO","ELC","W15","ATX",0.0729799999999941
"2019","LO","ELC","W16","ATX",0.0729799999999941
"2019","LO","ELC","W17","ATX",0.0729799999999941
"2019","LO","ELC","W18","ATX",0.0729799999999941
"2019","LO","ELC","W19","ATX",0.0729799999999941
"2019","LO","ELC","W20","ATX",0.0729799999999941
"2019","LO","ELC","W21","ATX",0.0729799999999941
"2019","LO","ELC","W22","ATX",0.0729799999999941
"2019","LO","ELC","W23","ATX",0.0729799999999941
"2019","LO","ELC","W24","ATX",0.0729799999999941
"2019","LO","ELC","SF1","ATX",0.150059999999988
"2019","LO","ELC","SF2","ATX",0.150059999999988
"2019","LO","ELC","SF3","ATX",0.150059999999988
"2019","LO","ELC","SF4","ATX",0.150059999999988
"2019","LO","ELC","SF5","ATX",0.150059999999988
"2019","LO","ELC","SF6","ATX",0.150059999999988
"2019","LO","ELC","SF7","ATX",0.150059999999988
"2019","LO","ELC","SF8","ATX",0.150059999999988
"2019","LO","ELC","SF9","ATX",0.150059999999988
"2019","LO","ELC","SF10","ATX",0.150059999999988
"2019","LO","ELC","SF11","ATX",0.150059999999988
"2019","LO","ELC","SF12","ATX",0.150059999999988
"2019","LO","ELC","SF13","ATX",0.150059999999988
"2019","LO","ELC","SF14","ATX",0.150059999999988
"2019","LO","ELC","SF15","ATX",0.150059999999988
"2019","LO","ELC","SF16","ATX",0.150059999999988
"2019","LO","ELC","SF17","ATX",0.150059999999988
"2019","LO","ELC","SF18","ATX",0.150059999999988
"2019","LO","ELC","SF19","ATX",0.150059999999988
"2019","LO","ELC","SF20","ATX",0.150059999999988
"2019","LO","ELC","SF21","ATX",0.150059999999988
"2019","LO","ELC","SF22","ATX",0.150059999999988
"2019","LO","ELC","SF23","ATX",0.150059999999988
"2019","LO","ELC","SF24","ATX",0.150059999999988
"2019","LO","ELC","S1","ATX",0.0762599999999939
"2019","LO","ELC","S2","ATX",0.0762599999999939
"2019","LO","ELC","S3","ATX",0.0762599999999939
"2019","LO","ELC","S4","ATX",0.0762599999999939
"2019","LO","ELC","S5","ATX",0.0762599999999939
"2019","LO","ELC","S6","ATX",0.0762599999999939
"2019","LO","ELC","S7","ATX",0.0762599999999939
"2019","LO","ELC","S8","ATX",0.0762599999999939
"2019","LO","ELC","S9","ATX",0.0762599999999939
"2019","LO","ELC","S10","ATX",0.0762599999999939
"2019","LO","ELC","S11","ATX",0.0762599999999939
"2019","LO","ELC","S12","ATX",0.0762599999999939
"2019","LO","ELC","S13","ATX",0.0762599999999939
"2019","LO","ELC","S14","ATX",0.0762599999999939
"2019","LO","ELC","S15","ATX",0.0762599999999939
"2019","LO","ELC","S16","ATX",0.0762599999999939
"2019","LO","ELC","S17","ATX",0.0762599999999939
"2019","LO","ELC","S18","ATX",0.0762599999999939
"2019","LO","ELC","S19","ATX",0.0762599999999939
"2019","LO","ELC","S20","ATX",0.0762599999999939
"2019","LO","ELC","S21","ATX",0.0762599999999939
"2019","LO","ELC","S22","ATX",0.0762599999999939
"2019","LO","ELC","S23","ATX",0.0762599999999939
"2019","LO","ELC","S24","ATX",0.0762599999999939
"2019","MED","ELC","W1","ATX",0.0729799999999941
"2019","MED","ELC","W2","ATX",0.0729799999999941
"2019","MED","ELC","W3","ATX",0.0729799999999941
"2019","MED","ELC","W4","ATX",0.0729799999999941
"2019","MED","ELC","W5","ATX",0.0729799999999941
"2019","MED","ELC","W6","ATX",0.0729799999999941
"2019","MED","ELC","W7","ATX",0.0729799999999941
"2019","MED","ELC","W8","ATX",0.0729799999999941
"2019","MED","ELC","W9","ATX",0.0729799999999941
"2019","MED","ELC","W10","ATX",0.0729799999999941
"2019","MED","ELC","W11","ATX",0.0729799999999941
"2019","MED","ELC","W12","ATX",0.0729799999999941
"2019","MED","ELC","W13","ATX",0.0729799999999941
"2019","MED","ELC","W14","ATX",0.0729799999999941
"2019","MED","ELC","W15","ATX",0.0729799999999941
"2019","MED","ELC","W16","ATX",0.0729799999999941
"2019","MED","ELC","W17","ATX",0.0729799999999941
"2019","MED","ELC","W18","ATX",0.0729799999999941
"2019","MED","ELC","W19","ATX",0.0729799999999941
"2019","MED","ELC","W20","ATX",0.0729799999999941
"2019","MED","ELC","W21","ATX",0.0729799999999941
"2019","MED","ELC","W22","ATX",0.0729799999999941
"2019","MED","ELC","W23","ATX",0.0729799999999941
"2019","MED","ELC","W24","ATX",0.0729799999999941
"2019","MED","ELC","SF1","ATX",0.150059999999988
"2019","MED","ELC","SF2","ATX",0.150059999999988
"2019","MED","ELC","SF3","ATX",0.150059999999988
"2019","MED","ELC","SF4","ATX",0.150059999999988
"2019","MED","ELC","SF5","ATX",0.150059999999988
"2019","MED","ELC","SF6","ATX",0.150059999999988
"2019","MED","ELC","SF7","ATX",0.150059999999988
"2019","MED","ELC","SF8","ATX",0.150059999999988
"2019","MED","ELC","SF9","ATX",0.150059999999988
"2019","MED","ELC","SF10","ATX",0.150059999999988
"2019","MED","ELC","SF11","ATX",0.150059999999988
"2019","MED","ELC","SF12","ATX",0.150059999999988
"2019","MED","ELC","SF13","ATX",0.150059999999988
"2019","MED","ELC","SF14","ATX",0.150059999999988
"2019","MED","ELC","SF15","ATX",0.150059999999988
"2019","MED","ELC","SF16","ATX",0.150059999999988
"2019","MED","ELC","SF17","ATX",0.150059999999988
"2019","MED","ELC","SF18","ATX",0.150059999999988
"2019","MED","ELC","SF19","ATX",0.150059999999988
"2019","MED","ELC","SF20","ATX",0.150059999999988
"2019","MED","ELC","SF21","ATX",0.150059999999988
"2019","MED","ELC","SF22","ATX",0.150059999999988
"2019","MED","ELC","SF23","ATX",0.150059999999988
"2019","MED","ELC","SF24","ATX",0.150059999999988
"2019","MED","ELC","S1","ATX",0.0762599999999939
"2019","MED","ELC","S2","ATX",0.0762599999999939
"2019","MED","ELC","S3","ATX",0.0762599999999939
"2019","MED","ELC","S4","ATX",0.0762599999999939
"2019","MED","ELC","S5","ATX",0.0762599999999939
"2019","MED","ELC","S6","ATX",0.0762599999999939
"2019","MED","ELC","S7","ATX",0.0762599999999939
"2019","MED","ELC","S8","ATX",0.0762599999999939
"2019","MED","ELC","S9","ATX",0.0762599999999939
"2019","MED","ELC","S10","ATX",0.0762599999999939
"2019","MED","ELC","S11","ATX",0.0762599999999939
"2019","MED","ELC","S12","ATX",0.0762599999999939
"2019","MED","ELC","S13","ATX",0.0762599999999939
"2019","MED","ELC","S14","ATX",0.0762599999999939
"2019","MED","ELC","S15","ATX",0.0762599999999939
"2019","MED","ELC","S16","ATX",0.0762599999999939
"2019","MED","ELC","S17","ATX",0.0762599999999939
"2019","MED","ELC","S18","ATX",0.0762599999999939
"2019","MED","ELC","S19","ATX",0.0762599999999939
"2019","MED","ELC","S20","ATX",0.0762599999999939
"2019","MED","ELC","S21","ATX",0.0762599999999939
"2019","MED","ELC","S22","ATX",0.0762599999999939
"2019","MED","ELC","S23","ATX",0.0762599999999939
"2019","MED","ELC","S24","ATX",0.0762599999999939
"2019","HI","ELC","W1","ATX",0.0729799999999941
"2019","HI","ELC","W2","ATX",0.0729799999999941
"2019","HI","ELC","W3","ATX",0.0729799999999941
"2019","HI","ELC","W4","ATX",0.0729799999999941
"2019","HI","ELC","W5","ATX",0.0729799999999941
"2019","HI","ELC","W6","ATX",0.0729799999999941
"2019","HI","ELC","W7","ATX",0.0729799999999941
"2019","HI","ELC","W8","ATX",0.0729799999999941
"2019","HI","ELC","W9","ATX",0.0729799999999941
"2019","HI","ELC","W10","ATX",0.0729799999999941
"2019","HI","ELC","W11","ATX",0.0729799999999941
"2019","HI","ELC","W12","ATX",0.0729799999999941
"2019","HI","ELC","W13","ATX",0.0729799999999941
"2019","HI","ELC","W14","ATX",0.0729799999999941
"2019","HI","ELC","W15","ATX",0.0729799999999941
"2019","HI","ELC","W16","ATX",0.0729799999999941
"2019","HI","ELC","W17","ATX",0.0729799999999941
"2019","HI","ELC","W18","ATX",0.0729799999999941
"2019","HI","ELC","W19","ATX",0.0729799999999941
"2019","HI","ELC","W20","ATX",0.0729799999999941
"2019","HI","ELC","W21","ATX",0.0729799999999941
"2019","HI","ELC","W22","ATX",0.0729799999999941
"2019","HI","ELC","W23","ATX",0.0729799999999941
"2019","HI","ELC","W24","ATX",0.0729799999999941
"2019","HI","ELC","SF1","ATX",0.150059999999988
"2019","HI","ELC","SF2","ATX",0.150059999999988
"2019","HI","ELC","SF3","ATX",0.150059999999988
"2019","HI","ELC","SF4","ATX",0.150059999999988
"2019","HI","ELC","SF5","ATX",0.150059999999988
"2019","HI","ELC","SF6","ATX",0.150059999999988
"2019","HI","ELC","SF7","ATX",0.150059999999988
"2019","HI","ELC","SF8","ATX",0.150059999999988
"2019","HI","ELC","SF9","ATX",0.150059999999988
"2019","HI","ELC","SF10","ATX",0.150059999999988
"2019","HI","ELC","SF11","ATX",0.150059999999988
"2019","HI","ELC","SF12","ATX",0.150059999999988
"2019","HI","ELC","SF13","ATX",0.150059999999988
"2019","HI","ELC","SF14","ATX",0.150059999999988
"2019","HI","ELC","SF15","ATX",0.150059999999988
"2019","HI","ELC","SF16","ATX",0.150059999999988
"2019","HI","ELC","SF17","ATX",0.150059999999988
"2019","HI","ELC","SF18","ATX",0.150059999999988
"2019","HI","ELC","SF19","ATX",0.150059999999988
"2019","HI","ELC","SF20","ATX",0.150059999999988
"2019","HI","ELC","SF21","ATX",0.150059999999988
"2019","HI","ELC","SF22","ATX",0.150059999999988
"2019","HI","ELC","SF23","ATX",0.150059999999988
"2019","HI","ELC","SF24","ATX",0.150059999999988
"2019","HI","ELC","S1","ATX",0.0762599999999939
"2019","HI","ELC","S2","ATX",0.0762599999999939
"2019","HI","ELC","S3","ATX",0.0762599999999939
"2019","HI","ELC","S4","ATX",0.0762599999999939
"2019","HI","ELC","S5","ATX",0.0762599999999939
"2019","HI","ELC","S6","ATX",0.0762599999999939
"2019","HI","ELC","S7","ATX",0.0762599999999939
"2019","HI","ELC","S8","ATX",0.0762599999999939
"2019","HI","ELC","S9","ATX",0.0762599999999939
"2019","HI","ELC","S10","ATX",0.0762599999999939
"2019","HI","ELC","S11","ATX",0.0762599999999939
"2019","HI","ELC","S12","ATX",0.0762599999999939
"2019","HI","ELC","S13","ATX",0.0762599999999939
"2019","HI","ELC","S14","ATX",0.0762599999999939
"2019","HI","ELC","S15","ATX",0.0762599999999939
"2019","HI","ELC","S16","ATX",0.0762599999999939
"2019","HI","ELC","S17","ATX",0.0762599999999939
"2019","HI","ELC","S18","ATX",0.0762599999999939
"2019","HI","ELC","S19","ATX",0.0762599999999939
"2019","HI","ELC","S20","ATX",0.0762599999999939
"2019","HI","ELC","S21","ATX",0.0762599999999939
"2019","HI","ELC","S22","ATX",0.0762599999999939
"2019","HI","ELC","S23","ATX",0.0762599999999939
"2019","HI","ELC","S24","ATX",0.0762599999999939
"2020","LO","ELC","W1","ATX",0.074759999999994
"2020","LO","ELC","W2","ATX",0.074759999999994
"2020","LO","ELC","W3","ATX",0.074759999999994
"2020","LO","ELC","W4","ATX",0.074759999999994
"2020","LO","ELC","W5","ATX",0.074759999999994
"2020","LO","ELC","W6","ATX",0.074759999999994
"2020","LO","ELC","W7","ATX",0.074759999999994
"2020","LO","ELC","W8","ATX",0.074759999999994
"2020","LO","ELC","W9","ATX",0.074759999999994
"2020","LO","ELC","W10","ATX",0.074759999999994
"2020","LO","ELC","W11","ATX",0.074759999999994
"2020","LO","ELC","W12","ATX",0.074759999999994
"2020","LO","ELC","W13","ATX",0.074759999999994
"2020","LO","ELC","W14","ATX",0.074759999999994
"2020","LO","ELC","W15","ATX",0.074759999999994
"2020","LO","ELC","W16","ATX",0.074759999999994
"2020","LO","ELC","W17","ATX",0.074759999999994
"2020","LO","ELC","W18","ATX",0.074759999999994
"2020","LO","ELC","W19","ATX",0.074759999999994
"2020","LO","ELC","W20","ATX",0.074759999999994
"2020","LO","ELC","W21","ATX",0.074759999999994
"2020","LO","ELC","W22","ATX",0.074759999999994
"2020","LO","ELC","W23","ATX",0.074759999999994
"2020","LO","ELC","W24","ATX",0.074759999999994
"2020","LO","ELC","SF1","ATX",0.153719999999988
"2020","LO","ELC","SF2","ATX",0.153719999999988
"2020","LO","ELC","SF3","ATX",0.153719999999988
"2020","LO","ELC","SF4","ATX",0.153719999999988
"2020","LO","ELC","SF5","ATX",0.153719999999988
"2020","LO","ELC","SF6","ATX",0.153719999999988
"2020","LO","ELC","SF7","ATX",0.153719999999988
"2020","LO","ELC","SF8","ATX",0.153719999999988
"2020","LO","ELC","SF9","ATX",0.153719999999988
"2020","LO","ELC","SF10","ATX",0.153719999999988
"2020","LO","ELC","SF11","ATX",0.153719999999988
"2020","LO","ELC","SF12","ATX",0.153719999999988
"2020","LO","ELC","SF13","ATX",0.153719999999988
"2020","LO","ELC","SF14","ATX",0.153719999999988
"2020","LO","ELC","SF15","ATX",0.153719999999988
"2020","LO","ELC","SF16","ATX",0.153719999999988
"2020","LO","ELC","SF17","ATX",0.153719999999988
"2020","LO","ELC","SF18","ATX",0.153719999999988
"2020","LO","ELC","SF19","ATX",0.153719999999988
"2020","LO","ELC","SF20","ATX",0.153719999999988
"2020","LO","ELC","SF21","ATX",0.153719999999988
"2020","LO","ELC","SF22","ATX",0.153719999999988
"2020","LO","ELC","SF23","ATX",0.153719999999988
"2020","LO","ELC","SF24","ATX",0.153719999999988
"2020","LO","ELC","S1","ATX",0.0781199999999938
"2020","LO","ELC","S2","ATX",0.0781199999999938
"2020","LO","ELC","S3","ATX",0.0781199999999938
"2020","LO","ELC","S4","ATX",0.0781199999999938
"2020","LO","ELC","S5","ATX",0.0781199999999938
"2020","LO","ELC","S6","ATX",0.0781199999999938
"2020","LO","ELC","S7","ATX",0.0781199999999938
"2020","LO","ELC","S8","ATX",0.0781199999999938
"2020","LO","ELC","S9","ATX",0.0781199999999938
"2020","LO","ELC","S10","ATX",0.0781199999999938
"2020","LO","ELC","S11","ATX",0.0781199999999938
"2020","LO","ELC","S12","ATX",0.0781199999999938
"2020","LO","ELC","S13","ATX",0.0781199999999938
"2020","LO","ELC","S14","ATX",0.0781199999999938
"2020","LO","ELC","S15","ATX",0.0781199999999938
"2020","LO","ELC","S16","ATX",0.0781199999999938
"2020","LO","ELC","S17","ATX",0.0781199999999938
"2020","LO","ELC","S18","ATX",0.0781199999999938
"2020","LO","ELC","S19","ATX",0.0781199999999938
"2020","LO","ELC","S20","ATX",0.0781199999999938
"2020","LO","ELC","S21","ATX",0.0781199999999938
"2020","LO","ELC","S22","ATX",0.0781199999999938
"2020","LO","ELC","S23","ATX",0.0781199999999938
"2020","LO","ELC","S24","ATX",0.0781199999999938
"2020","MED","ELC","W1","ATX",0.074759999999994
"2020","MED","ELC","W2","ATX",0.074759999999994
"2020","MED","ELC","W3","ATX",0.074759999999994
"2020","MED","ELC","W4","ATX",0.074759999999994
"2020","MED","ELC","W5","ATX",0.074759999999994
"2020","MED","ELC","W6","ATX",0.074759999999994
"2020","MED","ELC","W7","ATX",0.074759999999994
"2020","MED","ELC","W8","ATX",0.074759999999994
"2020","MED","ELC","W9","ATX",0.074759999999994
"2020","MED","ELC","W10","ATX",0.074759999999994
"2020","MED","ELC","W11","ATX",0.074759999999994
"2020","MED","ELC","W12","ATX",0.074759999999994
"2020","MED","ELC","W13","ATX",0.074759999999994
"2020","MED","ELC","W14","ATX",0.074759999999994
"2020","MED","ELC","W15","ATX",0.074759999999994
"2020","MED","ELC","W16","ATX",0.074759999999994
"2020","MED","ELC","W17","ATX",0.074759999999994
"2020","MED","ELC","W18","ATX",0.074759999999994
"2020","MED","ELC","W19","ATX",0.074759999999994
"2020","MED","ELC","W20","ATX",0.074759999999994
"2020","MED","ELC","W21","ATX",0.074759999999994
"2020","MED","ELC","W22","ATX",0.074759999999994
"2020","MED","ELC","W23","ATX",0.074759999999994
"2020","MED","ELC","W24","ATX",0.074759999999994
"2020","MED","ELC","SF1","ATX",0.153719999999988
"2020","MED","ELC","SF2","ATX",0.153719999999988
"2020","MED","ELC","SF3","ATX",0.153719999999988
"2020","MED","ELC","SF4","ATX",0.153719999999988
"2020","MED","ELC","SF5","ATX",0.153719999999988
"2020","MED","ELC","SF6","ATX",0.153719999999988
"2020","MED","ELC","SF7","ATX",0.153719999999988
"2020","MED","ELC","SF8","ATX",0.153719999999988
"2020","MED","ELC","SF9","ATX",0.153719999999988
"2020","MED","ELC","SF10","ATX",0.153719999999988
"2020","MED","ELC","SF11","ATX",0.153719999999988
"2020","MED","ELC","SF12","ATX",0.153719999999988
"2020","MED","ELC","SF13","ATX",0.153719999999988
"2020","MED","ELC","SF14","ATX",0.153719999999988
"2020","MED","ELC","SF15","ATX",0.153719999999988
"2020","MED","ELC","SF16","ATX",0.153719999999988
"2020","MED","ELC","SF17","ATX",0.153719999999988
"2020","MED","ELC","SF18","ATX",0.153719999999988
"2020","MED","ELC","SF19","ATX",0.153719999999988
"2020","MED","ELC","SF20","ATX",0.153719999999988
"2020","MED","ELC","SF21","ATX",0.153719999999988
"2020","MED","ELC","SF22","ATX",0.153719999999988
"2020","MED","ELC","SF23","ATX",0.153719999999988
"2020","MED","ELC","SF24","ATX",0.153719999999988
"2020","MED","ELC","S1","ATX",0.0781199999999938
"2020","MED","ELC","S2","ATX",0.0781199999999938
"2020","MED","ELC","S3","ATX",0.0781199999999938
"2020","MED","ELC","S4","ATX",0.0781199999999938
"2020","MED","ELC","S5","ATX",0.0781199999999938
"2020","MED","ELC","S6","ATX",0.0781199999999938
"2020","MED","ELC","S7","ATX",0.0781199999999938
"2020","MED","ELC","S8","ATX",0.0781199999999938
"2020","MED","ELC","S9","ATX",0.0781199999999938
"2020","MED","ELC","S10","ATX",0.0781199999999938
"2020","MED","ELC","S11","ATX",0.0781199999999938
"2020","MED","ELC","S12","ATX",0.0781199999999938
"2020","MED","ELC","S13","ATX",0.0781199999999938
"2020","MED","ELC","S14","ATX",0.0781199999999938
"2020","MED","ELC","S15","ATX",0.0781199999999938
"2020","MED","ELC","S16","ATX",0.0781199999999938
"2020","MED","ELC","S17","ATX",0.0781199999999938
"2020","MED","ELC","S18","ATX",0.0781199999999938
"2020","MED","ELC","S19","ATX",0.0781199999999938
"2020","MED","ELC","S20","ATX",0.0781199999999938
"2020","MED","ELC","S21","ATX",0.0781199999999938
"2020","MED","ELC","S22","ATX",0.0781199999999938
"2020","MED","ELC","S23","ATX",0.0781199999999938
"2020","MED","ELC","S24","ATX",0.0781199999999938
"2020","HI","ELC","W1","ATX",0.074759999999994
"2020","HI","ELC","W2","ATX",0.074759999999994
"2020","HI","ELC","W3","ATX",0.074759999999994
"2020","HI","ELC","W4","ATX",0.074759999999994
"2020","HI","ELC","W5","ATX",0.074759999999994
"2020","HI","ELC","W6","ATX",0.074759999999994
"2020","HI","ELC","W7","ATX",0.074759999999994
"2020","HI","ELC","W8","ATX",0.074759999999994
"2020","HI","ELC","W9","ATX",0.074759999999994
"2020","HI","ELC","W10","ATX",0.074759999999994
"2020","HI","ELC","W11","ATX",0.074759999999994
"2020","HI","ELC","W12","ATX",0.074759999999994
"2020","HI","ELC","W13","ATX",0.074759999999994
"2020","HI","ELC","W14","ATX",0.074759999999994
"2020","HI","ELC","W15","ATX",0.074759999999994
"2020","HI","ELC","W16","ATX",0.074759999999994
"2020","HI","ELC","W17","ATX",0.074759999999994
"2020","HI","ELC","W18","ATX",0.074759999999994
"2020","HI","ELC","W19","ATX",0.074759999999994
"2020","HI","ELC","W20","ATX",0.074759999999994
"2020","HI","ELC","W21","ATX",0.074759999999994
"2020","HI","ELC","W22","ATX",0.074759999999994
"2020","HI","ELC","W23","ATX",0.074759999999994
"2020","HI","ELC","W24","ATX",0.074759999999994
"2020","HI","ELC","SF1","ATX",0.153719999999988
"2020","HI","ELC","SF2","ATX",0.153719999999988
"2020","HI","ELC","SF3","ATX",0.153719999999988
"2020","HI","ELC","SF4","ATX",0.153719999999988
"2020","HI","ELC","SF5","ATX",0.153719999999988
"2020","HI","ELC","SF6","ATX",0.153719999999988
"2020","HI","ELC","SF7","ATX",0.153719999999988
"2020","HI","ELC","SF8","ATX",0.153719999999988
"2020","HI","ELC","SF9","ATX",0.153719999999988
"2020","HI","ELC","SF10","ATX",0.153719999999988
"2020","HI","ELC","SF11","ATX",0.153719999999988
"2020","HI","ELC","SF12","ATX",0.153719999999988
"2020","HI","ELC","SF13","ATX",0.153719999999988
"2020","HI","ELC","SF14","ATX",0.153719999999988
"2020","HI","ELC","SF15","ATX",0.153719999999988
"2020","HI","ELC","SF16","ATX",0.153719999999988
"2020","HI","ELC","SF17","ATX",0.153719999999988
"2020","HI","ELC","SF18","ATX",0.153719999999988
"2020","HI","ELC","SF19","ATX",0.153719999999988
"2020","HI","ELC","SF20","ATX",0.153719999999988
"2020","HI","ELC","SF21","ATX",0.153719999999988
"2020","HI","ELC","SF22","ATX",0.153719999999988
"2020","HI","ELC","SF23","ATX",0.153719999999988
"2020","HI","ELC","SF24","ATX",0.153719999999988
"2020","HI","ELC","S1","ATX",0.0781199999999938
"2020","HI","ELC","S2","ATX",0.0781199999999938
"2020","HI","ELC","S3","ATX",0.0781199999999938
"2020","HI","ELC","S4","ATX",0.0781199999999938
"2020","HI","ELC","S5","ATX",0.0781199999999938
"2020","HI","ELC","S6","ATX",0.0781199999999938
"2020","HI","ELC","S7","ATX",0.0781199999999938
"2020","HI","ELC","S8","ATX",0.0781199999999938
"2020","HI","ELC","S9","ATX",0.0781199999999938
"2020","HI","ELC","S10","ATX",0.0781199999999938
"2020","HI","ELC","S11","ATX",0.0781199999999938
"2020","HI","ELC","S12","ATX",0.0781199999999938
"2020","HI","ELC","S13","ATX",0.0781199999999938
"2020","HI","ELC","S14","ATX",0.0781199999999938
"2020","HI","ELC","S15","ATX",0.0781199999999938
"2020","HI","ELC","S16","ATX",0.0781199999999938
"2020","HI","ELC","S17","ATX",0.0781199999999938
"2020","HI","ELC","S18","ATX",0.0781199999999938
"2020","HI","ELC","S19","ATX",0.0781199999999938
"2020","HI","ELC","S20","ATX",0.0781199999999938
"2020","HI","ELC","S21","ATX",0.0781199999999938
"2020","HI","ELC","S22","ATX",0.0781199999999938
"2020","HI","ELC","S23","ATX",0.0781199999999938
"2020","HI","ELC","S24","ATX",0.0781199999999938
"2021","LO","ELC","W1","ATX",0.0765399999999939
"2021","LO","ELC","W2","ATX",0.0765399999999939
"2021","LO","ELC","W3","ATX",0.0765399999999939
"2021","LO","ELC","W4","ATX",0.0765399999999939
"2021","LO","ELC","W5","ATX",0.0765399999999939
"2021","LO","ELC","W6","ATX",0.0765399999999939
"2021","LO","ELC","W7","ATX",0.0765399999999939
"2021","LO","ELC","W8","ATX",0.0765399999999939
"2021","LO","ELC","W9","ATX",0.0765399999999939
"2021","LO","ELC","W10","ATX",0.0765399999999939
"2021","LO","ELC","W11","ATX",0.0765399999999939
"2021","LO","ELC","W12","ATX",0.0765399999999939
"2021","LO","ELC","W13","ATX",0.0765399999999939
"2021","LO","ELC","W14","ATX",0.0765399999999939
"2021","LO","ELC","W15","ATX",0.0765399999999939
"2021","LO","ELC","W16","ATX",0.0765399999999939
"2021","LO","ELC","W17","ATX",0.0765399999999939
"2021","LO","ELC","W18","ATX",0.0765399999999939
"2021","LO","ELC","W19","ATX",0.0765399999999939
"2021","LO","ELC","W20","ATX",0.0765399999999939
"2021","LO","ELC","W21","ATX",0.0765399999999939
"2021","LO","ELC","W22","ATX",0.0765399999999939
"2021","LO","ELC","W23","ATX",0.0765399999999939
"2021","LO","ELC","W24","ATX",0.0765399999999939
"2021","LO","ELC","SF1","ATX",0.157379999999987
"2021","LO","ELC","SF2","ATX",0.157379999999987
"2021","LO","ELC","SF3","ATX",0.157379999999987
"2021","LO","ELC","SF4","ATX",0.157379999999987
"2021","LO","ELC","SF5","ATX",0.157379999999987
"2021","LO","ELC","SF6","ATX",0.157379999999987
"2021","LO","ELC","SF7","ATX",0.157379999999987
"2021","LO","ELC","SF8","ATX",0.157379999999987
"2021","LO","ELC","SF9","ATX",0.157379999999987
"2021","LO","ELC","SF10","ATX",0.157379999999987
"2021","LO","ELC","SF11","ATX",0.157379999999987
"2021","LO","ELC","SF12","ATX",0.157379999999987
"2021","LO","ELC","SF13","ATX",0.157379999999987
"2021","LO","ELC","SF14","ATX",0.157379999999987
"2021","LO","ELC","SF15","ATX",0.157379999999987
"2021","LO","ELC","SF16","ATX",0.157379999999987
"2021","LO","ELC","SF17","ATX",0.157379999999987
"2021","LO","ELC","SF18","ATX",0.157379999999987
"2021","LO","ELC","SF19","ATX",0.157379999999987
"2021","LO","ELC","SF20","ATX",0.157379999999987
"2021","LO","ELC","SF21","ATX",0.157379999999987
"2021","LO","ELC","SF22","ATX",0.157379999999987
"2021","LO","ELC","SF23","ATX",0.157379999999987
"2021","LO","ELC","SF24","ATX",0.157379999999987
"2021","LO","ELC","S1","ATX",0.0799799999999936
"2021","LO","ELC","S2","ATX",0.0799799999999936
"2021","LO","ELC","S3","ATX",0.0799799999999936
"2021","LO","ELC","S4","ATX",0.0799799999999936
"2021","LO","ELC","S5","ATX",0.0799799999999936
"2021","LO","ELC","S6","ATX",0.0799799999999936
"2021","LO","ELC","S7","ATX",0.0799799999999936
"2021","LO","ELC","S8","ATX",0.0799799999999936
"2021","LO","ELC","S9","ATX",0.0799799999999936
"2021","LO","ELC","S10","ATX",0.0799799999999936
"2021","LO","ELC","S11","ATX",0.0799799999999936
"2021","LO","ELC","S12","ATX",0.0799799999999936
"2021","LO","ELC","S13","ATX",0.0799799999999936
"2021","LO","ELC","S14","ATX",0.0799799999999936
"2021","LO","ELC","S15","ATX",0.0799799999999936
"2021","LO","ELC","S16","ATX",0.0799799999999936
"2021","LO","ELC","S17","ATX",0.0799799999999936
"2021","LO","ELC","S18","ATX",0.0799799999999936
"2021","LO","ELC","S19","ATX",0.0799799999999936
"2021","LO","ELC","S20","ATX",0.0799799999999936
"2021","LO","ELC","S21","ATX",0.0799799999999936
"2021","LO","ELC","S22","ATX",0.0799799999999936
"2021","LO","ELC","S23","ATX",0.0799799999999936
"2021","LO","ELC","S24","ATX",0.0799799999999936
"2021","MED","ELC","W1","ATX",0.0765399999999939
"2021","MED","ELC","W2","ATX",0.0765399999999939
"2021","MED","ELC","W3","ATX",0.0765399999999939
"2021","MED","ELC","W4","ATX",0.0765399999999939
"2021","MED","ELC","W5","ATX",0.0765399999999939
"2021","MED","ELC","W6","ATX",0.0765399999999939
"2021","MED","ELC","W7","ATX",0.0765399999999939
"2021","MED","ELC","W8","ATX",0.0765399999999939
"2021","MED","ELC","W9","ATX",0.0765399999999939
"2021","MED","ELC","W10","ATX",0.0765399999999939
"2021","MED","ELC","W11","ATX",0.0765399999999939
"2021","MED","ELC","W12","ATX",0.0765399999999939
"2021","MED","ELC","W13","ATX",0.0765399999999939
"2021","MED","ELC","W14","ATX",0.0765399999999939
"2021","MED","ELC","W15","ATX",0.0765399999999939
"2021","MED","ELC","W16","ATX",0.0765399999999939
"2021","MED","ELC","W17","ATX",0.0765399999999939
"2021","MED","ELC","W18","ATX",0.0765399999999939
"2021","MED","ELC","W19","ATX",0.0765399999999939
"2021","MED","ELC","W20","ATX",0.0765399999999939
"2021","MED","ELC","W21","ATX",0.0765399999999939
"2021","MED","ELC","W22","ATX",0.0765399999999939
"2021","MED","ELC","W23","ATX",0.0765399999999939
"2021","MED","ELC","W24","ATX",0.0765399999999939
"2021","MED","ELC","SF1","ATX",0.157379999999987
"2021","MED","ELC","SF2","ATX",0.157379999999987
"2021","MED","ELC","SF3","ATX",0.157379999999987
"2021","MED","ELC","SF4","ATX",0.157379999999987
"2021","MED","ELC","SF5","ATX",0.157379999999987
"2021","MED","ELC","SF6","ATX",0.157379999999987
"2021","MED","ELC","SF7","ATX",0.157379999999987
"2021","MED","ELC","SF8","ATX",0.157379999999987
"2021","MED","ELC","SF9","ATX",0.157379999999987
"2021","MED","ELC","SF10","ATX",0.157379999999987
"2021","MED","ELC","SF11","ATX",0.157379999999987
"2021","MED","ELC","SF12","ATX",0.157379999999987
"2021","MED","ELC","SF13","ATX",0.157379999999987
"2021","MED","ELC","SF14","ATX",0.157379999999987
"2021","MED","ELC","SF15","ATX",0.157379999999987
"2021","MED","ELC","SF16","ATX",0.157379999999987
"2021","MED","ELC","SF17","ATX",0.157379999999987
"2021","MED","ELC","SF18","ATX",0.157379999999987
"2021","MED","ELC","SF19","ATX",0.157379999999987
"2021","MED","ELC","SF20","ATX",0.157379999999987
"2021","MED","ELC","SF21","ATX",0.157379999999987
"2021","MED","ELC","SF22","ATX",0.157379999999987
"2021","MED","ELC","SF23","ATX",0.157379999999987
"2021","MED","ELC","SF24","ATX",0.157379999999987
"2021","MED","ELC","S1","ATX",0.0799799999999936
"2021","MED","ELC","S2","ATX",0.0799799999999936
"2021","MED","ELC","S3","ATX",0.0799799999999936
"2021","MED","ELC","S4","ATX",0.0799799999999936
"2021","MED","ELC","S5","ATX",0.0799799999999936
"2021","MED","ELC","S6","ATX",0.0799799999999936
"2021","MED","ELC","S7","ATX",0.0799799999999936
"2021","MED","ELC","S8","ATX",0.0799799999999936
"2021","MED","ELC","S9","ATX",0.0799799999999936
"2021","MED","ELC","S10","ATX",0.0799799999999936
"2021","MED","ELC","S11","ATX",0.0799799999999936
"2021","MED","ELC","S12","ATX",0.0799799999999936
"2021","MED","ELC","S13","ATX",0.0799799999999936
"2021","MED","ELC","S14","ATX",0.0799799999999936
"2021","MED","ELC","S15","ATX",0.0799799999999936
"2021","MED","ELC","S16","ATX",0.0799799999999936
"2021","MED","ELC","S17","ATX",0.0799799999999936
"2021","MED","ELC","S18","ATX",0.0799799999999936
"2021","MED","ELC","S19","ATX",0.0799799999999936
"2021","MED","ELC","S20","ATX",0.0799799999999936
"2021","MED","ELC","S21","ATX",0.0799799999999936
"2021","MED","ELC","S22","ATX",0.0799799999999936
"2021","MED","ELC","S23","ATX",0.0799799999999936
"2021","MED","ELC","S24","ATX",0.0799799999999936
"2021","HI","ELC","W1","ATX",0.0765399999999939
"2021","HI","ELC","W2","ATX",0.0765399999999939
"2021","HI","ELC","W3","ATX",0.0765399999999939
"2021","HI","ELC","W4","ATX",0.0765399999999939
"2021","HI","ELC","W5","ATX",0.0765399999999939
"2021","HI","ELC","W6","ATX",0.0765399999999939
"2021","HI","ELC","W7","ATX",0.0765399999999939
"2021","HI","ELC","W8","ATX",0.0765399999999939
"2021","HI","ELC","W9","ATX",0.0765399999999939
"2021","HI","ELC","W10","ATX",0.0765399999999939
"2021","HI","ELC","W11","ATX",0.0765399999999939
"2021","HI","ELC","W12","ATX",0.0765399999999939
"2021","HI","ELC","W13","ATX",0.0765399999999939
"2021","HI","ELC","W14","ATX",0.0765399999999939
"2021","HI","ELC","W15","ATX",0.0765399999999939
"2021","HI","ELC","W16","ATX",0.0765399999999939
"2021","HI","ELC","W17","ATX",0.0765399999999939
"2021","HI","ELC","W18","ATX",0.0765399999999939
"2021","HI","ELC","W19","ATX",0.0765399999999939
"2021","HI","ELC","W20","ATX",0.0765399999999939
"2021","HI","ELC","W21","ATX",0.0765399999999939
"2021","HI","ELC","W22","ATX",0.0765399999999939
"2021","HI","ELC","W23","ATX",0.0765399999999939
"2021","HI","ELC","W24","ATX",0.0765399999999939
"2021","HI","ELC","SF1","ATX",0.157379999999987
"2021","HI","ELC","SF2","ATX",0.157379999999987
"2021","HI","ELC","SF3","ATX",0.157379999999987
"2021","HI","ELC","SF4","ATX",0.157379999999987
"2021","HI","ELC","SF5","ATX",0.157379999999987
"2021","HI","ELC","SF6","ATX",0.157379999999987
"2021","HI","ELC","SF7","ATX",0.157379999999987
"2021","HI","ELC","SF8","ATX",0.157379999999987
"2021","HI","ELC","SF9","ATX",0.157379999999987
"2021","HI","ELC","SF10","ATX",0.157379999999987
"2021","HI","ELC","SF11","ATX",0.157379999999987
"2021","HI","ELC","SF12","ATX",0.157379999999987
"2021","HI","ELC","SF13","ATX",0.157379999999987
"2021","HI","ELC","SF14","ATX",0.157379999999987
"2021","HI","ELC","SF15","ATX",0.157379999999987
"2021","HI","ELC","SF16","ATX",0.157379999999987
"2021","HI","ELC","SF17","ATX",0.157379999999987
"2021","HI","ELC","SF18","ATX",0.157379999999987
"2021","HI","ELC","SF19","ATX",0.157379999999987
"2021","HI","ELC","SF20","ATX",0.157379999999987
"2021","HI","ELC","SF21","ATX",0.157379999999987
"2021","HI","ELC","SF22","ATX",0.157379999999987
"2021","HI","ELC","SF23","ATX",0.157379999999987
"2021","HI","ELC","SF24","ATX",0.157379999999987
"2021","HI","ELC","S1","ATX",0.0799799999999936
"2021","HI","ELC","S2","ATX",0.0799799999999936
"2021","HI","ELC","S3","ATX",0.0799799999999936
"2021","HI","ELC","S4","ATX",0.0799799999999936
"2021","HI","ELC","S5","ATX",0.0799799999999936
"2021","HI","ELC","S6","ATX",0.0799799999999936
"2021","HI","ELC","S7","ATX",0.0799799999999936
"2021","HI","ELC","S8","ATX",0.0799799999999936
"2021","HI","ELC","S9","ATX",0.0799799999999936
"2021","HI","ELC","S10","ATX",0.0799799999999936
"2021","HI","ELC","S11","ATX",0.0799799999999936
"2021","HI","ELC","S12","ATX",0.0799799999999936
"2021","HI","ELC","S13","ATX",0.0799799999999936
"2021","HI","ELC","S14","ATX",0.0799799999999936
"2021","HI","ELC","S15","ATX",0.0799799999999936
"2021","HI","ELC","S16","ATX",0.0799799999999936
"2021","HI","ELC","S17","ATX",0.0799799999999936
"2021","HI","ELC","S18","ATX",0.0799799999999936
"2021","HI","ELC","S19","ATX",0.0799799999999936
"2021","HI","ELC","S20","ATX",0.0799799999999936
"2021","HI","ELC","S21","ATX",0.0799799999999936
"2021","HI","ELC","S22","ATX",0.0799799999999936
"2021","HI","ELC","S23","ATX",0.0799799999999936
"2021","HI","ELC","S24","ATX",0.0799799999999936
"2022","LO","ELC","W1","ATX",0.0783199999999937
"2022","LO","ELC","W2","ATX",0.0783199999999937
"2022","LO","ELC","W3","ATX",0.0783199999999937
"2022","LO","ELC","W4","ATX",0.0783199999999937
"2022","LO","ELC","W5","ATX",0.0783199999999937
"2022","LO","ELC","W6","ATX",0.0783199999999937
"2022","LO","ELC","W7","ATX",0.0783199999999937
"2022","LO","ELC","W8","ATX",0.0783199999999937
"2022","LO","ELC","W9","ATX",0.0783199999999937
"2022","LO","ELC","W10","ATX",0.0783199999999937
"2022","LO","ELC","W11","ATX",0.0783199999999937
"2022","LO","ELC","W12","ATX",0.0783199999999937
"2022","LO","ELC","W13","ATX",0.0783199999999937
"2022","LO","ELC","W14","ATX",0.0783199999999937
"2022","LO","ELC","W15","ATX",0.0783199999999937
"2022","LO","ELC","W16","ATX",0.0783199999999937
"2022","LO","ELC","W17","ATX",0.0783199999999937
"2022","LO","ELC","W18","ATX",0.0783199999999937
"2022","LO","ELC","W19","ATX",0.0783199999999937
"2022","LO","ELC","W20","ATX",0.0783199999999937
"2022","LO","ELC","W21","ATX",0.0783199999999937
"2022","LO","ELC","W22","ATX",0.0783199999999937
"2022","LO","ELC","W23","ATX",0.0783199999999937
"2022","LO","ELC","W24","ATX",0.0783199999999937
"2022","LO","ELC","SF1","ATX",0.161039999999987
"2022","LO","ELC","SF2","ATX",0.161039999999987
"2022","LO","ELC","SF3","ATX",0.161039999999987
"2022","LO","ELC","SF4","ATX",0.161039999999987
"2022","LO","ELC","SF5","ATX",0.161039999999987
"2022","LO","ELC","SF6","ATX",0.161039999999987
"2022","LO","ELC","SF7","ATX",0.161039999999987
"2022","LO","ELC","SF8","ATX",0.161039999999987
"2022","LO","ELC","SF9","ATX",0.161039999999987
"2022","LO","ELC","SF10","ATX",0.161039999999987
"2022","LO","ELC","SF11","ATX",0.161039999999987
"2022","LO","ELC","SF12","ATX",0.161039999999987
"2022","LO","ELC","SF13","ATX",0.161039999999987
"2022","LO","ELC","SF14","ATX",0.161039999999987
"2022","LO","ELC","SF15","ATX",0.161039999999987
"2022","LO","ELC","SF16","ATX",0.161039999999987
"2022","LO","ELC","SF17","ATX",0.161039999999987
"2022","LO","ELC","SF18","ATX",0.161039999999987
"2022","LO","ELC","SF19","ATX",0.161039999999987
"2022","LO","ELC","SF20","ATX",0.161039999999987
"2022","LO","ELC","SF21","ATX",0.161039999999987
"2022","LO","ELC","SF22","ATX",0.161039999999987
"2022","LO","ELC","SF23","ATX",0.161039999999987
"2022","LO","ELC","SF24","ATX",0.161039999999987
"2022","LO","ELC","S1","ATX",0.0818399999999935
"2022","LO","ELC","S2","ATX",0.0818399999999935
"2022","LO","ELC","S3","ATX",0.0818399999999935
"2022","LO","ELC","S4","ATX",0.0818399999999935
"2022","LO","ELC","S5","ATX",0.0818399999999935
"2022","LO","ELC","S6","ATX",0.0818399999999935
"2022","LO","ELC","S7","ATX",0.0818399999999935
"2022","LO","ELC","S8","ATX",0.0818399999999935
"2022","LO","ELC","S9","ATX",0.0818399999999935
"2022","LO","ELC","S10","ATX",0.0818399999999935
"2022","LO","ELC","S11","ATX",0.0818399999999935
"2022","LO","ELC","S12","ATX",0.0818399999999935
"2022","LO","ELC","S13","ATX",0.0818399999999935
"2022","LO","ELC","S14","ATX",0.0818399999999935
"2022","LO","ELC","S15","ATX",0.0818399999999935
"2022","LO","ELC","S16","ATX",0.0818399999999935
"2022","LO","ELC","S17","ATX",0.0818399999999935
"2022","LO","ELC","S18","ATX",0.0818399999999935
"2022","LO","ELC","S19","ATX",0.0818399999999935
"2022","LO","ELC","S20","ATX",0.0818399999999935
"2022","LO","ELC","S21","ATX",0.0818399999999935
"2022","LO","ELC","S22","ATX",0.0818399999999935
"2022","LO","ELC","S23","ATX",0.0818399999999935
"2022","LO","ELC","S24","ATX",0.0818399999999935
"2022","MED","ELC","W1","ATX",0.0783199999999937
"2022","MED","ELC","W2","ATX",0.0783199999999937
"2022","MED","ELC","W3","ATX",0.0783199999999937
"2022","MED","ELC","W4","ATX",0.0783199999999937
"2022","MED","ELC","W5","ATX",0.0783199999999937
"2022","MED","ELC","W6","ATX",0.0783199999999937
"2022","MED","ELC","W7","ATX",0.0783199999999937
"2022","MED","ELC","W8","ATX",0.0783199999999937
"2022","MED","ELC","W9","ATX",0.0783199999999937
"2022","MED","ELC","W10","ATX",0.0783199999999937
"2022","MED","ELC","W11","ATX",0.0783199999999937
"2022","MED","ELC","W12","ATX",0.0783199999999937
"2022","MED","ELC","W13","ATX",0.0783199999999937
"2022","MED","ELC","W14","ATX",0.0783199999999937
"2022","MED","ELC","W15","ATX",0.0783199999999937
"2022","MED","ELC","W16","ATX",0.0783199999999937
"2022","MED","ELC","W17","ATX",0.0783199999999937
"2022","MED","ELC","W18","ATX",0.0783199999999937
"2022","MED","ELC","W19","ATX",0.0783199999999937
"2022","MED","ELC","W20","ATX",0.0783199999999937
"2022","MED","ELC","W21","ATX",0.0783199999999937
"2022","MED","ELC","W22","ATX",0.0783199999999937
"2022","MED","ELC","W23","ATX",0.0783199999999937
"2022","MED","ELC","W24","ATX",0.0783199999999937
"2022","MED","ELC","SF1","ATX",0.161039999999987
"2022","MED","ELC","SF2","ATX",0.161039999999987
"2022","MED","ELC","SF3","ATX",0.161039999999987
"2022","MED","ELC","SF4","ATX",0.161039999999987
"2022","MED","ELC","SF5","ATX",0.161039999999987
"2022","MED","ELC","SF6","ATX",0.161039999999987
"2022","MED","ELC","SF7","ATX",0.161039999999987
"2022","MED","ELC","SF8","ATX",0.161039999999987
"2022","MED","ELC","SF9","ATX",0.161039999999987
"2022","MED","ELC","SF10","ATX",0.161039999999987
"2022","MED","ELC","SF11","ATX",0.161039999999987
"2022","MED","ELC","SF12","ATX",0.161039999999987
"2022","MED","ELC","SF13","ATX",0.161039999999987
"2022","MED","ELC","SF14","ATX",0.161039999999987
"2022","MED","ELC","SF15","ATX",0.161039999999987
"2022","MED","ELC","SF16","ATX",0.161039999999987
"2022","MED","ELC","SF17","ATX",0.161039999999987
"2022","MED","ELC","SF18","ATX",0.161039999999987
"2022","MED","ELC","SF19","ATX",0.161039999999987
"2022","MED","ELC","SF20","ATX",0.161039999999987
"2022","MED","ELC","SF21","ATX",0.161039999999987
"2022","MED","ELC","SF22","ATX",0.161039999999987
"2022","MED","ELC","SF23","ATX",0.161039999999987
"2022","MED","ELC","SF24","ATX",0.161039999999987
"2022","MED","ELC","S1","ATX",0.0818399999999935
"2022","MED","ELC","S2","ATX",0.0818399999999935
"2022","MED","ELC","S3","ATX",0.0818399999999935
"2022","MED","ELC","S4","ATX",0.0818399999999935
"2022","MED","ELC","S5","ATX",0.0818399999999935
"2022","MED","ELC","S6","ATX",0.0818399999999935
"2022","MED","ELC","S7","ATX",0.0818399999999935
"2022","MED","ELC","S8","ATX",0.0818399999999935
"2022","MED","ELC","S9","ATX",0.0818399999999935
"2022","MED","ELC","S10","ATX",0.0818399999999935
"2022","MED","ELC","S11","ATX",0.0818399999999935
"2022","MED","ELC","S12","ATX",0.0818399999999935
"2022","MED","ELC","S13","ATX",0.0818399999999935
"2022","MED","ELC","S14","ATX",0.0818399999999935
"2022","MED","ELC","S15","ATX",0.0818399999999935
"2022","MED","ELC","S16","ATX",0.0818399999999935
"2022","MED","ELC","S17","ATX",0.0818399999999935
"2022","MED","ELC","S18","ATX",0.0818399999999935
"2022","MED","ELC","S19","ATX",0.0818399999999935
"2022","MED","ELC","S20","ATX",0.0818399999999935
"2022","MED","ELC","S21","ATX",0.0818399999999935
"2022","MED","ELC","S22","ATX",0.0818399999999935
"2022","MED","ELC","S23","ATX",0.0818399999999935
"2022","MED","ELC","S24","ATX",0.0818399999999935
"2022","HI","ELC","W1","ATX",0.0783199999999937
"2022","HI","ELC","W2","ATX",0.0783199999999937
"2022","HI","ELC","W3","ATX",0.0783199999999937
"2022","HI","ELC","W4","ATX",0.0783199999999937
"2022","HI","ELC","W5","ATX",0.0783199999999937
"2022","HI","ELC","W6","ATX",0.0783199999999937
"2022","HI","ELC","W7","ATX",0.0783199999999937
"2022","HI","ELC","W8","ATX",0.0783199999999937
"2022","HI","ELC","W9","ATX",0.0783199999999937
"2022","HI","ELC","W10","ATX",0.0783199999999937
"2022","HI","ELC","W11","ATX",0.0783199999999937
"2022","HI","ELC","W12","ATX",0.0783199999999937
"2022","HI","ELC","W13","ATX",0.0783199999999937
"2022","HI","ELC","W14","ATX",0.0783199999999937
"2022","HI","ELC","W15","ATX",0.0783199999999937
"2022","HI","ELC","W16","ATX",0.0783199999999937
"2022","HI","ELC","W17","ATX",0.0783199999999937
"2022","HI","ELC","W18","ATX",0.0783199999999937
"2022","HI","ELC","W19","ATX",0.0783199999999937
"2022","HI","ELC","W20","ATX",0.0783199999999937
"2022","HI","ELC","W21","ATX",0.0783199999999937
"2022","HI","ELC","W22","ATX",0.0783199999999937
"2022","HI","ELC","W23","ATX",0.0783199999999937
"2022","HI","ELC","W24","ATX",0.0783199999999937
"2022","HI","ELC","SF1","ATX",0.161039999999987
"2022","HI","ELC","SF2","ATX",0.161039999999987
"2022","HI","ELC","SF3","ATX",0.161039999999987
"2022","HI","ELC","SF4","ATX",0.161039999999987
"2022","HI","ELC","SF5","ATX",0.161039999999987
"2022","HI","ELC","SF6","ATX",0.161039999999987
"2022","HI","ELC","SF7","ATX",0.161039999999987
"2022","HI","ELC","SF8","ATX",0.161039999999987
"2022","HI","ELC","SF9","ATX",0.161039999999987
"2022","HI","ELC","SF10","ATX",0.161039999999987
"2022","HI","ELC","SF11","ATX",0.161039999999987
"2022","HI","ELC","SF12","ATX",0.161039999999987
"2022","HI","ELC","SF13","ATX",0.161039999999987
"2022","HI","ELC","SF14","ATX",0.161039999999987
"2022","HI","ELC","SF15","ATX",0.161039999999987
"2022","HI","ELC","SF16","ATX",0.161039999999987
"2022","HI","ELC","SF17","ATX",0.161039999999987
"2022","HI","ELC","SF18","ATX",0.161039999999987
"2022","HI","ELC","SF19","ATX",0.161039999999987
"2022","HI","ELC","SF20","ATX",0.161039999999987
"2022","HI","ELC","SF21","ATX",0.161039999999987
"2022","HI","ELC","SF22","ATX",0.161039999999987
"2022","HI","ELC","SF23","ATX",0.161039999999987
"2022","HI","ELC","SF24","ATX",0.161039999999987
"2022","HI","ELC","S1","ATX",0.0818399999999935
"2022","HI","ELC","S2","ATX",0.0818399999999935
"2022","HI","ELC","S3","ATX",0.0818399999999935
"2022","HI","ELC","S4","ATX",0.0818399999999935
"2022","HI","ELC","S5","ATX",0.0818399999999935
"2022","HI","ELC","S6","ATX",0.0818399999999935
"2022","HI","ELC","S7","ATX",0.0818399999999935
"2022","HI","ELC","S8","ATX",0.0818399999999935
"2022","HI","ELC","S9","ATX",0.0818399999999935
"2022","HI","ELC","S10","ATX",0.0818399999999935
"2022","HI","ELC","S11","ATX",0.0818399999999935
"2022","HI","ELC","S12","ATX",0.0818399999999935
"2022","HI","ELC","S13","ATX",0.0818399999999935
"2022","HI","ELC","S14","ATX",0.0818399999999935
"2022","HI","ELC","S15","ATX",0.0818399999999935
"2022","HI","ELC","S16","ATX",0.0818399999999935
"2022","HI","ELC","S17","ATX",0.0818399999999935
"2022","HI","ELC","S18","ATX",0.0818399999999935
"2022","HI","ELC","S19","ATX",0.0818399999999935
"2022","HI","ELC","S20","ATX",0.0818399999999935
"2022","HI","ELC","S21","ATX",0.0818399999999935
"2022","HI","ELC","S22","ATX",0.0818399999999935
"2022","HI","ELC","S23","ATX",0.0818399999999935
"2022","HI","ELC","S24","ATX",0.0818399999999935
"2023","LO","ELC","W1","ATX",0.0800999999999936
"2023","LO","ELC","W2","ATX",0.0800999999999936
"2023","LO","ELC","W3","ATX",0.0800999999999936
"2023","LO","ELC","W4","ATX",0.0800999999999936
"2023","LO","ELC","W5","ATX",0.0800999999999936
"2023","LO","ELC","W6","ATX",0.0800999999999936
"2023","LO","ELC","W7","ATX",0.0800999999999936
"2023","LO","ELC","W8","ATX",0.0800999999999936
"2023","LO","ELC","W9","ATX",0.0800999999999936
"2023","LO","ELC","W10","ATX",0.0800999999999936
"2023","LO","ELC","W11","ATX",0.0800999999999936
"2023","LO","ELC","W12","ATX",0.0800999999999936
"2023","LO","ELC","W13","ATX",0.0800999999999936
"2023","LO","ELC","W14","ATX",0.0800999999999936
"2023","LO","ELC","W15","ATX",0.0800999999999936
"2023","LO","ELC","W16","ATX",0.0800999999999936
"2023","LO","ELC","W17","ATX",0.0800999999999936
"2023","LO","ELC","W18","ATX",0.0800999999999936
"2023","LO","ELC","W19","ATX",0.0800999999999936
"2023","LO","ELC","W20","ATX",0.0800999999999936
"2023","LO","ELC","W21","ATX",0.0800999999999936
"2023","LO","ELC","W22","ATX",0.0800999999999936
"2023","LO","ELC","W23","ATX",0.0800999999999936
"2023","LO","ELC","W24","ATX",0.0800999999999936
"2023","LO","ELC","SF1","ATX",0.164699999999987
"2023","LO","ELC","SF2","ATX",0.164699999999987
"2023","LO","ELC","SF3","ATX",0.164699999999987
"2023","LO","ELC","SF4","ATX",0.164699999999987
"2023","LO","ELC","SF5","ATX",0.164699999999987
"2023","LO","ELC","SF6","ATX",0.164699999999987
"2023","LO","ELC","SF7","ATX",0.164699999999987
"2023","LO","ELC","SF8","ATX",0.164699999999987
"2023","LO","ELC","SF9","ATX",0.164699999999987
"2023","LO","ELC","SF10","ATX",0.164699999999987
"2023","LO","ELC","SF11","ATX",0.164699999999987
"2023","LO","ELC","SF12","ATX",0.164699999999987
"2023","LO","ELC","SF13","ATX",0.164699999999987
"2023","LO","ELC","SF14","ATX",0.164699999999987
"2023","LO","ELC","SF15","ATX",0.164699999999987
"2023","LO","ELC","SF16","ATX",0.164699999999987
"2023","LO","ELC","SF17","ATX",0.164699999999987
"2023","LO","ELC","SF18","ATX",0.164699999999987
"2023","LO","ELC","SF19","ATX",0.164699999999987
"2023","LO","ELC","SF20","ATX",0.164699999999987
"2023","LO","ELC","SF21","ATX",0.164699999999987
"2023","LO","ELC","SF22","ATX",0.164699999999987
"2023","LO","ELC","SF23","ATX",0.164699999999987
"2023","LO","ELC","SF24","ATX",0.164699999999987
"2023","LO","ELC","S1","ATX",0.0836999999999933
"2023","LO","ELC","S2","ATX",0.0836999999999933
"2023","LO","ELC","S3","ATX",0.0836999999999933
"2023","LO","ELC","S4","ATX",0.0836999999999933
"2023","LO","ELC","S5","ATX",0.0836999999999933
"2023","LO","ELC","S6","ATX",0.0836999999999933
"2023","LO","ELC","S7","ATX",0.0836999999999933
"2023","LO","ELC","S8","ATX",0.0836999999999933
"2023","LO","ELC","S9","ATX",0.0836999999999933
"2023","LO","ELC","S10","ATX",0.0836999999999933
"2023","LO","ELC","S11","ATX",0.0836999999999933
"2023","LO","ELC","S12","ATX",0.0836999999999933
"2023","LO","ELC","S13","ATX",0.0836999999999933
"2023","LO","ELC","S14","ATX",0.0836999999999933
"2023","LO","ELC","S15","ATX",0.0836999999999933
"2023","LO","ELC","S16","ATX",0.0836999999999933
"2023","LO","ELC","S17","ATX",0.0836999999999933
"2023","LO","ELC","S18","ATX",0.0836999999999933
"2023","LO","ELC","S19","ATX",0.0836999999999933
"2023","LO","ELC","S20","ATX",0.0836999999999933
"2023","LO","ELC","S21","ATX",0.0836999999999933
"2023","LO","ELC","S22","ATX",0.0836999999999933
"2023","LO","ELC","S23","ATX",0.0836999999999933
"2023","LO","ELC","S24","ATX",0.0836999999999933
"2023","MED","ELC","W1","ATX",0.0800999999999936
"2023","MED","ELC","W2","ATX",0.0800999999999936
"2023","MED","ELC","W3","ATX",0.0800999999999936
"2023","MED","ELC","W4","ATX",0.0800999999999936
"2023","MED","ELC","W5","ATX",0.0800999999999936
"2023","MED","ELC","W6","ATX",0.0800999999999936
"2023","MED","ELC","W7","ATX",0.0800999999999936
"2023","MED","ELC","W8","ATX",0.0800999999999936
"2023","MED","ELC","W9","ATX",0.0800999999999936
"2023","MED","ELC","W10","ATX",0.0800999999999936
"2023","MED","ELC","W11","ATX",0.0800999999999936
"2023","MED","ELC","W12","ATX",0.0800999999999936
"2023","MED","ELC","W13","ATX",0.0800999999999936
"2023","MED","ELC","W14","ATX",0.0800999999999936
"2023","MED","ELC","W15","ATX",0.0800999999999936
"2023","MED","ELC","W16","ATX",0.0800999999999936
"2023","MED","ELC","W17","ATX",0.0800999999999936
"2023","MED","ELC","W18","ATX",0.0800999999999936
"2023","MED","ELC","W19","ATX",0.0800999999999936
"2023","MED","ELC","W20","ATX",0.0800999999999936
"2023","MED","ELC","W21","ATX",0.0800999999999936
"2023","MED","ELC","W22","ATX",0.0800999999999936
"2023","MED","ELC","W23","ATX",0.0800999999999936
"2023","MED","ELC","W24","ATX",0.0800999999999936
"2023","MED","ELC","SF1","ATX",0.164699999999987
"2023","MED","ELC","SF2","ATX",0.164699999999987
"2023","MED","ELC","SF3","ATX",0.164699999999987
"2023","MED","ELC","SF4","ATX",0.164699999999987
"2023","MED","ELC","SF5","ATX",0.164699999999987
"2023","MED","ELC","SF6","ATX",0.164699999999987
"2023","MED","ELC","SF7","ATX",0.164699999999987
"2023","MED","ELC","SF8","ATX",0.164699999999987
"2023","MED","ELC","SF9","ATX",0.164699999999987
"2023","MED","ELC","SF10","ATX",0.164699999999987
"2023","MED","ELC","SF11","ATX",0.164699999999987
"2023","MED","ELC","SF12","ATX",0.164699999999987
"2023","MED","ELC","SF13","ATX",0.164699999999987
"2023","MED","ELC","SF14","ATX",0.164699999999987
"2023","MED","ELC","SF15","ATX",0.164699999999987
"2023","MED","ELC","SF16","ATX",0.164699999999987
"2023","MED","ELC","SF17","ATX",0.164699999999987
"2023","MED","ELC","SF18","ATX",0.164699999999987
"2023","MED","ELC","SF19","ATX",0.164699999999987
"2023","MED","ELC","SF20","ATX",0.164699999999987
"2023","MED","ELC","SF21","ATX",0.164699999999987
"2023","MED","ELC","SF22","ATX",0.164699999999987
"2023","MED","ELC","SF23","ATX",0.164699999999987
"2023","MED","ELC","SF24","ATX",0.164699999999987
"2023","MED","ELC","S1","ATX",0.0836999999999933
"2023","MED","ELC","S2","ATX",0.0836999999999933
"2023","MED","ELC","S3","ATX",0.0836999999999933
"2023","MED","ELC","S4","ATX",0.0836999999999933
"2023","MED","ELC","S5","ATX",0.0836999999999933
"2023","MED","ELC","S6","ATX",0.0836999999999933
"2023","MED","ELC","S7","ATX",0.0836999999999933
"2023","MED","ELC","S8","ATX",0.0836999999999933
"2023","MED","ELC","S9","ATX",0.0836999999999933
"2023","MED","ELC","S10","ATX",0.0836999999999933
"2023","MED","ELC","S11","ATX",0.0836999999999933
"2023","MED","ELC","S12","ATX",0.0836999999999933
"2023","MED","ELC","S13","ATX",0.0836999999999933
"2023","MED","ELC","S14","ATX",0.0836999999999933
"2023","MED","ELC","S15","ATX",0.0836999999999933
"2023","MED","ELC","S16","ATX",0.0836999999999933
"2023","MED","ELC","S17","ATX",0.0836999999999933
"2023","MED","ELC","S18","ATX",0.0836999999999933
"2023","MED","ELC","S19","ATX",0.0836999999999933
"2023","MED","ELC","S20","ATX",0.0836999999999933
"2023","MED","ELC","S21","ATX",0.0836999999999933
"2023","MED","ELC","S22","ATX",0.0836999999999933
"2023","MED","ELC","S23","ATX",0.0836999999999933
"2023","MED","ELC","S24","ATX",0.0836999999999933
"2023","HI","ELC","W1","ATX",0.0800999999999936
"2023","HI","ELC","W2","ATX",0.0800999999999936
"2023","HI","ELC","W3","ATX",0.0800999999999936
"2023","HI","ELC","W4","ATX",0.0800999999999936
"2023","HI","ELC","W5","ATX",0.0800999999999936
"2023","HI","ELC","W6","ATX",0.0800999999999936
"2023","HI","ELC","W7","ATX",0.0800999999999936
"2023","HI","ELC","W8","ATX",0.0800999999999936
"2023","HI","ELC","W9","ATX",0.0800999999999936
"2023","HI","ELC","W10","ATX",0.0800999999999936
"2023","HI","ELC","W11","ATX",0.0800999999999936
"2023","HI","ELC","W12","ATX",0.0800999999999936
"2023","HI","ELC","W13","ATX",0.0800999999999936
"2023","HI","ELC","W14","ATX",0.0800999999999936
"2023","HI","ELC","W15","ATX",0.0800999999999936
"2023","HI","ELC","W16","ATX",0.0800999999999936
"2023","HI","ELC","W17","ATX",0.0800999999999936
"2023","HI","ELC","W18","ATX",0.0800999999999936
"2023","HI","ELC","W19","ATX",0.0800999999999936
"2023","HI","ELC","W20","ATX",0.0800999999999936
"2023","HI","ELC","W21","ATX",0.0800999999999936
"2023","HI","ELC","W22","ATX",0.0800999999999936
"2023","HI","ELC","W23","ATX",0.0800999999999936
"2023","HI","ELC","W24","ATX",0.0800999999999936
"2023","HI","ELC","SF1","ATX",0.164699999999987
"2023","HI","ELC","SF2","ATX",0.164699999999987
"2023","HI","ELC","SF3","ATX",0.164699999999987
"2023","HI","ELC","SF4","ATX",0.164699999999987
"2023","HI","ELC","SF5","ATX",0.164699999999987
"2023","HI","ELC","SF6","ATX",0.164699999999987
"2023","HI","ELC","SF7","ATX",0.164699999999987
"2023","HI","ELC","SF8","ATX",0.164699999999987
"2023","HI","ELC","SF9","ATX",0.164699999999987
"2023","HI","ELC","SF10","ATX",0.164699999999987
"2023","HI","ELC","SF11","ATX",0.164699999999987
"2023","HI","ELC","SF12","ATX",0.164699999999987
"2023","HI","ELC","SF13","ATX",0.164699999999987
"2023","HI","ELC","SF14","ATX",0.164699999999987
"2023","HI","ELC","SF15","ATX",0.164699999999987
"2023","HI","ELC","SF16","ATX",0.164699999999987
"2023","HI","ELC","SF17","ATX",0.164699999999987
"2023","HI","ELC","SF18","ATX",0.164699999999987
"2023","HI","ELC","SF19","ATX",0.164699999999987
"2023","HI","ELC","SF20","ATX",0.164699999999987
"2023","HI","ELC","SF21","ATX",0.164699999999987
"2023","HI","ELC","SF22","ATX",0.164699999999987
"2023","HI","ELC","SF23","ATX",0.164699999999987
"2023","HI","ELC","SF24","ATX",0.164699999999987
"2023","HI","ELC","S1","ATX",0.0836999999999933
"2023","HI","ELC","S2","ATX",0.0836999999999933
"2023","HI","ELC","S3","ATX",0.0836999999999933
"2023","HI","ELC","S4","ATX",0.0836999999999933
"2023","HI","ELC","S5","ATX",0.0836999999999933
"2023","HI","ELC","S6","ATX",0.0836999999999933
"2023","HI","ELC","S7","ATX",0.0836999999999933
"2023","HI","ELC","S8","ATX",0.0836999999999933
"2023","HI","ELC","S9","ATX",0.0836999999999933
"2023","HI","ELC","S10","ATX",0.0836999999999933
"2023","HI","ELC","S11","ATX",0.0836999999999933
"2023","HI","ELC","S12","ATX",0.0836999999999933
"2023","HI","ELC","S13","ATX",0.0836999999999933
"2023","HI","ELC","S14","ATX",0.0836999999999933
"2023","HI","ELC","S15","ATX",0.0836999999999933
"2023","HI","ELC","S16","ATX",0.0836999999999933
"2023","HI","ELC","S17","ATX",0.0836999999999933
"2023","HI","ELC","S18","ATX",0.0836999999999933
"2023","HI","ELC","S19","ATX",0.0836999999999933
"2023","HI","ELC","S20","ATX",0.0836999999999933
"2023","HI","ELC","S21","ATX",0.0836999999999933
"2023","HI","ELC","S22","ATX",0.0836999999999933
"2023","HI","ELC","S23","ATX",0.0836999999999933
"2023","HI","ELC","S24","ATX",0.0836999999999933
"2024","LO","ELC","W1","ATX",0.0818799999999934
"2024","LO","ELC","W2","ATX",0.0818799999999934
"2024","LO","ELC","W3","ATX",0.0818799999999934
"2024","LO","ELC","W4","ATX",0.0818799999999934
"2024","LO","ELC","W5","ATX",0.0818799999999934
"2024","LO","ELC","W6","ATX",0.0818799999999934
"2024","LO","ELC","W7","ATX",0.0818799999999934
"2024","LO","ELC","W8","ATX",0.0818799999999934
"2024","LO","ELC","W9","ATX",0.0818799999999934
"2024","LO","ELC","W10","ATX",0.0818799999999934
"2024","LO","ELC","W11","ATX",0.0818799999999934
"2024","LO","ELC","W12","ATX",0.0818799999999934
"2024","LO","ELC","W13","ATX",0.0818799999999934
"2024","LO","ELC","W14","ATX",0.0818799999999934
"2024","LO","ELC","W15","ATX",0.0818799999999934
"2024","LO","ELC","W16","ATX",0.0818799999999934
"2024","LO","ELC","W17","ATX",0.0818799999999934
"2024","LO","ELC","W18","ATX",0.0818799999999934
"2024","LO","ELC","W19","ATX",0.0818799999999934
"2024","LO","ELC","W20","ATX",0.0818799999999934
"2024","LO","ELC","W21","ATX",0.0818799999999934
"2024","LO","ELC","W22","ATX",0.0818799999999934
"2024","LO","ELC","W23","ATX",0.0818799999999934
"2024","LO","ELC","W24","ATX",0.0818799999999934
"2024","LO","ELC","SF1","ATX",0.168359999999987
"2024","LO","ELC","SF2","ATX",0.168359999999987
"2024","LO","ELC","SF3","ATX",0.168359999999987
"2024","LO","ELC","SF4","ATX",0.168359999999987
"2024","LO","ELC","SF5","ATX",0.168359999999987
"2024","LO","ELC","SF6","ATX",0.168359999999987
"2024","LO","ELC","SF7","ATX",0.168359999999987
"2024","LO","ELC","SF8","ATX",0.168359999999987
"2024","LO","ELC","SF9","ATX",0.168359999999987
"2024","LO","ELC","SF10","ATX",0.168359999999987
"2024","LO","ELC","SF11","ATX",0.168359999999987
"2024","LO","ELC","SF12","ATX",0.168359999999987
"2024","LO","ELC","SF13","ATX",0.168359999999987
"2024","LO","ELC","SF14","ATX",0.168359999999987
"2024","LO","ELC","SF15","ATX",0.168359999999987
"2024","LO","ELC","SF16","ATX",0.168359999999987
"2024","LO","ELC","SF17","ATX",0.168359999999987
"2024","LO","ELC","SF18","ATX",0.168359999999987
"2024","LO","ELC","SF19","ATX",0.168359999999987
"2024","LO","ELC","SF20","ATX",0.168359999999987
"2024","LO","ELC","SF21","ATX",0.168359999999987
"2024","LO","ELC","SF22","ATX",0.168359999999987
"2024","LO","ELC","SF23","ATX",0.168359999999987
"2024","LO","ELC","SF24","ATX",0.168359999999987
"2024","LO","ELC","S1","ATX",0.0855599999999932
"2024","LO","ELC","S2","ATX",0.0855599999999932
"2024","LO","ELC","S3","ATX",0.0855599999999932
"2024","LO","ELC","S4","ATX",0.0855599999999932
"2024","LO","ELC","S5","ATX",0.0855599999999932
"2024","LO","ELC","S6","ATX",0.0855599999999932
"2024","LO","ELC","S7","ATX",0.0855599999999932
"2024","LO","ELC","S8","ATX",0.0855599999999932
"2024","LO","ELC","S9","ATX",0.0855599999999932
"2024","LO","ELC","S10","ATX",0.0855599999999932
"2024","LO","ELC","S11","ATX",0.0855599999999932
"2024","LO","ELC","S12","ATX",0.0855599999999932
"2024","LO","ELC","S13","ATX",0.0855599999999932
"2024","LO","ELC","S14","ATX",0.0855599999999932
"2024","LO","ELC","S15","ATX",0.0855599999999932
"2024","LO","ELC","S16","ATX",0.0855599999999932
"2024","LO","ELC","S17","ATX",0.0855599999999932
"2024","LO","ELC","S18","ATX",0.0855599999999932
"2024","LO","ELC","S19","ATX",0.0855599999999932
"2024","LO","ELC","S20","ATX",0.0855599999999932
"2024","LO","ELC","S21","ATX",0.0855599999999932
"2024","LO","ELC","S22","ATX",0.0855599999999932
"2024","LO","ELC","S23","ATX",0.0855599999999932
"2024","LO","ELC","S24","ATX",0.0855599999999932
"2024","MED","ELC","W1","ATX",0.0818799999999934
"2024","MED","ELC","W2","ATX",0.0818799999999934
"2024","MED","ELC","W3","ATX",0.0818799999999934
"2024","MED","ELC","W4","ATX",0.0818799999999934
"2024","MED","ELC","W5","ATX",0.0818799999999934
"2024","MED","ELC","W6","ATX",0.0818799999999934
"2024","MED","ELC","W7","ATX",0.0818799999999934
"2024","MED","ELC","W8","ATX",0.0818799999999934
"2024","MED","ELC","W9","ATX",0.0818799999999934
"2024","MED","ELC","W10","ATX",0.0818799999999934
"2024","MED","ELC","W11","ATX",0.0818799999999934
"2024","MED","ELC","W12","ATX",0.0818799999999934
"2024","MED","ELC","W13","ATX",0.0818799999999934
"2024","MED","ELC","W14","ATX",0.0818799999999934
"2024","MED","ELC","W15","ATX",0.0818799999999934
"2024","MED","ELC","W16","ATX",0.0818799999999934
"2024","MED","ELC","W17","ATX",0.0818799999999934
"2024","MED","ELC","W18","ATX",0.0818799999999934
"2024","MED","ELC","W19","ATX",0.0818799999999934
"2024","MED","ELC","W20","ATX",0.0818799999999934
"2024","MED","ELC","W21","ATX",0.0818799999999934
"2024","MED","ELC","W22","ATX",0.0818799999999934
"2024","MED","ELC","W23","ATX",0.0818799999999934
"2024","MED","ELC","W24","ATX",0.0818799999999934
"2024","MED","ELC","SF1","ATX",0.168359999999987
"2024","MED","ELC","SF2","ATX",0.168359999999987
"2024","MED","ELC","SF3","ATX",0.168359999999987
"2024","MED","ELC","SF4","ATX",0.168359999999987
"2024","MED","ELC","SF5","ATX",0.168359999999987
"2024","MED","ELC","SF6","ATX",0.168359999999987
"2024","MED","ELC","SF7","ATX",0.168359999999987
"2024","MED","ELC","SF8","ATX",0.168359999999987
"2024","MED","ELC","SF9","ATX",0.168359999999987
"2024","MED","ELC","SF10","ATX",0.168359999999987
"2024","MED","ELC","SF11","ATX",0.168359999999987
"2024","MED","ELC","SF12","ATX",0.168359999999987
"2024","MED","ELC","SF13","ATX",0.168359999999987
"2024","MED","ELC","SF14","ATX",0.168359999999987
"2024","MED","ELC","SF15","ATX",0.168359999999987
"2024","MED","ELC","SF16","ATX",0.168359999999987
"2024","MED","ELC","SF17","ATX",0.168359999999987
"2024","MED","ELC","SF18","ATX",0.168359999999987
"2024","MED","ELC","SF19","ATX",0.168359999999987
"2024","MED","ELC","SF20","ATX",0.168359999999987
"2024","MED","ELC","SF21","ATX",0.168359999999987
"2024","MED","ELC","SF22","ATX",0.168359999999987
"2024","MED","ELC","SF23","ATX",0.168359999999987
"2024","MED","ELC","SF24","ATX",0.168359999999987
"2024","MED","ELC","S1","ATX",0.0855599999999932
"2024","MED","ELC","S2","ATX",0.0855599999999932
"2024","MED","ELC","S3","ATX",0.0855599999999932
"2024","MED","ELC","S4","ATX",0.0855599999999932
"2024","MED","ELC","S5","ATX",0.0855599999999932
"2024","MED","ELC","S6","ATX",0.0855599999999932
"2024","MED","ELC","S7","ATX",0.0855599999999932
"2024","MED","ELC","S8","ATX",0.0855599999999932
"2024","MED","ELC","S9","ATX",0.0855599999999932
"2024","MED","ELC","S10","ATX",0.0855599999999932
"2024","MED","ELC","S11","ATX",0.0855599999999932
"2024","MED","ELC","S12","ATX",0.0855599999999932
"2024","MED","ELC","S13","ATX",0.0855599999999932
"2024","MED","ELC","S14","ATX",0.0855599999999932
"2024","MED","ELC","S15","ATX",0.0855599999999932
"2024","MED","ELC","S16","ATX",0.0855599999999932
"2024","MED","ELC","S17","ATX",0.0855599999999932
"2024","MED","ELC","S18","ATX",0.0855599999999932
"2024","MED","ELC","S19","ATX",0.0855599999999932
"2024","MED","ELC","S20","ATX",0.0855599999999932
"2024","MED","ELC","S21","ATX",0.0855599999999932
"2024","MED","ELC","S22","ATX",0.0855599999999932
"2024","MED","ELC","S23","ATX",0.0855599999999932
"2024","MED","ELC","S24","ATX",0.0855599999999932
"2024","HI","ELC","W1","ATX",0.0818799999999934
"2024","HI","ELC","W2","ATX",0.0818799999999934
"2024","HI","ELC","W3","ATX",0.0818799999999934
"2024","HI","ELC","W4","ATX",0.0818799999999934
"2024","HI","ELC","W5","ATX",0.0818799999999934
"2024","HI","ELC","W6","ATX",0.0818799999999934
"2024","HI","ELC","W7","ATX",0.0818799999999934
"2024","HI","ELC","W8","ATX",0.0818799999999934
"2024","HI","ELC","W9","ATX",0.0818799999999934
"2024","HI","ELC","W10","ATX",0.0818799999999934
"2024","HI","ELC","W11","ATX",0.0818799999999934
"2024","HI","ELC","W12","ATX",0.0818799999999934
"2024","HI","ELC","W13","ATX",0.0818799999999934
"2024","HI","ELC","W14","ATX",0.0818799999999934
"2024","HI","ELC","W15","ATX",0.0818799999999934
"2024","HI","ELC","W16","ATX",0.0818799999999934
"2024","HI","ELC","W17","ATX",0.0818799999999934
"2024","HI","ELC","W18","ATX",0.0818799999999934
"2024","HI","ELC","W19","ATX",0.0818799999999934
"2024","HI","ELC","W20","ATX",0.0818799999999934
"2024","HI","ELC","W21","ATX",0.0818799999999934
"2024","HI","ELC","W22","ATX",0.0818799999999934
"2024","HI","ELC","W23","ATX",0.0818799999999934
"2024","HI","ELC","W24","ATX",0.0818799999999934
"2024","HI","ELC","SF1","ATX",0.168359999999987
"2024","HI","ELC","SF2","ATX",0.168359999999987
"2024","HI","ELC","SF3","ATX",0.168359999999987
"2024","HI","ELC","SF4","ATX",0.168359999999987
"2024","HI","ELC","SF5","ATX",0.168359999999987
"2024","HI","ELC","SF6","ATX",0.168359999999987
"2024","HI","ELC","SF7","ATX",0.168359999999987
"2024","HI","ELC","SF8","ATX",0.168359999999987
"2024","HI","ELC","SF9","ATX",0.168359999999987
"2024","HI","ELC","SF10","ATX",0.168359999999987
"2024","HI","ELC","SF11","ATX",0.168359999999987
"2024","HI","ELC","SF12","ATX",0.168359999999987
"2024","HI","ELC","SF13","ATX",0.168359999999987
"2024","HI","ELC","SF14","ATX",0.168359999999987
"2024","HI","ELC","SF15","ATX",0.168359999999987
"2024","HI","ELC","SF16","ATX",0.168359999999987
"2024","HI","ELC","SF17","ATX",0.168359999999987
"2024","HI","ELC","SF18","ATX",0.168359999999987
"2024","HI","ELC","SF19","ATX",0.168359999999987
"2024","HI","ELC","SF20","ATX",0.168359999999987
"2024","HI","ELC","SF21","ATX",0.168359999999987
"2024","HI","ELC","SF22","ATX",0.168359999999987
"2024","HI","ELC","SF23","ATX",0.168359999999987
"2024","HI","ELC","SF24","ATX",0.168359999999987
"2024","HI","ELC","S1","ATX",0.0855599999999932
"2024","HI","ELC","S2","ATX",0.0855599999999932
"2024","HI","ELC","S3","ATX",0.0855599999999932
"2024","HI","ELC","S4","ATX",0.0855599999999932
"2024","HI","ELC","S5","ATX",0.0855599999999932
"2024","HI","ELC","S6","ATX",0.0855599999999932
"2024","HI","ELC","S7","ATX",0.0855599999999932
"2024","HI","ELC","S8","ATX",0.0855599999999932
"2024","HI","ELC","S9","ATX",0.0855599999999932
"2024","HI","ELC","S10","ATX",0.0855599999999932
"2024","HI","ELC","S11","ATX",0.0855599999999932
"2024","HI","ELC","S12","ATX",0.0855599999999932
"2024","HI","ELC","S13","ATX",0.0855599999999932
"2024","HI","ELC","S14","ATX",0.0855599999999932
"2024","HI","ELC","S15","ATX",0.0855599999999932
"2024","HI","ELC","S16","ATX",0.0855599999999932
"2024","HI","ELC","S17","ATX",0.0855599999999932
"2024","HI","ELC","S18","ATX",0.0855599999999932
"2024","HI","ELC","S19","ATX",0.0855599999999932
"2024","HI","ELC","S20","ATX",0.0855599999999932
"2024","HI","ELC","S21","ATX",0.0855599999999932
"2024","HI","ELC","S22","ATX",0.0855599999999932
"2024","HI","ELC","S23","ATX",0.0855599999999932
"2024","HI","ELC","S24","ATX",0.0855599999999932
"2025","LO","ELC","W1","ATX",0.0836599999999933
"2025","LO","ELC","W2","ATX",0.0836599999999933
"2025","LO","ELC","W3","ATX",0.0836599999999933
"2025","LO","ELC","W4","ATX",0.0836599999999933
"2025","LO","ELC","W5","ATX",0.0836599999999933
"2025","LO","ELC","W6","ATX",0.0836599999999933
"2025","LO","ELC","W7","ATX",0.0836599999999933
"2025","LO","ELC","W8","ATX",0.0836599999999933
"2025","LO","ELC","W9","ATX",0.0836599999999933
"2025","LO","ELC","W10","ATX",0.0836599999999933
"2025","LO","ELC","W11","ATX",0.0836599999999933
"2025","LO","ELC","W12","ATX",0.0836599999999933
"2025","LO","ELC","W13","ATX",0.0836599999999933
"2025","LO","ELC","W14","ATX",0.0836599999999933
"2025","LO","ELC","W15","ATX",0.0836599999999933
"2025","LO","ELC","W16","ATX",0.0836599999999933
"2025","LO","ELC","W17","ATX",0.0836599999999933
"2025","LO","ELC","W18","ATX",0.0836599999999933
"2025","LO","ELC","W19","ATX",0.0836599999999933
"2025","LO","ELC","W20","ATX",0.0836599999999933
"2025","LO","ELC","W21","ATX",0.0836599999999933
"2025","LO","ELC","W22","ATX",0.0836599999999933
"2025","LO","ELC","W23","ATX",0.0836599999999933
"2025","LO","ELC","W24","ATX",0.0836599999999933
"2025","LO","ELC","SF1","ATX",0.172019999999986
"2025","LO","ELC","SF2","ATX",0.172019999999986
"2025","LO","ELC","SF3","ATX",0.172019999999986
"2025","LO","ELC","SF4","ATX",0.172019999999986
"2025","LO","ELC","SF5","ATX",0.172019999999986
"2025","LO","ELC","SF6","ATX",0.172019999999986
"2025","LO","ELC","SF7","ATX",0.172019999999986
"2025","LO","ELC","SF8","ATX",0.172019999999986
"2025","LO","ELC","SF9","ATX",0.172019999999986
"2025","LO","ELC","SF10","ATX",0.172019999999986
"2025","LO","ELC","SF11","ATX",0.172019999999986
"2025","LO","ELC","SF12","ATX",0.172019999999986
"2025","LO","ELC","SF13","ATX",0.172019999999986
"2025","LO","ELC","SF14","ATX",0.172019999999986
"2025","LO","ELC","SF15","ATX",0.172019999999986
"2025","LO","ELC","SF16","ATX",0.172019999999986
"2025","LO","ELC","SF17","ATX",0.172019999999986
"2025","LO","ELC","SF18","ATX",0.172019999999986
"2025","LO","ELC","SF19","ATX",0.172019999999986
"2025","LO","ELC","SF20","ATX",0.172019999999986
"2025","LO","ELC","SF21","ATX",0.172019999999986
"2025","LO","ELC","SF22","ATX",0.172019999999986
"2025","LO","ELC","SF23","ATX",0.172019999999986
"2025","LO","ELC","SF24","ATX",0.172019999999986
"2025","LO","ELC","S1","ATX",0.087419999999993
"2025","LO","ELC","S2","ATX",0.087419999999993
"2025","LO","ELC","S3","ATX",0.087419999999993
"2025","LO","ELC","S4","ATX",0.087419999999993
"2025","LO","ELC","S5","ATX",0.087419999999993
"2025","LO","ELC","S6","ATX",0.087419999999993
"2025","LO","ELC","S7","ATX",0.087419999999993
"2025","LO","ELC","S8","ATX",0.087419999999993
"2025","LO","ELC","S9","ATX",0.087419999999993
"2025","LO","ELC","S10","ATX",0.087419999999993
"2025","LO","ELC","S11","ATX",0.087419999999993
"2025","LO","ELC","S12","ATX",0.087419999999993
"2025","LO","ELC","S13","ATX",0.087419999999993
"2025","LO","ELC","S14","ATX",0.087419999999993
"2025","LO","ELC","S15","ATX",0.087419999999993
"2025","LO","ELC","S16","ATX",0.087419999999993
"2025","LO","ELC","S17","ATX",0.087419999999993
"2025","LO","ELC","S18","ATX",0.087419999999993
"2025","LO","ELC","S19","ATX",0.087419999999993
"2025","LO","ELC","S20","ATX",0.087419999999993
"2025","LO","ELC","S21","ATX",0.087419999999993
"2025","LO","ELC","S22","ATX",0.087419999999993
"2025","LO","ELC","S23","ATX",0.087419999999993
"2025","LO","ELC","S24","ATX",0.087419999999993
"2025","MED","ELC","W1","ATX",0.0836599999999933
"2025","MED","ELC","W2","ATX",0.0836599999999933
"2025","MED","ELC","W3","ATX",0.0836599999999933
"2025","MED","ELC","W4","ATX",0.0836599999999933
"2025","MED","ELC","W5","ATX",0.0836599999999933
"2025","MED","ELC","W6","ATX",0.0836599999999933
"2025","MED","ELC","W7","ATX",0.0836599999999933
"2025","MED","ELC","W8","ATX",0.0836599999999933
"2025","MED","ELC","W9","ATX",0.0836599999999933
"2025","MED","ELC","W10","ATX",0.0836599999999933
"2025","MED","ELC","W11","ATX",0.0836599999999933
"2025","MED","ELC","W12","ATX",0.0836599999999933
"2025","MED","ELC","W13","ATX",0.0836599999999933
"2025","MED","ELC","W14","ATX",0.0836599999999933
"2025","MED","ELC","W15","ATX",0.0836599999999933
"2025","MED","ELC","W16","ATX",0.0836599999999933
"2025","MED","ELC","W17","ATX",0.0836599999999933
"2025","MED","ELC","W18","ATX",0.0836599999999933
"2025","MED","ELC","W19","ATX",0.0836599999999933
"2025","MED","ELC","W20","ATX",0.0836599999999933
"2025","MED","ELC","W21","ATX",0.0836599999999933
"2025","MED","ELC","W22","ATX",0.0836599999999933
"2025","MED","ELC","W23","ATX",0.0836599999999933
"2025","MED","ELC","W24","ATX",0.0836599999999933
"2025","MED","ELC","SF1","ATX",0.172019999999986
"2025","MED","ELC","SF2","ATX",0.172019999999986
"2025","MED","ELC","SF3","ATX",0.172019999999986
"2025","MED","ELC","SF4","ATX",0.172019999999986
"2025","MED","ELC","SF5","ATX",0.172019999999986
"2025","MED","ELC","SF6","ATX",0.172019999999986
"2025","MED","ELC","SF7","ATX",0.172019999999986
"2025","MED","ELC","SF8","ATX",0.172019999999986
"2025","MED","ELC","SF9","ATX",0.172019999999986
"2025","MED","ELC","SF10","ATX",0.172019999999986
"2025","MED","ELC","SF11","ATX",0.172019999999986
"2025","MED","ELC","SF12","ATX",0.172019999999986
"2025","MED","ELC","SF13","ATX",0.172019999999986
"2025","MED","ELC","SF14","ATX",0.172019999999986
"2025","MED","ELC","SF15","ATX",0.172019999999986
"2025","MED","ELC","SF16","ATX",0.172019999999986
"2025","MED","ELC","SF17","ATX",0.172019999999986
"2025","MED","ELC","SF18","ATX",0.172019999999986
"2025","MED","ELC","SF19","ATX",0.172019999999986
"2025","MED","ELC","SF20","ATX",0.172019999999986
"2025","MED","ELC","SF21","ATX",0.172019999999986
"2025","MED","ELC","SF22","ATX",0.172019999999986
"2025","MED","ELC","SF23","ATX",0.172019999999986
"2025","MED","ELC","SF24","ATX",0.172019999999986
"2025","MED","ELC","S1","ATX",0.087419999999993
"2025","MED","ELC","S2","ATX",0.087419999999993
"2025","MED","ELC","S3","ATX",0.087419999999993
"2025","MED","ELC","S4","ATX",0.087419999999993
"2025","MED","ELC","S5","ATX",0.087419999999993
"2025","MED","ELC","S6","ATX",0.087419999999993
"2025","MED","ELC","S7","ATX",0.087419999999993
"2025","MED","ELC","S8","ATX",0.087419999999993
"2025","MED","ELC","S9","ATX",0.087419999999993
"2025","MED","ELC","S10","ATX",0.087419999999993
"2025","MED","ELC","S11","ATX",0.087419999999993
"2025","MED","ELC","S12","ATX",0.087419999999993
"2025","MED","ELC","S13","ATX",0.087419999999993
"2025","MED","ELC","S14","ATX",0.087419999999993
"2025","MED","ELC","S15","ATX",0.087419999999993
"2025","MED","ELC","S16","ATX",0.087419999999993
"2025","MED","ELC","S17","ATX",0.087419999999993
"2025","MED","ELC","S18","ATX",0.087419999999993
"2025","MED","ELC","S19","ATX",0.087419999999993
"2025","MED","ELC","S20","ATX",0.087419999999993
"2025","MED","ELC","S21","ATX",0.087419999999993
"2025","MED","ELC","S22","ATX",0.087419999999993
"2025","MED","ELC","S23","ATX",0.087419999999993
"2025","MED","ELC","S24","ATX",0.087419999999993
"2025","HI","ELC","W1","ATX",0.0836599999999933
"2025","HI","ELC","W2","ATX",0.0836599999999933
"2025","HI","ELC","W3","ATX",0.0836599999999933
"2025","HI","ELC","W4","ATX",0.0836599999999933
"2025","HI","ELC","W5","ATX",0.0836599999999933
"2025","HI","ELC","W6","ATX",0.0836599999999933
"2025","HI","ELC","W7","ATX",0.0836599999999933
"2025","HI","ELC","W8","ATX",0.0836599999999933
"2025","HI","ELC","W9","ATX",0.0836599999999933
"2025","HI","ELC","W10","ATX",0.0836599999999933
"2025","HI","ELC","W11","ATX",0.0836599999999933
"2025","HI","ELC","W12","ATX",0.0836599999999933
"2025","HI","ELC","W13","ATX",0.0836599999999933
"2025","HI","ELC","W14","ATX",0.0836599999999933
"2025","HI","ELC","W15","ATX",0.0836599999999933
"2025","HI","ELC","W16","ATX",0.0836599999999933
"2025","HI","ELC","W17","ATX",0.0836599999999933
"2025","HI","ELC","W18","ATX",0.0836599999999933
"2025","HI","ELC","W19","ATX",0.0836599999999933
"2025","HI","ELC","W20","ATX",0.0836599999999933
"2025","HI","ELC","W21","ATX",0.0836599999999933
"2025","HI","ELC","W22","ATX",0.0836599999999933
"2025","HI","ELC","W23","ATX",0.0836599999999933
"2025","HI","ELC","W24","ATX",0.0836599999999933
"2025","HI","ELC","SF1","ATX",0.172019999999986
"2025","HI","ELC","SF2","ATX",0.172019999999986
"2025","HI","ELC","SF3","ATX",0.172019999999986
"2025","HI","ELC","SF4","ATX",0.172019999999986
"2025","HI","ELC","SF5","ATX",0.172019999999986
"2025","HI","ELC","SF6","ATX",0.172019999999986
"2025","HI","ELC","SF7","ATX",0.172019999999986
"2025","HI","ELC","SF8","ATX",0.172019999999986
"2025","HI","ELC","SF9","ATX",0.172019999999986
"2025","HI","ELC","SF10","ATX",0.172019999999986
"2025","HI","ELC","SF11","ATX",0.172019999999986
"2025","HI","ELC","SF12","ATX",0.172019999999986
"2025","HI","ELC","SF13","ATX",0.172019999999986
"2025","HI","ELC","SF14","ATX",0.172019999999986
"2025","HI","ELC","SF15","ATX",0.172019999999986
"2025","HI","ELC","SF16","ATX",0.172019999999986
"2025","HI","ELC","SF17","ATX",0.172019999999986
"2025","HI","ELC","SF18","ATX",0.172019999999986
"2025","HI","ELC","SF19","ATX",0.172019999999986
"2025","HI","ELC","SF20","ATX",0.172019999999986
"2025","HI","ELC","SF21","ATX",0.172019999999986
"2025","HI","ELC","SF22","ATX",0.172019999999986
"2025","HI","ELC","SF23","ATX",0.172019999999986
"2025","HI","ELC","SF24","ATX",0.172019999999986
"2025","HI","ELC","S1","ATX",0.087419999999993
"2025","HI","ELC","S2","ATX",0.087419999999993
"2025","HI","ELC","S3","ATX",0.087419999999993
"2025","HI","ELC","S4","ATX",0.087419999999993
"2025","HI","ELC","S5","ATX",0.087419999999993
"2025","HI","ELC","S6","ATX",0.087419999999993
"2025","HI","ELC","S7","ATX",0.087419999999993
"2025","HI","ELC","S8","ATX",0.087419999999993
"2025","HI","ELC","S9","ATX",0.087419999999993
"2025","HI","ELC","S10","ATX",0.087419999999993
"2025","HI","ELC","S11","ATX",0.087419999999993
"2025","HI","ELC","S12","ATX",0.087419999999993
"2025","HI","ELC","S13","ATX",0.087419999999993
"2025","HI","ELC","S14","ATX",0.087419999999993
"2025","HI","ELC","S15","ATX",0.087419999999993
"2025","HI","ELC","S16","ATX",0.087419999999993
"2025","HI","ELC","S17","ATX",0.087419999999993
"2025","HI","ELC","S18","ATX",0.087419999999993
"2025","HI","ELC","S19","ATX",0.087419999999993
"2025","HI","ELC","S20","ATX",0.087419999999993
"2025","HI","ELC","S21","ATX",0.087419999999993
"2025","HI","ELC","S22","ATX",0.087419999999993
"2025","HI","ELC","S23","ATX",0.087419999999993
"2025","HI","ELC","S24","ATX",0.087419999999993
"2026","LO","ELC","W1","ATX",0.0854399999999932
"2026","LO","ELC","W2","ATX",0.0854399999999932
"2026","LO","ELC","W3","ATX",0.0854399999999932
"2026","LO","ELC","W4","ATX",0.0854399999999932
"2026","LO","ELC","W5","ATX",0.0854399999999932
"2026","LO","ELC","W6","ATX",0.0854399999999932
"2026","LO","ELC","W7","ATX",0.0854399999999932
"2026","LO","ELC","W8","ATX",0.0854399999999932
"2026","LO","ELC","W9","ATX",0.0854399999999932
"2026","LO","ELC","W10","ATX",0.0854399999999932
"2026","LO","ELC","W11","ATX",0.0854399999999932
"2026","LO","ELC","W12","ATX",0.0854399999999932
"2026","LO","ELC","W13","ATX",0.0854399999999932
"2026","LO","ELC","W14","ATX",0.0854399999999932
"2026","LO","ELC","W15","ATX",0.0854399999999932
"2026","LO","ELC","W16","ATX",0.0854399999999932
"2026","LO","ELC","W17","ATX",0.0854399999999932
"2026","LO","ELC","W18","ATX",0.0854399999999932
"2026","LO","ELC","W19","ATX",0.0854399999999932
"2026","LO","ELC","W20","ATX",0.0854399999999932
"2026","LO","ELC","W21","ATX",0.0854399999999932
"2026","LO","ELC","W22","ATX",0.0854399999999932
"2026","LO","ELC","W23","ATX",0.0854399999999932
"2026","LO","ELC","W24","ATX",0.0854399999999932
"2026","LO","ELC","SF1","ATX",0.175679999999986
"2026","LO","ELC","SF2","ATX",0.175679999999986
"2026","LO","ELC","SF3","ATX",0.175679999999986
"2026","LO","ELC","SF4","ATX",0.175679999999986
"2026","LO","ELC","SF5","ATX",0.175679999999986
"2026","LO","ELC","SF6","ATX",0.175679999999986
"2026","LO","ELC","SF7","ATX",0.175679999999986
"2026","LO","ELC","SF8","ATX",0.175679999999986
"2026","LO","ELC","SF9","ATX",0.175679999999986
"2026","LO","ELC","SF10","ATX",0.175679999999986
"2026","LO","ELC","SF11","ATX",0.175679999999986
"2026","LO","ELC","SF12","ATX",0.175679999999986
"2026","LO","ELC","SF13","ATX",0.175679999999986
"2026","LO","ELC","SF14","ATX",0.175679999999986
"2026","LO","ELC","SF15","ATX",0.175679999999986
"2026","LO","ELC","SF16","ATX",0.175679999999986
"2026","LO","ELC","SF17","ATX",0.175679999999986
"2026","LO","ELC","SF18","ATX",0.175679999999986
"2026","LO","ELC","SF19","ATX",0.175679999999986
"2026","LO","ELC","SF20","ATX",0.175679999999986
"2026","LO","ELC","SF21","ATX",0.175679999999986
"2026","LO","ELC","SF22","ATX",0.175679999999986
"2026","LO","ELC","SF23","ATX",0.175679999999986
"2026","LO","ELC","SF24","ATX",0.175679999999986
"2026","LO","ELC","S1","ATX",0.0892799999999929
"2026","LO","ELC","S2","ATX",0.0892799999999929
"2026","LO","ELC","S3","ATX",0.0892799999999929
"2026","LO","ELC","S4","ATX",0.0892799999999929
"2026","LO","ELC","S5","ATX",0.0892799999999929
"2026","LO","ELC","S6","ATX",0.0892799999999929
"2026","LO","ELC","S7","ATX",0.0892799999999929
"2026","LO","ELC","S8","ATX",0.0892799999999929
"2026","LO","ELC","S9","ATX",0.0892799999999929
"2026","LO","ELC","S10","ATX",0.0892799999999929
"2026","LO","ELC","S11","ATX",0.0892799999999929
"2026","LO","ELC","S12","ATX",0.0892799999999929
"2026","LO","ELC","S13","ATX",0.0892799999999929
"2026","LO","ELC","S14","ATX",0.0892799999999929
"2026","LO","ELC","S15","ATX",0.0892799999999929
"2026","LO","ELC","S16","ATX",0.0892799999999929
"2026","LO","ELC","S17","ATX",0.0892799999999929
"2026","LO","ELC","S18","ATX",0.0892799999999929
"2026","LO","ELC","S19","ATX",0.0892799999999929
"2026","LO","ELC","S20","ATX",0.0892799999999929
"2026","LO","ELC","S21","ATX",0.0892799999999929
"2026","LO","ELC","S22","ATX",0.0892799999999929
"2026","LO","ELC","S23","ATX",0.0892799999999929
"2026","LO","ELC","S24","ATX",0.0892799999999929
"2026","MED","ELC","W1","ATX",0.0854399999999932
"2026","MED","ELC","W2","ATX",0.0854399999999932
"2026","MED","ELC","W3","ATX",0.0854399999999932
"2026","MED","ELC","W4","ATX",0.0854399999999932
"2026","MED","ELC","W5","ATX",0.0854399999999932
"2026","MED","ELC","W6","ATX",0.0854399999999932
"2026","MED","ELC","W7","ATX",0.0854399999999932
"2026","MED","ELC","W8","ATX",0.0854399999999932
"2026","MED","ELC","W9","ATX",0.0854399999999932
"2026","MED","ELC","W10","ATX",0.0854399999999932
"2026","MED","ELC","W11","ATX",0.0854399999999932
"2026","MED","ELC","W12","ATX",0.0854399999999932
"2026","MED","ELC","W13","ATX",0.0854399999999932
"2026","MED","ELC","W14","ATX",0.0854399999999932
"2026","MED","ELC","W15","ATX",0.0854399999999932
"2026","MED","ELC","W16","ATX",0.0854399999999932
"2026","MED","ELC","W17","ATX",0.0854399999999932
"2026","MED","ELC","W18","ATX",0.0854399999999932
"2026","MED","ELC","W19","ATX",0.0854399999999932
"2026","MED","ELC","W20","ATX",0.0854399999999932
"2026","MED","ELC","W21","ATX",0.0854399999999932
"2026","MED","ELC","W22","ATX",0.0854399999999932
"2026","MED","ELC","W23","ATX",0.0854399999999932
"2026","MED","ELC","W24","ATX",0.0854399999999932
"2026","MED","ELC","SF1","ATX",0.175679999999986
"2026","MED","ELC","SF2","ATX",0.175679999999986
"2026","MED","ELC","SF3","ATX",0.175679999999986
"2026","MED","ELC","SF4","ATX",0.175679999999986
"2026","MED","ELC","SF5","ATX",0.175679999999986
"2026","MED","ELC","SF6","ATX",0.175679999999986
"2026","MED","ELC","SF7","ATX",0.175679999999986
"2026","MED","ELC","SF8","ATX",0.175679999999986
"2026","MED","ELC","SF9","ATX",0.175679999999986
"2026","MED","ELC","SF10","ATX",0.175679999999986
"2026","MED","ELC","SF11","ATX",0.175679999999986
"2026","MED","ELC","SF12","ATX",0.175679999999986
"2026","MED","ELC","SF13","ATX",0.175679999999986
"2026","MED","ELC","SF14","ATX",0.175679999999986
"2026","MED","ELC","SF15","ATX",0.175679999999986
"2026","MED","ELC","SF16","ATX",0.175679999999986
"2026","MED","ELC","SF17","ATX",0.175679999999986
"2026","MED","ELC","SF18","ATX",0.175679999999986
"2026","MED","ELC","SF19","ATX",0.175679999999986
"2026","MED","ELC","SF20","ATX",0.175679999999986
"2026","MED","ELC","SF21","ATX",0.175679999999986
"2026","MED","ELC","SF22","ATX",0.175679999999986
"2026","MED","ELC","SF23","ATX",0.175679999999986
"2026","MED","ELC","SF24","ATX",0.175679999999986
"2026","MED","ELC","S1","ATX",0.0892799999999929
"2026","MED","ELC","S2","ATX",0.0892799999999929
"2026","MED","ELC","S3","ATX",0.0892799999999929
"2026","MED","ELC","S4","ATX",0.0892799999999929
"2026","MED","ELC","S5","ATX",0.0892799999999929
"2026","MED","ELC","S6","ATX",0.0892799999999929
"2026","MED","ELC","S7","ATX",0.0892799999999929
"2026","MED","ELC","S8","ATX",0.0892799999999929
"2026","MED","ELC","S9","ATX",0.0892799999999929
"2026","MED","ELC","S10","ATX",0.0892799999999929
"2026","MED","ELC","S11","ATX",0.0892799999999929
"2026","MED","ELC","S12","ATX",0.0892799999999929
"2026","MED","ELC","S13","ATX",0.0892799999999929
"2026","MED","ELC","S14","ATX",0.0892799999999929
"2026","MED","ELC","S15","ATX",0.0892799999999929
"2026","MED","ELC","S16","ATX",0.0892799999999929
"2026","MED","ELC","S17","ATX",0.0892799999999929
"2026","MED","ELC","S18","ATX",0.0892799999999929
"2026","MED","ELC","S19","ATX",0.0892799999999929
"2026","MED","ELC","S20","ATX",0.0892799999999929
"2026","MED","ELC","S21","ATX",0.0892799999999929
"2026","MED","ELC","S22","ATX",0.0892799999999929
"2026","MED","ELC","S23","ATX",0.0892799999999929
"2026","MED","ELC","S24","ATX",0.0892799999999929
"2026","HI","ELC","W1","ATX",0.0854399999999932
"2026","HI","ELC","W2","ATX",0.0854399999999932
"2026","HI","ELC","W3","ATX",0.0854399999999932
"2026","HI","ELC","W4","ATX",0.0854399999999932
"2026","HI","ELC","W5","ATX",0.0854399999999932
"2026","HI","ELC","W6","ATX",0.0854399999999932
"2026","HI","ELC","W7","ATX",0.0854399999999932
"2026","HI","ELC","W8","ATX",0.0854399999999932
"2026","HI","ELC","W9","ATX",0.0854399999999932
"2026","HI","ELC","W10","ATX",0.0854399999999932
"2026","HI","ELC","W11","ATX",0.0854399999999932
"2026","HI","ELC","W12","ATX",0.0854399999999932
"2026","HI","ELC","W13","ATX",0.0854399999999932
"2026","HI","ELC","W14","ATX",0.0854399999999932
"2026","HI","ELC","W15","ATX",0.0854399999999932
"2026","HI","ELC","W16","ATX",0.0854399999999932
"2026","HI","ELC","W17","ATX",0.0854399999999932
"2026","HI","ELC","W18","ATX",0.0854399999999932
"2026","HI","ELC","W19","ATX",0.0854399999999932
"2026","HI","ELC","W20","ATX",0.0854399999999932
"2026","HI","ELC","W21","ATX",0.0854399999999932
"2026","HI","ELC","W22","ATX",0.0854399999999932
"2026","HI","ELC","W23","ATX",0.0854399999999932
"2026","HI","ELC","W24","ATX",0.0854399999999932
"2026","HI","ELC","SF1","ATX",0.175679999999986
"2026","HI","ELC","SF2","ATX",0.175679999999986
"2026","HI","ELC","SF3","ATX",0.175679999999986
"2026","HI","ELC","SF4","ATX",0.175679999999986
"2026","HI","ELC","SF5","ATX",0.175679999999986
"2026","HI","ELC","SF6","ATX",0.175679999999986
"2026","HI","ELC","SF7","ATX",0.175679999999986
"2026","HI","ELC","SF8","ATX",0.175679999999986
"2026","HI","ELC","SF9","ATX",0.175679999999986
"2026","HI","ELC","SF10","ATX",0.175679999999986
"2026","HI","ELC","SF11","ATX",0.175679999999986
"2026","HI","ELC","SF12","ATX",0.175679999999986
"2026","HI","ELC","SF13","ATX",0.175679999999986
"2026","HI","ELC","SF14","ATX",0.175679999999986
"2026","HI","ELC","SF15","ATX",0.175679999999986
"2026","HI","ELC","SF16","ATX",0.175679999999986
"2026","HI","ELC","SF17","ATX",0.175679999999986
"2026","HI","ELC","SF18","ATX",0.175679999999986
"2026","HI","ELC","SF19","ATX",0.175679999999986
"2026","HI","ELC","SF20","ATX",0.175679999999986
"2026","HI","ELC","SF21","ATX",0.175679999999986
"2026","HI","ELC","SF22","ATX",0.175679999999986
"2026","HI","ELC","SF23","ATX",0.175679999999986
"2026","HI","ELC","SF24","ATX",0.175679999999986
"2026","HI","ELC","S1","ATX",0.0892799999999929
"2026","HI","ELC","S2","ATX",0.0892799999999929
"2026","HI","ELC","S3","ATX",0.0892799999999929
"2026","HI","ELC","S4","ATX",0.0892799999999929
"2026","HI","ELC","S5","ATX",0.0892799999999929
"2026","HI","ELC","S6","ATX",0.0892799999999929
"2026","HI","ELC","S7","ATX",0.0892799999999929
"2026","HI","ELC","S8","ATX",0.0892799999999929
"2026","HI","ELC","S9","ATX",0.0892799999999929
"2026","HI","ELC","S10","ATX",0.0892799999999929
"2026","HI","ELC","S11","ATX",0.0892799999999929
"2026","HI","ELC","S12","ATX",0.0892799999999929
"2026","HI","ELC","S13","ATX",0.0892799999999929
"2026","HI","ELC","S14","ATX",0.0892799999999929
"2026","HI","ELC","S15","ATX",0.0892799999999929
"2026","HI","ELC","S16","ATX",0.0892799999999929
"2026","HI","ELC","S17","ATX",0.0892799999999929
"2026","HI","ELC","S18","ATX",0.0892799999999929
"2026","HI","ELC","S19","ATX",0.0892799999999929
"2026","HI","ELC","S20","ATX",0.0892799999999929
"2026","HI","ELC","S21","ATX",0.0892799999999929
"2026","HI","ELC","S22","ATX",0.0892799999999929
"2026","HI","ELC","S23","ATX",0.0892799999999929
"2026","HI","ELC","S24","ATX",0.0892799999999929
"2027","LO","ELC","W1","ATX",0.087219999999993
"2027","LO","ELC","W2","ATX",0.087219999999993
"2027","LO","ELC","W3","ATX",0.087219999999993
"2027","LO","ELC","W4","ATX",0.087219999999993
"2027","LO","ELC","W5","ATX",0.087219999999993
"2027","LO","ELC","W6","ATX",0.087219999999993
"2027","LO","ELC","W7","ATX",0.087219999999993
"2027","LO","ELC","W8","ATX",0.087219999999993
"2027","LO","ELC","W9","ATX",0.087219999999993
"2027","LO","ELC","W10","ATX",0.087219999999993
"2027","LO","ELC","W11","ATX",0.087219999999993
"2027","LO","ELC","W12","ATX",0.087219999999993
"2027","LO","ELC","W13","ATX",0.087219999999993
"2027","LO","ELC","W14","ATX",0.087219999999993
"2027","LO","ELC","W15","ATX",0.087219999999993
"2027","LO","ELC","W16","ATX",0.087219999999993
"2027","LO","ELC","W17","ATX",0.087219999999993
"2027","LO","ELC","W18","ATX",0.087219999999993
"2027","LO","ELC","W19","ATX",0.087219999999993
"2027","LO","ELC","W20","ATX",0.087219999999993
"2027","LO","ELC","W21","ATX",0.087219999999993
"2027","LO","ELC","W22","ATX",0.087219999999993
"2027","LO","ELC","W23","ATX",0.087219999999993
"2027","LO","ELC","W24","ATX",0.087219999999993
"2027","LO","ELC","SF1","ATX",0.179339999999986
"2027","LO","ELC","SF2","ATX",0.179339999999986
"2027","LO","ELC","SF3","ATX",0.179339999999986
"2027","LO","ELC","SF4","ATX",0.179339999999986
"2027","LO","ELC","SF5","ATX",0.179339999999986
"2027","LO","ELC","SF6","ATX",0.179339999999986
"2027","LO","ELC","SF7","ATX",0.179339999999986
"2027","LO","ELC","SF8","ATX",0.179339999999986
"2027","LO","ELC","SF9","ATX",0.179339999999986
"2027","LO","ELC","SF10","ATX",0.179339999999986
"2027","LO","ELC","SF11","ATX",0.179339999999986
"2027","LO","ELC","SF12","ATX",0.179339999999986
"2027","LO","ELC","SF13","ATX",0.179339999999986
"2027","LO","ELC","SF14","ATX",0.179339999999986
"2027","LO","ELC","SF15","ATX",0.179339999999986
"2027","LO","ELC","SF16","ATX",0.179339999999986
"2027","LO","ELC","SF17","ATX",0.179339999999986
"2027","LO","ELC","SF18","ATX",0.179339999999986
"2027","LO","ELC","SF19","ATX",0.179339999999986
"2027","LO","ELC","SF20","ATX",0.179339999999986
"2027","LO","ELC","SF21","ATX",0.179339999999986
"2027","LO","ELC","SF22","ATX",0.179339999999986
"2027","LO","ELC","SF23","ATX",0.179339999999986
"2027","LO","ELC","SF24","ATX",0.179339999999986
"2027","LO","ELC","S1","ATX",0.0911399999999927
"2027","LO","ELC","S2","ATX",0.0911399999999927
"2027","LO","ELC","S3","ATX",0.0911399999999927
"2027","LO","ELC","S4","ATX",0.0911399999999927
"2027","LO","ELC","S5","ATX",0.0911399999999927
"2027","LO","ELC","S6","ATX",0.0911399999999927
"2027","LO","ELC","S7","ATX",0.0911399999999927
"2027","LO","ELC","S8","ATX",0.0911399999999927
"2027","LO","ELC","S9","ATX",0.0911399999999927
"2027","LO","ELC","S10","ATX",0.0911399999999927
"2027","LO","ELC","S11","ATX",0.0911399999999927
"2027","LO","ELC","S12","ATX",0.0911399999999927
"2027","LO","ELC","S13","ATX",0.0911399999999927
"2027","LO","ELC","S14","ATX",0.0911399999999927
"2027","LO","ELC","S15","ATX",0.0911399999999927
"2027","LO","ELC","S16","ATX",0.0911399999999927
"2027","LO","ELC","S17","ATX",0.0911399999999927
"2027","LO","ELC","S18","ATX",0.0911399999999927
"2027","LO","ELC","S19","ATX",0.0911399999999927
"2027","LO","ELC","S20","ATX",0.0911399999999927
"2027","LO","ELC","S21","ATX",0.0911399999999927
"2027","LO","ELC","S22","ATX",0.0911399999999927
"2027","LO","ELC","S23","ATX",0.0911399999999927
"2027","LO","ELC","S24","ATX",0.0911399999999927
"2027","MED","ELC","W1","ATX",0.087219999999993
"2027","MED","ELC","W2","ATX",0.087219999999993
"2027","MED","ELC","W3","ATX",0.087219999999993
"2027","MED","ELC","W4","ATX",0.087219999999993
"2027","MED","ELC","W5","ATX",0.087219999999993
"2027","MED","ELC","W6","ATX",0.087219999999993
"2027","MED","ELC","W7","ATX",0.087219999999993
"2027","MED","ELC","W8","ATX",0.087219999999993
"2027","MED","ELC","W9","ATX",0.087219999999993
"2027","MED","ELC","W10","ATX",0.087219999999993
"2027","MED","ELC","W11","ATX",0.087219999999993
"2027","MED","ELC","W12","ATX",0.087219999999993
"2027","MED","ELC","W13","ATX",0.087219999999993
"2027","MED","ELC","W14","ATX",0.087219999999993
"2027","MED","ELC","W15","ATX",0.087219999999993
"2027","MED","ELC","W16","ATX",0.087219999999993
"2027","MED","ELC","W17","ATX",0.087219999999993
"2027","MED","ELC","W18","ATX",0.087219999999993
"2027","MED","ELC","W19","ATX",0.087219999999993
"2027","MED","ELC","W20","ATX",0.087219999999993
"2027","MED","ELC","W21","ATX",0.087219999999993
"2027","MED","ELC","W22","ATX",0.087219999999993
"2027","MED","ELC","W23","ATX",0.087219999999993
"2027","MED","ELC","W24","ATX",0.087219999999993
"2027","MED","ELC","SF1","ATX",0.179339999999986
"2027","MED","ELC","SF2","ATX",0.179339999999986
"2027","MED","ELC","SF3","ATX",0.179339999999986
"2027","MED","ELC","SF4","ATX",0.179339999999986
"2027","MED","ELC","SF5","ATX",0.179339999999986
"2027","MED","ELC","SF6","ATX",0.179339999999986
"2027","MED","ELC","SF7","ATX",0.179339999999986
"2027","MED","ELC","SF8","ATX",0.179339999999986
"2027","MED","ELC","SF9","ATX",0.179339999999986
"2027","MED","ELC","SF10","ATX",0.179339999999986
"2027","MED","ELC","SF11","ATX",0.179339999999986
"2027","MED","ELC","SF12","ATX",0.179339999999986
"2027","MED","ELC","SF13","ATX",0.179339999999986
"2027","MED","ELC","SF14","ATX",0.179339999999986
"2027","MED","ELC","SF15","ATX",0.179339999999986
"2027","MED","ELC","SF16","ATX",0.179339999999986
"2027","MED","ELC","SF17","ATX",0.179339999999986
"2027","MED","ELC","SF18","ATX",0.179339999999986
"2027","MED","ELC","SF19","ATX",0.179339999999986
"2027","MED","ELC","SF20","ATX",0.179339999999986
"2027","MED","ELC","SF21","ATX",0.179339999999986
"2027","MED","ELC","SF22","ATX",0.179339999999986
"2027","MED","ELC","SF23","ATX",0.179339999999986
"2027","MED","ELC","SF24","ATX",0.179339999999986
"2027","MED","ELC","S1","ATX",0.0911399999999927
"2027","MED","ELC","S2","ATX",0.0911399999999927
"2027","MED","ELC","S3","ATX",0.0911399999999927
"2027","MED","ELC","S4","ATX",0.0911399999999927
"2027","MED","ELC","S5","ATX",0.0911399999999927
"2027","MED","ELC","S6","ATX",0.0911399999999927
"2027","MED","ELC","S7","ATX",0.0911399999999927
"2027","MED","ELC","S8","ATX",0.0911399999999927
"2027","MED","ELC","S9","ATX",0.0911399999999927
"2027","MED","ELC","S10","ATX",0.0911399999999927
"2027","MED","ELC","S11","ATX",0.0911399999999927
"2027","MED","ELC","S12","ATX",0.0911399999999927
"2027","MED","ELC","S13","ATX",0.0911399999999927
"2027","MED","ELC","S14","ATX",0.0911399999999927
"2027","MED","ELC","S15","ATX",0.0911399999999927
"2027","MED","ELC","S16","ATX",0.0911399999999927
"2027","MED","ELC","S17","ATX",0.0911399999999927
"2027","MED","ELC","S18","ATX",0.0911399999999927
"2027","MED","ELC","S19","ATX",0.0911399999999927
"2027","MED","ELC","S20","ATX",0.0911399999999927
"2027","MED","ELC","S21","ATX",0.0911399999999927
"2027","MED","ELC","S22","ATX",0.0911399999999927
"2027","MED","ELC","S23","ATX",0.0911399999999927
"2027","MED","ELC","S24","ATX",0.0911399999999927
"2027","HI","ELC","W1","ATX",0.087219999999993
"2027","HI","ELC","W2","ATX",0.087219999999993
"2027","HI","ELC","W3","ATX",0.087219999999993
"2027","HI","ELC","W4","ATX",0.087219999999993
"2027","HI","ELC","W5","ATX",0.087219999999993
"2027","HI","ELC","W6","ATX",0.087219999999993
"2027","HI","ELC","W7","ATX",0.087219999999993
"2027","HI","ELC","W8","ATX",0.087219999999993
"2027","HI","ELC","W9","ATX",0.087219999999993
"2027","HI","ELC","W10","ATX",0.087219999999993
"2027","HI","ELC","W11","ATX",0.087219999999993
"2027","HI","ELC","W12","ATX",0.087219999999993
"2027","HI","ELC","W13","ATX",0.087219999999993
"2027","HI","ELC","W14","ATX",0.087219999999993
"2027","HI","ELC","W15","ATX",0.087219999999993
"2027","HI","ELC","W16","ATX",0.087219999999993
"2027","HI","ELC","W17","ATX",0.087219999999993
"2027","HI","ELC","W18","ATX",0.087219999999993
"2027","HI","ELC","W19","ATX",0.087219999999993
"2027","HI","ELC","W20","ATX",0.087219999999993
"2027","HI","ELC","W21","ATX",0.087219999999993
"2027","HI","ELC","W22","ATX",0.087219999999993
"2027","HI","ELC","W23","ATX",0.087219999999993
"2027","HI","ELC","W24","ATX",0.087219999999993
"2027","HI","ELC","SF1","ATX",0.179339999999986
"2027","HI","ELC","SF2","ATX",0.179339999999986
"2027","HI","ELC","SF3","ATX",0.179339999999986
"2027","HI","ELC","SF4","ATX",0.179339999999986
"2027","HI","ELC","SF5","ATX",0.179339999999986
"2027","HI","ELC","SF6","ATX",0.179339999999986
"2027","HI","ELC","SF7","ATX",0.179339999999986
"2027","HI","ELC","SF8","ATX",0.179339999999986
"2027","HI","ELC","SF9","ATX",0.179339999999986
"2027","HI","ELC","SF10","ATX",0.179339999999986
"2027","HI","ELC","SF11","ATX",0.179339999999986
"2027","HI","ELC","SF12","ATX",0.179339999999986
"2027","HI","ELC","SF13","ATX",0.179339999999986
"2027","HI","ELC","SF14","ATX",0.179339999999986
"2027","HI","ELC","SF15","ATX",0.179339999999986
"2027","HI","ELC","SF16","ATX",0.179339999999986
"2027","HI","ELC","SF17","ATX",0.179339999999986
"2027","HI","ELC","SF18","ATX",0.179339999999986
"2027","HI","ELC","SF19","ATX",0.179339999999986
"2027","HI","ELC","SF20","ATX",0.179339999999986
"2027","HI","ELC","SF21","ATX",0.179339999999986
"2027","HI","ELC","SF22","ATX",0.179339999999986
"2027","HI","ELC","SF23","ATX",0.179339999999986
"2027","HI","ELC","SF24","ATX",0.179339999999986
"2027","HI","ELC","S1","ATX",0.0911399999999927
"2027","HI","ELC","S2","ATX",0.0911399999999927
"2027","HI","ELC","S3","ATX",0.0911399999999927
"2027","HI","ELC","S4","ATX",0.0911399999999927
"2027","HI","ELC","S5","ATX",0.0911399999999927
"2027","HI","ELC","S6","ATX",0.0911399999999927
"2027","HI","ELC","S7","ATX",0.0911399999999927
"2027","HI","ELC","S8","ATX",0.0911399999999927
"2027","HI","ELC","S9","ATX",0.0911399999999927
"2027","HI","ELC","S10","ATX",0.0911399999999927
"2027","HI","ELC","S11","ATX",0.0911399999999927
"2027","HI","ELC","S12","ATX",0.0911399999999927
"2027","HI","ELC","S13","ATX",0.0911399999999927
"2027","HI","ELC","S14","ATX",0.0911399999999927
"2027","HI","ELC","S15","ATX",0.0911399999999927
"2027","HI","ELC","S16","ATX",0.0911399999999927
"2027","HI","ELC","S17","ATX",0.0911399999999927
"2027","HI","ELC","S18","ATX",0.0911399999999927
"2027","HI","ELC","S19","ATX",0.0911399999999927
"2027","HI","ELC","S20","ATX",0.0911399999999927
"2027","HI","ELC","S21","ATX",0.0911399999999927
"2027","HI","ELC","S22","ATX",0.0911399999999927
"2027","HI","ELC","S23","ATX",0.0911399999999927
"2027","HI","ELC","S24","ATX",0.0911399999999927
"2028","LO","ELC","W1","ATX",0.0889999999999929
"2028","LO","ELC","W2","ATX",0.0889999999999929
"2028","LO","ELC","W3","ATX",0.0889999999999929
"2028","LO","ELC","W4","ATX",0.0889999999999929
"2028","LO","ELC","W5","ATX",0.0889999999999929
"2028","LO","ELC","W6","ATX",0.0889999999999929
"2028","LO","ELC","W7","ATX",0.0889999999999929
"2028","LO","ELC","W8","ATX",0.0889999999999929
"2028","LO","ELC","W9","ATX",0.0889999999999929
"2028","LO","ELC","W10","ATX",0.0889999999999929
"2028","LO","ELC","W11","ATX",0.0889999999999929
"2028","LO","ELC","W12","ATX",0.0889999999999929
"2028","LO","ELC","W13","ATX",0.0889999999999929
"2028","LO","ELC","W14","ATX",0.0889999999999929
"2028","LO","ELC","W15","ATX",0.0889999999999929
"2028","LO","ELC","W16","ATX",0.0889999999999929
"2028","LO","ELC","W17","ATX",0.0889999999999929
"2028","LO","ELC","W18","ATX",0.0889999999999929
"2028","LO","ELC","W19","ATX",0.0889999999999929
"2028","LO","ELC","W20","ATX",0.0889999999999929
"2028","LO","ELC","W21","ATX",0.0889999999999929
"2028","LO","ELC","W22","ATX",0.0889999999999929
"2028","LO","ELC","W23","ATX",0.0889999999999929
"2028","LO","ELC","W24","ATX",0.0889999999999929
"2028","LO","ELC","SF1","ATX",0.182999999999985
"2028","LO","ELC","SF2","ATX",0.182999999999985
"2028","LO","ELC","SF3","ATX",0.182999999999985
"2028","LO","ELC","SF4","ATX",0.182999999999985
"2028","LO","ELC","SF5","ATX",0.182999999999985
"2028","LO","ELC","SF6","ATX",0.182999999999985
"2028","LO","ELC","SF7","ATX",0.182999999999985
"2028","LO","ELC","SF8","ATX",0.182999999999985
"2028","LO","ELC","SF9","ATX",0.182999999999985
"2028","LO","ELC","SF10","ATX",0.182999999999985
"2028","LO","ELC","SF11","ATX",0.182999999999985
"2028","LO","ELC","SF12","ATX",0.182999999999985
"2028","LO","ELC","SF13","ATX",0.182999999999985
"2028","LO","ELC","SF14","ATX",0.182999999999985
"2028","LO","ELC","SF15","ATX",0.182999999999985
"2028","LO","ELC","SF16","ATX",0.182999999999985
"2028","LO","ELC","SF17","ATX",0.182999999999985
"2028","LO","ELC","SF18","ATX",0.182999999999985
"2028","LO","ELC","SF19","ATX",0.182999999999985
"2028","LO","ELC","SF20","ATX",0.182999999999985
"2028","LO","ELC","SF21","ATX",0.182999999999985
"2028","LO","ELC","SF22","ATX",0.182999999999985
"2028","LO","ELC","SF23","ATX",0.182999999999985
"2028","LO","ELC","SF24","ATX",0.182999999999985
"2028","LO","ELC","S1","ATX",0.0929999999999926
"2028","LO","ELC","S2","ATX",0.0929999999999926
"2028","LO","ELC","S3","ATX",0.0929999999999926
"2028","LO","ELC","S4","ATX",0.0929999999999926
"2028","LO","ELC","S5","ATX",0.0929999999999926
"2028","LO","ELC","S6","ATX",0.0929999999999926
"2028","LO","ELC","S7","ATX",0.0929999999999926
"2028","LO","ELC","S8","ATX",0.0929999999999926
"2028","LO","ELC","S9","ATX",0.0929999999999926
"2028","LO","ELC","S10","ATX",0.0929999999999926
"2028","LO","ELC","S11","ATX",0.0929999999999926
"2028","LO","ELC","S12","ATX",0.0929999999999926
"2028","LO","ELC","S13","ATX",0.0929999999999926
"2028","LO","ELC","S14","ATX",0.0929999999999926
"2028","LO","ELC","S15","ATX",0.0929999999999926
"2028","LO","ELC","S16","ATX",0.0929999999999926
"2028","LO","ELC","S17","ATX",0.0929999999999926
"2028","LO","ELC","S18","ATX",0.0929999999999926
"2028","LO","ELC","S19","ATX",0.0929999999999926
"2028","LO","ELC","S20","ATX",0.0929999999999926
"2028","LO","ELC","S21","ATX",0.0929999999999926
"2028","LO","ELC","S22","ATX",0.0929999999999926
"2028","LO","ELC","S23","ATX",0.0929999999999926
"2028","LO","ELC","S24","ATX",0.0929999999999926
"2028","MED","ELC","W1","ATX",0.0889999999999929
"2028","MED","ELC","W2","ATX",0.0889999999999929
"2028","MED","ELC","W3","ATX",0.0889999999999929
"2028","MED","ELC","W4","ATX",0.0889999999999929
"2028","MED","ELC","W5","ATX",0.0889999999999929
"2028","MED","ELC","W6","ATX",0.0889999999999929
"2028","MED","ELC","W7","ATX",0.0889999999999929
"2028","MED","ELC","W8","ATX",0.0889999999999929
"2028","MED","ELC","W9","ATX",0.0889999999999929
"2028","MED","ELC","W10","ATX",0.0889999999999929
"2028","MED","ELC","W11","ATX",0.0889999999999929
"2028","MED","ELC","W12","ATX",0.0889999999999929
"2028","MED","ELC","W13","ATX",0.0889999999999929
"2028","MED","ELC","W14","ATX",0.0889999999999929
"2028","MED","ELC","W15","ATX",0.0889999999999929
"2028","MED","ELC","W16","ATX",0.0889999999999929
"2028","MED","ELC","W17","ATX",0.0889999999999929
"2028","MED","ELC","W18","ATX",0.0889999999999929
"2028","MED","ELC","W19","ATX",0.0889999999999929
"2028","MED","ELC","W20","ATX",0.0889999999999929
"2028","MED","ELC","W21","ATX",0.0889999999999929
"2028","MED","ELC","W22","ATX",0.0889999999999929
"2028","MED","ELC","W23","ATX",0.0889999999999929
"2028","MED","ELC","W24","ATX",0.0889999999999929
"2028","MED","ELC","SF1","ATX",0.182999999999985
"2028","MED","ELC","SF2","ATX",0.182999999999985
"2028","MED","ELC","SF3","ATX",0.182999999999985
"2028","MED","ELC","SF4","ATX",0.182999999999985
"2028","MED","ELC","SF5","ATX",0.182999999999985
"2028","MED","ELC","SF6","ATX",0.182999999999985
"2028","MED","ELC","SF7","ATX",0.182999999999985
"2028","MED","ELC","SF8","ATX",0.182999999999985
"2028","MED","ELC","SF9","ATX",0.182999999999985
"2028","MED","ELC","SF10","ATX",0.182999999999985
"2028","MED","ELC","SF11","ATX",0.182999999999985
"2028","MED","ELC","SF12","ATX",0.182999999999985
"2028","MED","ELC","SF13","ATX",0.182999999999985
"2028","MED","ELC","SF14","ATX",0.182999999999985
"2028","MED","ELC","SF15","ATX",0.182999999999985
"2028","MED","ELC","SF16","ATX",0.182999999999985
"2028","MED","ELC","SF17","ATX",0.182999999999985
"2028","MED","ELC","SF18","ATX",0.182999999999985
"2028","MED","ELC","SF19","ATX",0.182999999999985
"2028","MED","ELC","SF20","ATX",0.182999999999985
"2028","MED","ELC","SF21","ATX",0.182999999999985
"2028","MED","ELC","SF22","ATX",0.182999999999985
"2028","MED","ELC","SF23","ATX",0.182999999999985
"2028","MED","ELC","SF24","ATX",0.182999999999985
"2028","MED","ELC","S1","ATX",0.0929999999999926
"2028","MED","ELC","S2","ATX",0.0929999999999926
"2028","MED","ELC","S3","ATX",0.0929999999999926
"2028","MED","ELC","S4","ATX",0.0929999999999926
"2028","MED","ELC","S5","ATX",0.0929999999999926
"2028","MED","ELC","S6","ATX",0.0929999999999926
"2028","MED","ELC","S7","ATX",0.0929999999999926
"2028","MED","ELC","S8","ATX",0.0929999999999926
"2028","MED","ELC","S9","ATX",0.0929999999999926
"2028","MED","ELC","S10","ATX",0.0929999999999926
"2028","MED","ELC","S11","ATX",0.0929999999999926
"2028","MED","ELC","S12","ATX",0.0929999999999926
"2028","MED","ELC","S13","ATX",0.0929999999999926
"2028","MED","ELC","S14","ATX",0.0929999999999926
"2028","MED","ELC","S15","ATX",0.0929999999999926
"2028","MED","ELC","S16","ATX",0.0929999999999926
"2028","MED","ELC","S17","ATX",0.0929999999999926
"2028","MED","ELC","S18","ATX",0.0929999999999926
"2028","MED","ELC","S19","ATX",0.0929999999999926
"2028","MED","ELC","S20","ATX",0.0929999999999926
"2028","MED","ELC","S21","ATX",0.0929999999999926
"2028","MED","ELC","S22","ATX",0.0929999999999926
"2028","MED","ELC","S23","ATX",0.0929999999999926
"2028","MED","ELC","S24","ATX",0.0929999999999926
"2028","HI","ELC","W1","ATX",0.0889999999999929
"2028","HI","ELC","W2","ATX",0.0889999999999929
"2028","HI","ELC","W3","ATX",0.0889999999999929
"2028","HI","ELC","W4","ATX",0.0889999999999929
"2028","HI","ELC","W5","ATX",0.0889999999999929
"2028","HI","ELC","W6","ATX",0.0889999999999929
"2028","HI","ELC","W7","ATX",0.0889999999999929
"2028","HI","ELC","W8","ATX",0.0889999999999929
"2028","HI","ELC","W9","ATX",0.0889999999999929
"2028","HI","ELC","W10","ATX",0.0889999999999929
"2028","HI","ELC","W11","ATX",0.0889999999999929
"2028","HI","ELC","W12","ATX",0.0889999999999929
"2028","HI","ELC","W13","ATX",0.0889999999999929
"2028","HI","ELC","W14","ATX",0.0889999999999929
"2028","HI","ELC","W15","ATX",0.0889999999999929
"2028","HI","ELC","W16","ATX",0.0889999999999929
"2028","HI","ELC","W17","ATX",0.0889999999999929
"2028","HI","ELC","W18","ATX",0.0889999999999929
"2028","HI","ELC","W19","ATX",0.0889999999999929
"2028","HI","ELC","W20","ATX",0.0889999999999929
"2028","HI","ELC","W21","ATX",0.0889999999999929
"2028","HI","ELC","W22","ATX",0.0889999999999929
"2028","HI","ELC","W23","ATX",0.0889999999999929
"2028","HI","ELC","W24","ATX",0.0889999999999929
"2028","HI","ELC","SF1","ATX",0.182999999999985
"2028","HI","ELC","SF2","ATX",0.182999999999985
"2028","HI","ELC","SF3","ATX",0.182999999999985
"2028","HI","ELC","SF4","ATX",0.182999999999985
"2028","HI","ELC","SF5","ATX",0.182999999999985
"2028","HI","ELC","SF6","ATX",0.182999999999985
"2028","HI","ELC","SF7","ATX",0.182999999999985
"2028","HI","ELC","SF8","ATX",0.182999999999985
"2028","HI","ELC","SF9","ATX",0.182999999999985
"2028","HI","ELC","SF10","ATX",0.182999999999985
"2028","HI","ELC","SF11","ATX",0.182999999999985
"2028","HI","ELC","SF12","ATX",0.182999999999985
"2028","HI","ELC","SF13","ATX",0.182999999999985
"2028","HI","ELC","SF14","ATX",0.182999999999985
"2028","HI","ELC","SF15","ATX",0.182999999999985
"2028","HI","ELC","SF16","ATX",0.182999999999985
"2028","HI","ELC","SF17","ATX",0.182999999999985
"2028","HI","ELC","SF18","ATX",0.182999999999985
"2028","HI","ELC","SF19","ATX",0.182999999999985
"2028","HI","ELC","SF20","ATX",0.182999999999985
"2028","HI","ELC","SF21","ATX",0.182999999999985
"2028","HI","ELC","SF22","ATX",0.182999999999985
"2028","HI","ELC","SF23","ATX",0.182999999999985
"2028","HI","ELC","SF24","ATX",0.182999999999985
"2028","HI","ELC","S1","ATX",0.0929999999999926
"2028","HI","ELC","S2","ATX",0.0929999999999926
"2028","HI","ELC","S3","ATX",0.0929999999999926
"2028","HI","ELC","S4","ATX",0.0929999999999926
"2028","HI","ELC","S5","ATX",0.0929999999999926
"2028","HI","ELC","S6","ATX",0.0929999999999926
"2028","HI","ELC","S7","ATX",0.0929999999999926
"2028","HI","ELC","S8","ATX",0.0929999999999926
"2028","HI","ELC","S9","ATX",0.0929999999999926
"2028","HI","ELC","S10","ATX",0.0929999999999926
"2028","HI","ELC","S11","ATX",0.0929999999999926
"2028","HI","ELC","S12","ATX",0.0929999999999926
"2028","HI","ELC","S13","ATX",0.0929999999999926
"2028","HI","ELC","S14","ATX",0.0929999999999926
"2028","HI","ELC","S15","ATX",0.0929999999999926
"2028","HI","ELC","S16","ATX",0.0929999999999926
"2028","HI","ELC","S17","ATX",0.0929999999999926
"2028","HI","ELC","S18","ATX",0.0929999999999926
"2028","HI","ELC","S19","ATX",0.0929999999999926
"2028","HI","ELC","S20","ATX",0.0929999999999926
"2028","HI","ELC","S21","ATX",0.0929999999999926
"2028","HI","ELC","S22","ATX",0.0929999999999926
"2028","HI","ELC","S23","ATX",0.0929999999999926
"2028","HI","ELC","S24","ATX",0.0929999999999926
"2029","LO","ELC","W1","ATX",0.0907799999999927
"2029","LO","ELC","W2","ATX",0.0907799999999927
"2029","LO","ELC","W3","ATX",0.0907799999999927
"2029","LO","ELC","W4","ATX",0.0907799999999927
"2029","LO","ELC","W5","ATX",0.0907799999999927
"2029","LO","ELC","W6","ATX",0.0907799999999927
"2029","LO","ELC","W7","ATX",0.0907799999999927
"2029","LO","ELC","W8","ATX",0.0907799999999927
"2029","LO","ELC","W9","ATX",0.0907799999999927
"2029","LO","ELC","W10","ATX",0.0907799999999927
"2029","LO","ELC","W11","ATX",0.0907799999999927
"2029","LO","ELC","W12","ATX",0.0907799999999927
"2029","LO","ELC","W13","ATX",0.0907799999999927
"2029","LO","ELC","W14","ATX",0.0907799999999927
"2029","LO","ELC","W15","ATX",0.0907799999999927
"2029","LO","ELC","W16","ATX",0.0907799999999927
"2029","LO","ELC","W17","ATX",0.0907799999999927
"2029","LO","ELC","W18","ATX",0.0907799999999927
"2029","LO","ELC","W19","ATX",0.0907799999999927
"2029","LO","ELC","W20","ATX",0.0907799999999927
"2029","LO","ELC","W21","ATX",0.0907799999999927
"2029","LO","ELC","W22","ATX",0.0907799999999927
"2029","LO","ELC","W23","ATX",0.0907799999999927
"2029","LO","ELC","W24","ATX",0.0907799999999927
"2029","LO","ELC","SF1","ATX",0.186659999999985
"2029","LO","ELC","SF2","ATX",0.186659999999985
"2029","LO","ELC","SF3","ATX",0.186659999999985
"2029","LO","ELC","SF4","ATX",0.186659999999985
"2029","LO","ELC","SF5","ATX",0.186659999999985
"2029","LO","ELC","SF6","ATX",0.186659999999985
"2029","LO","ELC","SF7","ATX",0.186659999999985
"2029","LO","ELC","SF8","ATX",0.186659999999985
"2029","LO","ELC","SF9","ATX",0.186659999999985
"2029","LO","ELC","SF10","ATX",0.186659999999985
"2029","LO","ELC","SF11","ATX",0.186659999999985
"2029","LO","ELC","SF12","ATX",0.186659999999985
"2029","LO","ELC","SF13","ATX",0.186659999999985
"2029","LO","ELC","SF14","ATX",0.186659999999985
"2029","LO","ELC","SF15","ATX",0.186659999999985
"2029","LO","ELC","SF16","ATX",0.186659999999985
"2029","LO","ELC","SF17","ATX",0.186659999999985
"2029","LO","ELC","SF18","ATX",0.186659999999985
"2029","LO","ELC","SF19","ATX",0.186659999999985
"2029","LO","ELC","SF20","ATX",0.186659999999985
"2029","LO","ELC","SF21","ATX",0.186659999999985
"2029","LO","ELC","SF22","ATX",0.186659999999985
"2029","LO","ELC","SF23","ATX",0.186659999999985
"2029","LO","ELC","SF24","ATX",0.186659999999985
"2029","LO","ELC","S1","ATX",0.0948599999999924
"2029","LO","ELC","S2","ATX",0.0948599999999924
"2029","LO","ELC","S3","ATX",0.0948599999999924
"2029","LO","ELC","S4","ATX",0.0948599999999924
"2029","LO","ELC","S5","ATX",0.0948599999999924
"2029","LO","ELC","S6","ATX",0.0948599999999924
"2029","LO","ELC","S7","ATX",0.0948599999999924
"2029","LO","ELC","S8","ATX",0.0948599999999924
"2029","LO","ELC","S9","ATX",0.0948599999999924
"2029","LO","ELC","S10","ATX",0.0948599999999924
"2029","LO","ELC","S11","ATX",0.0948599999999924
"2029","LO","ELC","S12","ATX",0.0948599999999924
"2029","LO","ELC","S13","ATX",0.0948599999999924
"2029","LO","ELC","S14","ATX",0.0948599999999924
"2029","LO","ELC","S15","ATX",0.0948599999999924
"2029","LO","ELC","S16","ATX",0.0948599999999924
"2029","LO","ELC","S17","ATX",0.0948599999999924
"2029","LO","ELC","S18","ATX",0.0948599999999924
"2029","LO","ELC","S19","ATX",0.0948599999999924
"2029","LO","ELC","S20","ATX",0.0948599999999924
"2029","LO","ELC","S21","ATX",0.0948599999999924
"2029","LO","ELC","S22","ATX",0.0948599999999924
"2029","LO","ELC","S23","ATX",0.0948599999999924
"2029","LO","ELC","S24","ATX",0.0948599999999924
"2029","MED","ELC","W1","ATX",0.0907799999999927
"2029","MED","ELC","W2","ATX",0.0907799999999927
"2029","MED","ELC","W3","ATX",0.0907799999999927
"2029","MED","ELC","W4","ATX",0.0907799999999927
"2029","MED","ELC","W5","ATX",0.0907799999999927
"2029","MED","ELC","W6","ATX",0.0907799999999927
"2029","MED","ELC","W7","ATX",0.0907799999999927
"2029","MED","ELC","W8","ATX",0.0907799999999927
"2029","MED","ELC","W9","ATX",0.0907799999999927
"2029","MED","ELC","W10","ATX",0.0907799999999927
"2029","MED","ELC","W11","ATX",0.0907799999999927
"2029","MED","ELC","W12","ATX",0.0907799999999927
"2029","MED","ELC","W13","ATX",0.0907799999999927
"2029","MED","ELC","W14","ATX",0.0907799999999927
"2029","MED","ELC","W15","ATX",0.0907799999999927
"2029","MED","ELC","W16","ATX",0.0907799999999927
"2029","MED","ELC","W17","ATX",0.0907799999999927
"2029","MED","ELC","W18","ATX",0.0907799999999927
"2029","MED","ELC","W19","ATX",0.0907799999999927
"2029","MED","ELC","W20","ATX",0.0907799999999927
"2029","MED","ELC","W21","ATX",0.0907799999999927
"2029","MED","ELC","W22","ATX",0.0907799999999927
"2029","MED","ELC","W23","ATX",0.0907799999999927
"2029","MED","ELC","W24","ATX",0.0907799999999927
"2029","MED","ELC","SF1","ATX",0.186659999999985
"2029","MED","ELC","SF2","ATX",0.186659999999985
"2029","MED","ELC","SF3","ATX",0.186659999999985
"2029","MED","ELC","SF4","ATX",0.186659999999985
"2029","MED","ELC","SF5","ATX",0.186659999999985
"2029","MED","ELC","SF6","ATX",0.186659999999985
"2029","MED","ELC","SF7","ATX",0.186659999999985
"2029","MED","ELC","SF8","ATX",0.186659999999985
"2029","MED","ELC","SF9","ATX",0.186659999999985
"2029","MED","ELC","SF10","ATX",0.186659999999985
"2029","MED","ELC","SF11","ATX",0.186659999999985
"2029","MED","ELC","SF12","ATX",0.186659999999985
"2029","MED","ELC","SF13","ATX",0.186659999999985
"2029","MED","ELC","SF14","ATX",0.186659999999985
"2029","MED","ELC","SF15","ATX",0.186659999999985
"2029","MED","ELC","SF16","ATX",0.186659999999985
"2029","MED","ELC","SF17","ATX",0.186659999999985
"2029","MED","ELC","SF18","ATX",0.186659999999985
"2029","MED","ELC","SF19","ATX",0.186659999999985
"2029","MED","ELC","SF20","ATX",0.186659999999985
"2029","MED","ELC","SF21","ATX",0.186659999999985
"2029","MED","ELC","SF22","ATX",0.186659999999985
"2029","MED","ELC","SF23","ATX",0.186659999999985
"2029","MED","ELC","SF24","ATX",0.186659999999985
"2029","MED","ELC","S1","ATX",0.0948599999999924
"2029","MED","ELC","S2","ATX",0.0948599999999924
"2029","MED","ELC","S3","ATX",0.0948599999999924
"2029","MED","ELC","S4","ATX",0.0948599999999924
"2029","MED","ELC","S5","ATX",0.0948599999999924
"2029","MED","ELC","S6","ATX",0.0948599999999924
"2029","MED","ELC","S7","ATX",0.0948599999999924
"2029","MED","ELC","S8","ATX",0.0948599999999924
"2029","MED","ELC","S9","ATX",0.0948599999999924
"2029","MED","ELC","S10","ATX",0.0948599999999924
"2029","MED","ELC","S11","ATX",0.0948599999999924
"2029","MED","ELC","S12","ATX",0.0948599999999924
"2029","MED","ELC","S13","ATX",0.0948599999999924
"2029","MED","ELC","S14","ATX",0.0948599999999924
"2029","MED","ELC","S15","ATX",0.0948599999999924
"2029","MED","ELC","S16","ATX",0.0948599999999924
"2029","MED","ELC","S17","ATX",0.0948599999999924
"2029","MED","ELC","S18","ATX",0.0948599999999924
"2029","MED","ELC","S19","ATX",0.0948599999999924
"2029","MED","ELC","S20","ATX",0.0948599999999924
"2029","MED","ELC","S21","ATX",0.0948599999999924
"2029","MED","ELC","S22","ATX",0.0948599999999924
"2029","MED","ELC","S23","ATX",0.0948599999999924
"2029","MED","ELC","S24","ATX",0.0948599999999924
"2029","HI","ELC","W1","ATX",0.0907799999999927
"2029","HI","ELC","W2","ATX",0.0907799999999927
"2029","HI","ELC","W3","ATX",0.0907799999999927
"2029","HI","ELC","W4","ATX",0.0907799999999927
"2029","HI","ELC","W5","ATX",0.0907799999999927
"2029","HI","ELC","W6","ATX",0.0907799999999927
"2029","HI","ELC","W7","ATX",0.0907799999999927
"2029","HI","ELC","W8","ATX",0.0907799999999927
"2029","HI","ELC","W9","ATX",0.0907799999999927
"2029","HI","ELC","W10","ATX",0.0907799999999927
"2029","HI","ELC","W11","ATX",0.0907799999999927
"2029","HI","ELC","W12","ATX",0.0907799999999927
"2029","HI","ELC","W13","ATX",0.0907799999999927
"2029","HI","ELC","W14","ATX",0.0907799999999927
"2029","HI","ELC","W15","ATX",0.0907799999999927
"2029","HI","ELC","W16","ATX",0.0907799999999927
"2029","HI","ELC","W17","ATX",0.0907799999999927
"2029","HI","ELC","W18","ATX",0.0907799999999927
"2029","HI","ELC","W19","ATX",0.0907799999999927
"2029","HI","ELC","W20","ATX",0.0907799999999927
"2029","HI","ELC","W21","ATX",0.0907799999999927
"2029","HI","ELC","W22","ATX",0.0907799999999927
"2029","HI","ELC","W23","ATX",0.0907799999999927
"2029","HI","ELC","W24","ATX",0.0907799999999927
"2029","HI","ELC","SF1","ATX",0.186659999999985
"2029","HI","ELC","SF2","ATX",0.186659999999985
"2029","HI","ELC","SF3","ATX",0.186659999999985
"2029","HI","ELC","SF4","ATX",0.186659999999985
"2029","HI","ELC","SF5","ATX",0.186659999999985
"2029","HI","ELC","SF6","ATX",0.186659999999985
"2029","HI","ELC","SF7","ATX",0.186659999999985
"2029","HI","ELC","SF8","ATX",0.186659999999985
"2029","HI","ELC","SF9","ATX",0.186659999999985
"2029","HI","ELC","SF10","ATX",0.186659999999985
"2029","HI","ELC","SF11","ATX",0.186659999999985
"2029","HI","ELC","SF12","ATX",0.186659999999985
"2029","HI","ELC","SF13","ATX",0.186659999999985
"2029","HI","ELC","SF14","ATX",0.186659999999985
"2029","HI","ELC","SF15","ATX",0.186659999999985
"2029","HI","ELC","SF16","ATX",0.186659999999985
"2029","HI","ELC","SF17","ATX",0.186659999999985
"2029","HI","ELC","SF18","ATX",0.186659999999985
"2029","HI","ELC","SF19","ATX",0.186659999999985
"2029","HI","ELC","SF20","ATX",0.186659999999985
"2029","HI","ELC","SF21","ATX",0.186659999999985
"2029","HI","ELC","SF22","ATX",0.186659999999985
"2029","HI","ELC","SF23","ATX",0.186659999999985
"2029","HI","ELC","SF24","ATX",0.186659999999985
"2029","HI","ELC","S1","ATX",0.0948599999999924
"2029","HI","ELC","S2","ATX",0.0948599999999924
"2029","HI","ELC","S3","ATX",0.0948599999999924
"2029","HI","ELC","S4","ATX",0.0948599999999924
"2029","HI","ELC","S5","ATX",0.0948599999999924
"2029","HI","ELC","S6","ATX",0.0948599999999924
"2029","HI","ELC","S7","ATX",0.0948599999999924
"2029","HI","ELC","S8","ATX",0.0948599999999924
"2029","HI","ELC","S9","ATX",0.0948599999999924
"2029","HI","ELC","S10","ATX",0.0948599999999924
"2029","HI","ELC","S11","ATX",0.0948599999999924
"2029","HI","ELC","S12","ATX",0.0948599999999924
"2029","HI","ELC","S13","ATX",0.0948599999999924
"2029","HI","ELC","S14","ATX",0.0948599999999924
"2029","HI","ELC","S15","ATX",0.0948599999999924
"2029","HI","ELC","S16","ATX",0.0948599999999924
"2029","HI","ELC","S17","ATX",0.0948599999999924
"2029","HI","ELC","S18","ATX",0.0948599999999924
"2029","HI","ELC","S19","ATX",0.0948599999999924
"2029","HI","ELC","S20","ATX",0.0948599999999924
"2029","HI","ELC","S21","ATX",0.0948599999999924
"2029","HI","ELC","S22","ATX",0.0948599999999924
"2029","HI","ELC","S23","ATX",0.0948599999999924
"2029","HI","ELC","S24","ATX",0.0948599999999924
"2030","LO","ELC","W1","ATX",0.0925599999999926
"2030","LO","ELC","W2","ATX",0.0925599999999926
"2030","LO","ELC","W3","ATX",0.0925599999999926
"2030","LO","ELC","W4","ATX",0.0925599999999926
"2030","LO","ELC","W5","ATX",0.0925599999999926
"2030","LO","ELC","W6","ATX",0.0925599999999926
"2030","LO","ELC","W7","ATX",0.0925599999999926
"2030","LO","ELC","W8","ATX",0.0925599999999926
"2030","LO","ELC","W9","ATX",0.0925599999999926
"2030","LO","ELC","W10","ATX",0.0925599999999926
"2030","LO","ELC","W11","ATX",0.0925599999999926
"2030","LO","ELC","W12","ATX",0.0925599999999926
"2030","LO","ELC","W13","ATX",0.0925599999999926
"2030","LO","ELC","W14","ATX",0.0925599999999926
"2030","LO","ELC","W15","ATX",0.0925599999999926
"2030","LO","ELC","W16","ATX",0.0925599999999926
"2030","LO","ELC","W17","ATX",0.0925599999999926
"2030","LO","ELC","W18","ATX",0.0925599999999926
"2030","LO","ELC","W19","ATX",0.0925599999999926
"2030","LO","ELC","W20","ATX",0.0925599999999926
"2030","LO","ELC","W21","ATX",0.0925599999999926
"2030","LO","ELC","W22","ATX",0.0925599999999926
"2030","LO","ELC","W23","ATX",0.0925599999999926
"2030","LO","ELC","W24","ATX",0.0925599999999926
"2030","LO","ELC","SF1","ATX",0.190319999999985
"2030","LO","ELC","SF2","ATX",0.190319999999985
"2030","LO","ELC","SF3","ATX",0.190319999999985
"2030","LO","ELC","SF4","ATX",0.190319999999985
"2030","LO","ELC","SF5","ATX",0.190319999999985
"2030","LO","ELC","SF6","ATX",0.190319999999985
"2030","LO","ELC","SF7","ATX",0.190319999999985
"2030","LO","ELC","SF8","ATX",0.190319999999985
"2030","LO","ELC","SF9","ATX",0.190319999999985
"2030","LO","ELC","SF10","ATX",0.190319999999985
"2030","LO","ELC","SF11","ATX",0.190319999999985
"2030","LO","ELC","SF12","ATX",0.190319999999985
"2030","LO","ELC","SF13","ATX",0.190319999999985
"2030","LO","ELC","SF14","ATX",0.190319999999985
"2030","LO","ELC","SF15","ATX",0.190319999999985
"2030","LO","ELC","SF16","ATX",0.190319999999985
"2030","LO","ELC","SF17","ATX",0.190319999999985
"2030","LO","ELC","SF18","ATX",0.190319999999985
"2030","LO","ELC","SF19","ATX",0.190319999999985
"2030","LO","ELC","SF20","ATX",0.190319999999985
"2030","LO","ELC","SF21","ATX",0.190319999999985
"2030","LO","ELC","SF22","ATX",0.190319999999985
"2030","LO","ELC","SF23","ATX",0.190319999999985
"2030","LO","ELC","SF24","ATX",0.190319999999985
"2030","LO","ELC","S1","ATX",0.0967199999999923
"2030","LO","ELC","S2","ATX",0.0967199999999923
"2030","LO","ELC","S3","ATX",0.0967199999999923
"2030","LO","ELC","S4","ATX",0.0967199999999923
"2030","LO","ELC","S5","ATX",0.0967199999999923
"2030","LO","ELC","S6","ATX",0.0967199999999923
"2030","LO","ELC","S7","ATX",0.0967199999999923
"2030","LO","ELC","S8","ATX",0.0967199999999923
"2030","LO","ELC","S9","ATX",0.0967199999999923
"2030","LO","ELC","S10","ATX",0.0967199999999923
"2030","LO","ELC","S11","ATX",0.0967199999999923
"2030","LO","ELC","S12","ATX",0.0967199999999923
"2030","LO","ELC","S13","ATX",0.0967199999999923
"2030","LO","ELC","S14","ATX",0.0967199999999923
"2030","LO","ELC","S15","ATX",0.0967199999999923
"2030","LO","ELC","S16","ATX",0.0967199999999923
"2030","LO","ELC","S17","ATX",0.0967199999999923
"2030","LO","ELC","S18","ATX",0.0967199999999923
"2030","LO","ELC","S19","ATX",0.0967199999999923
"2030","LO","ELC","S20","ATX",0.0967199999999923
"2030","LO","ELC","S21","ATX",0.0967199999999923
"2030","LO","ELC","S22","ATX",0.0967199999999923
"2030","LO","ELC","S23","ATX",0.0967199999999923
"2030","LO","ELC","S24","ATX",0.0967199999999923
"2030","MED","ELC","W1","ATX",0.0925599999999926
"2030","MED","ELC","W2","ATX",0.0925599999999926
"2030","MED","ELC","W3","ATX",0.0925599999999926
"2030","MED","ELC","W4","ATX",0.0925599999999926
"2030","MED","ELC","W5","ATX",0.0925599999999926
"2030","MED","ELC","W6","ATX",0.0925599999999926
"2030","MED","ELC","W7","ATX",0.0925599999999926
"2030","MED","ELC","W8","ATX",0.0925599999999926
"2030","MED","ELC","W9","ATX",0.0925599999999926
"2030","MED","ELC","W10","ATX",0.0925599999999926
"2030","MED","ELC","W11","ATX",0.0925599999999926
"2030","MED","ELC","W12","ATX",0.0925599999999926
"2030","MED","ELC","W13","ATX",0.0925599999999926
"2030","MED","ELC","W14","ATX",0.0925599999999926
"2030","MED","ELC","W15","ATX",0.0925599999999926
"2030","MED","ELC","W16","ATX",0.0925599999999926
"2030","MED","ELC","W17","ATX",0.0925599999999926
"2030","MED","ELC","W18","ATX",0.0925599999999926
"2030","MED","ELC","W19","ATX",0.0925599999999926
"2030","MED","ELC","W20","ATX",0.0925599999999926
"2030","MED","ELC","W21","ATX",0.0925599999999926
"2030","MED","ELC","W22","ATX",0.0925599999999926
"2030","MED","ELC","W23","ATX",0.0925599999999926
"2030","MED","ELC","W24","ATX",0.0925599999999926
"2030","MED","ELC","SF1","ATX",0.190319999999985
"2030","MED","ELC","SF2","ATX",0.190319999999985
"2030","MED","ELC","SF3","ATX",0.190319999999985
"2030","MED","ELC","SF4","ATX",0.190319999999985
"2030","MED","ELC","SF5","ATX",0.190319999999985
"2030","MED","ELC","SF6","ATX",0.190319999999985
"2030","MED","ELC","SF7","ATX",0.190319999999985
"2030","MED","ELC","SF8","ATX",0.190319999999985
"2030","MED","ELC","SF9","ATX",0.190319999999985
"2030","MED","ELC","SF10","ATX",0.190319999999985
"2030","MED","ELC","SF11","ATX",0.190319999999985
"2030","MED","ELC","SF12","ATX",0.190319999999985
"2030","MED","ELC","SF13","ATX",0.190319999999985
"2030","MED","ELC","SF14","ATX",0.190319999999985
"2030","MED","ELC","SF15","ATX",0.190319999999985
"2030","MED","ELC","SF16","ATX",0.190319999999985
"2030","MED","ELC","SF17","ATX",0.190319999999985
"2030","MED","ELC","SF18","ATX",0.190319999999985
"2030","MED","ELC","SF19","ATX",0.190319999999985
"2030","MED","ELC","SF20","ATX",0.190319999999985
"2030","MED","ELC","SF21","ATX",0.190319999999985
"2030","MED","ELC","SF22","ATX",0.190319999999985
"2030","MED","ELC","SF23","ATX",0.190319999999985
"2030","MED","ELC","SF24","ATX",0.190319999999985
"2030","MED","ELC","S1","ATX",0.0967199999999923
"2030","MED","ELC","S2","ATX",0.0967199999999923
"2030","MED","ELC","S3","ATX",0.0967199999999923
"2030","MED","ELC","S4","ATX",0.0967199999999923
"2030","MED","ELC","S5","ATX",0.0967199999999923
"2030","MED","ELC","S6","ATX",0.0967199999999923
"2030","MED","ELC","S7","ATX",0.0967199999999923
"2030","MED","ELC","S8","ATX",0.0967199999999923
"2030","MED","ELC","S9","ATX",0.0967199999999923
"2030","MED","ELC","S10","ATX",0.0967199999999923
"2030","MED","ELC","S11","ATX",0.0967199999999923
"2030","MED","ELC","S12","ATX",0.0967199999999923
"2030","MED","ELC","S13","ATX",0.0967199999999923
"2030","MED","ELC","S14","ATX",0.0967199999999923
"2030","MED","ELC","S15","ATX",0.0967199999999923
"2030","MED","ELC","S16","ATX",0.0967199999999923
"2030","MED","ELC","S17","ATX",0.0967199999999923
"2030","MED","ELC","S18","ATX",0.0967199999999923
"2030","MED","ELC","S19","ATX",0.0967199999999923
"2030","MED","ELC","S20","ATX",0.0967199999999923
"2030","MED","ELC","S21","ATX",0.0967199999999923
"2030","MED","ELC","S22","ATX",0.0967199999999923
"2030","MED","ELC","S23","ATX",0.0967199999999923
"2030","MED","ELC","S24","ATX",0.0967199999999923
"2030","HI","ELC","W1","ATX",0.0925599999999926
"2030","HI","ELC","W2","ATX",0.0925599999999926
"2030","HI","ELC","W3","ATX",0.0925599999999926
"2030","HI","ELC","W4","ATX",0.0925599999999926
"2030","HI","ELC","W5","ATX",0.0925599999999926
"2030","HI","ELC","W6","ATX",0.0925599999999926
"2030","HI","ELC","W7","ATX",0.0925599999999926
"2030","HI","ELC","W8","ATX",0.0925599999999926
"2030","HI","ELC","W9","ATX",0.0925599999999926
"2030","HI","ELC","W10","ATX",0.0925599999999926
"2030","HI","ELC","W11","ATX",0.0925599999999926
"2030","HI","ELC","W12","ATX",0.0925599999999926
"2030","HI","ELC","W13","ATX",0.0925599999999926
"2030","HI","ELC","W14","ATX",0.0925599999999926
"2030","HI","ELC","W15","ATX",0.0925599999999926
"2030","HI","ELC","W16","ATX",0.0925599999999926
"2030","HI","ELC","W17","ATX",0.0925599999999926
"2030","HI","ELC","W18","ATX",0.0925599999999926
"2030","HI","ELC","W19","ATX",0.0925599999999926
"2030","HI","ELC","W20","ATX",0.0925599999999926
"2030","HI","ELC","W21","ATX",0.0925599999999926
"2030","HI","ELC","W22","ATX",0.0925599999999926
"2030","HI","ELC","W23","ATX",0.0925599999999926
"2030","HI","ELC","W24","ATX",0.0925599999999926
"2030","HI","ELC","SF1","ATX",0.190319999999985
"2030","HI","ELC","SF2","ATX",0.190319999999985
"2030","HI","ELC","SF3","ATX",0.190319999999985
"2030","HI","ELC","SF4","ATX",0.190319999999985
"2030","HI","ELC","SF5","ATX",0.190319999999985
"2030","HI","ELC","SF6","ATX",0.190319999999985
"2030","HI","ELC","SF7","ATX",0.190319999999985
"2030","HI","ELC","SF8","ATX",0.190319999999985
"2030","HI","ELC","SF9","ATX",0.190319999999985
"2030","HI","ELC","SF10","ATX",0.190319999999985
"2030","HI","ELC","SF11","ATX",0.190319999999985
"2030","HI","ELC","SF12","ATX",0.190319999999985
"2030","HI","ELC","SF13","ATX",0.190319999999985
"2030","HI","ELC","SF14","ATX",0.190319999999985
"2030","HI","ELC","SF15","ATX",0.190319999999985
"2030","HI","ELC","SF16","ATX",0.190319999999985
"2030","HI","ELC","SF17","ATX",0.190319999999985
"2030","HI","ELC","SF18","ATX",0.190319999999985
"2030","HI","ELC","SF19","ATX",0.190319999999985
"2030","HI","ELC","SF20","ATX",0.190319999999985
"2030","HI","ELC","SF21","ATX",0.190319999999985
"2030","HI","ELC","SF22","ATX",0.190319999999985
"2030","HI","ELC","SF23","ATX",0.190319999999985
"2030","HI","ELC","SF24","ATX",0.190319999999985
"2030","HI","ELC","S1","ATX",0.0967199999999923
"2030","HI","ELC","S2","ATX",0.0967199999999923
"2030","HI","ELC","S3","ATX",0.0967199999999923
"2030","HI","ELC","S4","ATX",0.0967199999999923
"2030","HI","ELC","S5","ATX",0.0967199999999923
"2030","HI","ELC","S6","ATX",0.0967199999999923
"2030","HI","ELC","S7","ATX",0.0967199999999923
"2030","HI","ELC","S8","ATX",0.0967199999999923
"2030","HI","ELC","S9","ATX",0.0967199999999923
"2030","HI","ELC","S10","ATX",0.0967199999999923
"2030","HI","ELC","S11","ATX",0.0967199999999923
"2030","HI","ELC","S12","ATX",0.0967199999999923
"2030","HI","ELC","S13","ATX",0.0967199999999923
"2030","HI","ELC","S14","ATX",0.0967199999999923
"2030","HI","ELC","S15","ATX",0.0967199999999923
"2030","HI","ELC","S16","ATX",0.0967199999999923
"2030","HI","ELC","S17","ATX",0.0967199999999923
"2030","HI","ELC","S18","ATX",0.0967199999999923
"2030","HI","ELC","S19","ATX",0.0967199999999923
"2030","HI","ELC","S20","ATX",0.0967199999999923
"2030","HI","ELC","S21","ATX",0.0967199999999923
"2030","HI","ELC","S22","ATX",0.0967199999999923
"2030","HI","ELC","S23","ATX",0.0967199999999923
"2030","HI","ELC","S24","ATX",0.0967199999999923
"2031","LO","ELC","W1","ATX",0.0943399999999924
"2031","LO","ELC","W2","ATX",0.0943399999999924
"2031","LO","ELC","W3","ATX",0.0943399999999924
"2031","LO","ELC","W4","ATX",0.0943399999999924
"2031","LO","ELC","W5","ATX",0.0943399999999924
"2031","LO","ELC","W6","ATX",0.0943399999999924
"2031","LO","ELC","W7","ATX",0.0943399999999924
"2031","LO","ELC","W8","ATX",0.0943399999999924
"2031","LO","ELC","W9","ATX",0.0943399999999924
"2031","LO","ELC","W10","ATX",0.0943399999999924
"2031","LO","ELC","W11","ATX",0.0943399999999924
"2031","LO","ELC","W12","ATX",0.0943399999999924
"2031","LO","ELC","W13","ATX",0.0943399999999924
"2031","LO","ELC","W14","ATX",0.0943399999999924
"2031","LO","ELC","W15","ATX",0.0943399999999924
"2031","LO","ELC","W16","ATX",0.0943399999999924
"2031","LO","ELC","W17","ATX",0.0943399999999924
"2031","LO","ELC","W18","ATX",0.0943399999999924
"2031","LO","ELC","W19","ATX",0.0943399999999924
"2031","LO","ELC","W20","ATX",0.0943399999999924
"2031","LO","ELC","W21","ATX",0.0943399999999924
"2031","LO","ELC","W22","ATX",0.0943399999999924
"2031","LO","ELC","W23","ATX",0.0943399999999924
"2031","LO","ELC","W24","ATX",0.0943399999999924
"2031","LO","ELC","SF1","ATX",0.193979999999984
"2031","LO","ELC","SF2","ATX",0.193979999999984
"2031","LO","ELC","SF3","ATX",0.193979999999984
"2031","LO","ELC","SF4","ATX",0.193979999999984
"2031","LO","ELC","SF5","ATX",0.193979999999984
"2031","LO","ELC","SF6","ATX",0.193979999999984
"2031","LO","ELC","SF7","ATX",0.193979999999984
"2031","LO","ELC","SF8","ATX",0.193979999999984
"2031","LO","ELC","SF9","ATX",0.193979999999984
"2031","LO","ELC","SF10","ATX",0.193979999999984
"2031","LO","ELC","SF11","ATX",0.193979999999984
"2031","LO","ELC","SF12","ATX",0.193979999999984
"2031","LO","ELC","SF13","ATX",0.193979999999984
"2031","LO","ELC","SF14","ATX",0.193979999999984
"2031","LO","ELC","SF15","ATX",0.193979999999984
"2031","LO","ELC","SF16","ATX",0.193979999999984
"2031","LO","ELC","SF17","ATX",0.193979999999984
"2031","LO","ELC","SF18","ATX",0.193979999999984
"2031","LO","ELC","SF19","ATX",0.193979999999984
"2031","LO","ELC","SF20","ATX",0.193979999999984
"2031","LO","ELC","SF21","ATX",0.193979999999984
"2031","LO","ELC","SF22","ATX",0.193979999999984
"2031","LO","ELC","SF23","ATX",0.193979999999984
"2031","LO","ELC","SF24","ATX",0.193979999999984
"2031","LO","ELC","S1","ATX",0.0985799999999921
"2031","LO","ELC","S2","ATX",0.0985799999999921
"2031","LO","ELC","S3","ATX",0.0985799999999921
"2031","LO","ELC","S4","ATX",0.0985799999999921
"2031","LO","ELC","S5","ATX",0.0985799999999921
"2031","LO","ELC","S6","ATX",0.0985799999999921
"2031","LO","ELC","S7","ATX",0.0985799999999921
"2031","LO","ELC","S8","ATX",0.0985799999999921
"2031","LO","ELC","S9","ATX",0.0985799999999921
"2031","LO","ELC","S10","ATX",0.0985799999999921
"2031","LO","ELC","S11","ATX",0.0985799999999921
"2031","LO","ELC","S12","ATX",0.0985799999999921
"2031","LO","ELC","S13","ATX",0.0985799999999921
"2031","LO","ELC","S14","ATX",0.0985799999999921
"2031","LO","ELC","S15","ATX",0.0985799999999921
"2031","LO","ELC","S16","ATX",0.0985799999999921
"2031","LO","ELC","S17","ATX",0.0985799999999921
"2031","LO","ELC","S18","ATX",0.0985799999999921
"2031","LO","ELC","S19","ATX",0.0985799999999921
"2031","LO","ELC","S20","ATX",0.0985799999999921
"2031","LO","ELC","S21","ATX",0.0985799999999921
"2031","LO","ELC","S22","ATX",0.0985799999999921
"2031","LO","ELC","S23","ATX",0.0985799999999921
"2031","LO","ELC","S24","ATX",0.0985799999999921
"2031","MED","ELC","W1","ATX",0.0943399999999924
"2031","MED","ELC","W2","ATX",0.0943399999999924
"2031","MED","ELC","W3","ATX",0.0943399999999924
"2031","MED","ELC","W4","ATX",0.0943399999999924
"2031","MED","ELC","W5","ATX",0.0943399999999924
"2031","MED","ELC","W6","ATX",0.0943399999999924
"2031","MED","ELC","W7","ATX",0.0943399999999924
"2031","MED","ELC","W8","ATX",0.0943399999999924
"2031","MED","ELC","W9","ATX",0.0943399999999924
"2031","MED","ELC","W10","ATX",0.0943399999999924
"2031","MED","ELC","W11","ATX",0.0943399999999924
"2031","MED","ELC","W12","ATX",0.0943399999999924
"2031","MED","ELC","W13","ATX",0.0943399999999924
"2031","MED","ELC","W14","ATX",0.0943399999999924
"2031","MED","ELC","W15","ATX",0.0943399999999924
"2031","MED","ELC","W16","ATX",0.0943399999999924
"2031","MED","ELC","W17","ATX",0.0943399999999924
"2031","MED","ELC","W18","ATX",0.0943399999999924
"2031","MED","ELC","W19","ATX",0.0943399999999924
"2031","MED","ELC","W20","ATX",0.0943399999999924
"2031","MED","ELC","W21","ATX",0.0943399999999924
"2031","MED","ELC","W22","ATX",0.0943399999999924
"2031","MED","ELC","W23","ATX",0.0943399999999924
"2031","MED","ELC","W24","ATX",0.0943399999999924
"2031","MED","ELC","SF1","ATX",0.193979999999984
"2031","MED","ELC","SF2","ATX",0.193979999999984
"2031","MED","ELC","SF3","ATX",0.193979999999984
"2031","MED","ELC","SF4","ATX",0.193979999999984
"2031","MED","ELC","SF5","ATX",0.193979999999984
"2031","MED","ELC","SF6","ATX",0.193979999999984
"2031","MED","ELC","SF7","ATX",0.193979999999984
"2031","MED","ELC","SF8","ATX",0.193979999999984
"2031","MED","ELC","SF9","ATX",0.193979999999984
"2031","MED","ELC","SF10","ATX",0.193979999999984
"2031","MED","ELC","SF11","ATX",0.193979999999984
"2031","MED","ELC","SF12","ATX",0.193979999999984
"2031","MED","ELC","SF13","ATX",0.193979999999984
"2031","MED","ELC","SF14","ATX",0.193979999999984
"2031","MED","ELC","SF15","ATX",0.193979999999984
"2031","MED","ELC","SF16","ATX",0.193979999999984
"2031","MED","ELC","SF17","ATX",0.193979999999984
"2031","MED","ELC","SF18","ATX",0.193979999999984
"2031","MED","ELC","SF19","ATX",0.193979999999984
"2031","MED","ELC","SF20","ATX",0.193979999999984
"2031","MED","ELC","SF21","ATX",0.193979999999984
"2031","MED","ELC","SF22","ATX",0.193979999999984
"2031","MED","ELC","SF23","ATX",0.193979999999984
"2031","MED","ELC","SF24","ATX",0.193979999999984
"2031","MED","ELC","S1","ATX",0.0985799999999921
"2031","MED","ELC","S2","ATX",0.0985799999999921
"2031","MED","ELC","S3","ATX",0.0985799999999921
"2031","MED","ELC","S4","ATX",0.0985799999999921
"2031","MED","ELC","S5","ATX",0.0985799999999921
"2031","MED","ELC","S6","ATX",0.0985799999999921
"2031","MED","ELC","S7","ATX",0.0985799999999921
"2031","MED","ELC","S8","ATX",0.0985799999999921
"2031","MED","ELC","S9","ATX",0.0985799999999921
"2031","MED","ELC","S10","ATX",0.0985799999999921
"2031","MED","ELC","S11","ATX",0.0985799999999921
"2031","MED","ELC","S12","ATX",0.0985799999999921
"2031","MED","ELC","S13","ATX",0.0985799999999921
"2031","MED","ELC","S14","ATX",0.0985799999999921
"2031","MED","ELC","S15","ATX",0.0985799999999921
"2031","MED","ELC","S16","ATX",0.0985799999999921
"2031","MED","ELC","S17","ATX",0.0985799999999921
"2031","MED","ELC","S18","ATX",0.0985799999999921
"2031","MED","ELC","S19","ATX",0.0985799999999921
"2031","MED","ELC","S20","ATX",0.0985799999999921
"2031","MED","ELC","S21","ATX",0.0985799999999921
"2031","MED","ELC","S22","ATX",0.0985799999999921
"2031","MED","ELC","S23","ATX",0.0985799999999921
"2031","MED","ELC","S24","ATX",0.0985799999999921
"2031","HI","ELC","W1","ATX",0.0943399999999924
"2031","HI","ELC","W2","ATX",0.0943399999999924
"2031","HI","ELC","W3","ATX",0.0943399999999924
"2031","HI","ELC","W4","ATX",0.0943399999999924
"2031","HI","ELC","W5","ATX",0.0943399999999924
"2031","HI","ELC","W6","ATX",0.0943399999999924
"2031","HI","ELC","W7","ATX",0.0943399999999924
"2031","HI","ELC","W8","ATX",0.0943399999999924
"2031","HI","ELC","W9","ATX",0.0943399999999924
"2031","HI","ELC","W10","ATX",0.0943399999999924
"2031","HI","ELC","W11","ATX",0.0943399999999924
"2031","HI","ELC","W12","ATX",0.0943399999999924
"2031","HI","ELC","W13","ATX",0.0943399999999924
"2031","HI","ELC","W14","ATX",0.0943399999999924
"2031","HI","ELC","W15","ATX",0.0943399999999924
"2031","HI","ELC","W16","ATX",0.0943399999999924
"2031","HI","ELC","W17","ATX",0.0943399999999924
"2031","HI","ELC","W18","ATX",0.0943399999999924
"2031","HI","ELC","W19","ATX",0.0943399999999924
"2031","HI","ELC","W20","ATX",0.0943399999999924
"2031","HI","ELC","W21","ATX",0.0943399999999924
"2031","HI","ELC","W22","ATX",0.0943399999999924
"2031","HI","ELC","W23","ATX",0.0943399999999924
"2031","HI","ELC","W24","ATX",0.0943399999999924
"2031","HI","ELC","SF1","ATX",0.193979999999984
"2031","HI","ELC","SF2","ATX",0.193979999999984
"2031","HI","ELC","SF3","ATX",0.193979999999984
"2031","HI","ELC","SF4","ATX",0.193979999999984
"2031","HI","ELC","SF5","ATX",0.193979999999984
"2031","HI","ELC","SF6","ATX",0.193979999999984
"2031","HI","ELC","SF7","ATX",0.193979999999984
"2031","HI","ELC","SF8","ATX",0.193979999999984
"2031","HI","ELC","SF9","ATX",0.193979999999984
"2031","HI","ELC","SF10","ATX",0.193979999999984
"2031","HI","ELC","SF11","ATX",0.193979999999984
"2031","HI","ELC","SF12","ATX",0.193979999999984
"2031","HI","ELC","SF13","ATX",0.193979999999984
"2031","HI","ELC","SF14","ATX",0.193979999999984
"2031","HI","ELC","SF15","ATX",0.193979999999984
"2031","HI","ELC","SF16","ATX",0.193979999999984
"2031","HI","ELC","SF17","ATX",0.193979999999984
"2031","HI","ELC","SF18","ATX",0.193979999999984
"2031","HI","ELC","SF19","ATX",0.193979999999984
"2031","HI","ELC","SF20","ATX",0.193979999999984
"2031","HI","ELC","SF21","ATX",0.193979999999984
"2031","HI","ELC","SF22","ATX",0.193979999999984
"2031","HI","ELC","SF23","ATX",0.193979999999984
"2031","HI","ELC","SF24","ATX",0.193979999999984
"2031","HI","ELC","S1","ATX",0.0985799999999921
"2031","HI","ELC","S2","ATX",0.0985799999999921
"2031","HI","ELC","S3","ATX",0.0985799999999921
"2031","HI","ELC","S4","ATX",0.0985799999999921
"2031","HI","ELC","S5","ATX",0.0985799999999921
"2031","HI","ELC","S6","ATX",0.0985799999999921
"2031","HI","ELC","S7","ATX",0.0985799999999921
"2031","HI","ELC","S8","ATX",0.0985799999999921
"2031","HI","ELC","S9","ATX",0.0985799999999921
"2031","HI","ELC","S10","ATX",0.0985799999999921
"2031","HI","ELC","S11","ATX",0.0985799999999921
"2031","HI","ELC","S12","ATX",0.0985799999999921
"2031","HI","ELC","S13","ATX",0.0985799999999921
"2031","HI","ELC","S14","ATX",0.0985799999999921
"2031","HI","ELC","S15","ATX",0.0985799999999921
"2031","HI","ELC","S16","ATX",0.0985799999999921
"2031","HI","ELC","S17","ATX",0.0985799999999921
"2031","HI","ELC","S18","ATX",0.0985799999999921
"2031","HI","ELC","S19","ATX",0.0985799999999921
"2031","HI","ELC","S20","ATX",0.0985799999999921
"2031","HI","ELC","S21","ATX",0.0985799999999921
"2031","HI","ELC","S22","ATX",0.0985799999999921
"2031","HI","ELC","S23","ATX",0.0985799999999921
"2031","HI","ELC","S24","ATX",0.0985799999999921
"2032","LO","ELC","W1","ATX",0.0961199999999923
"2032","LO","ELC","W2","ATX",0.0961199999999923
"2032","LO","ELC","W3","ATX",0.0961199999999923
"2032","LO","ELC","W4","ATX",0.0961199999999923
"2032","LO","ELC","W5","ATX",0.0961199999999923
"2032","LO","ELC","W6","ATX",0.0961199999999923
"2032","LO","ELC","W7","ATX",0.0961199999999923
"2032","LO","ELC","W8","ATX",0.0961199999999923
"2032","LO","ELC","W9","ATX",0.0961199999999923
"2032","LO","ELC","W10","ATX",0.0961199999999923
"2032","LO","ELC","W11","ATX",0.0961199999999923
"2032","LO","ELC","W12","ATX",0.0961199999999923
"2032","LO","ELC","W13","ATX",0.0961199999999923
"2032","LO","ELC","W14","ATX",0.0961199999999923
"2032","LO","ELC","W15","ATX",0.0961199999999923
"2032","LO","ELC","W16","ATX",0.0961199999999923
"2032","LO","ELC","W17","ATX",0.0961199999999923
"2032","LO","ELC","W18","ATX",0.0961199999999923
"2032","LO","ELC","W19","ATX",0.0961199999999923
"2032","LO","ELC","W20","ATX",0.0961199999999923
"2032","LO","ELC","W21","ATX",0.0961199999999923
"2032","LO","ELC","W22","ATX",0.0961199999999923
"2032","LO","ELC","W23","ATX",0.0961199999999923
"2032","LO","ELC","W24","ATX",0.0961199999999923
"2032","LO","ELC","SF1","ATX",0.197639999999984
"2032","LO","ELC","SF2","ATX",0.197639999999984
"2032","LO","ELC","SF3","ATX",0.197639999999984
"2032","LO","ELC","SF4","ATX",0.197639999999984
"2032","LO","ELC","SF5","ATX",0.197639999999984
"2032","LO","ELC","SF6","ATX",0.197639999999984
"2032","LO","ELC","SF7","ATX",0.197639999999984
"2032","LO","ELC","SF8","ATX",0.197639999999984
"2032","LO","ELC","SF9","ATX",0.197639999999984
"2032","LO","ELC","SF10","ATX",0.197639999999984
"2032","LO","ELC","SF11","ATX",0.197639999999984
"2032","LO","ELC","SF12","ATX",0.197639999999984
"2032","LO","ELC","SF13","ATX",0.197639999999984
"2032","LO","ELC","SF14","ATX",0.197639999999984
"2032","LO","ELC","SF15","ATX",0.197639999999984
"2032","LO","ELC","SF16","ATX",0.197639999999984
"2032","LO","ELC","SF17","ATX",0.197639999999984
"2032","LO","ELC","SF18","ATX",0.197639999999984
"2032","LO","ELC","SF19","ATX",0.197639999999984
"2032","LO","ELC","SF20","ATX",0.197639999999984
"2032","LO","ELC","SF21","ATX",0.197639999999984
"2032","LO","ELC","SF22","ATX",0.197639999999984
"2032","LO","ELC","SF23","ATX",0.197639999999984
"2032","LO","ELC","SF24","ATX",0.197639999999984
"2032","LO","ELC","S1","ATX",0.100439999999992
"2032","LO","ELC","S2","ATX",0.100439999999992
"2032","LO","ELC","S3","ATX",0.100439999999992
"2032","LO","ELC","S4","ATX",0.100439999999992
"2032","LO","ELC","S5","ATX",0.100439999999992
"2032","LO","ELC","S6","ATX",0.100439999999992
"2032","LO","ELC","S7","ATX",0.100439999999992
"2032","LO","ELC","S8","ATX",0.100439999999992
"2032","LO","ELC","S9","ATX",0.100439999999992
"2032","LO","ELC","S10","ATX",0.100439999999992
"2032","LO","ELC","S11","ATX",0.100439999999992
"2032","LO","ELC","S12","ATX",0.100439999999992
"2032","LO","ELC","S13","ATX",0.100439999999992
"2032","LO","ELC","S14","ATX",0.100439999999992
"2032","LO","ELC","S15","ATX",0.100439999999992
"2032","LO","ELC","S16","ATX",0.100439999999992
"2032","LO","ELC","S17","ATX",0.100439999999992
"2032","LO","ELC","S18","ATX",0.100439999999992
"2032","LO","ELC","S19","ATX",0.100439999999992
"2032","LO","ELC","S20","ATX",0.100439999999992
"2032","LO","ELC","S21","ATX",0.100439999999992
"2032","LO","ELC","S22","ATX",0.100439999999992
"2032","LO","ELC","S23","ATX",0.100439999999992
"2032","LO","ELC","S24","ATX",0.100439999999992
"2032","MED","ELC","W1","ATX",0.0961199999999923
"2032","MED","ELC","W2","ATX",0.0961199999999923
"2032","MED","ELC","W3","ATX",0.0961199999999923
"2032","MED","ELC","W4","ATX",0.0961199999999923
"2032","MED","ELC","W5","ATX",0.0961199999999923
"2032","MED","ELC","W6","ATX",0.0961199999999923
"2032","MED","ELC","W7","ATX",0.0961199999999923
"2032","MED","ELC","W8","ATX",0.0961199999999923
"2032","MED","ELC","W9","ATX",0.0961199999999923
"2032","MED","ELC","W10","ATX",0.0961199999999923
"2032","MED","ELC","W11","ATX",0.0961199999999923
"2032","MED","ELC","W12","ATX",0.0961199999999923
"2032","MED","ELC","W13","ATX",0.0961199999999923
"2032","MED","ELC","W14","ATX",0.0961199999999923
"2032","MED","ELC","W15","ATX",0.0961199999999923
"2032","MED","ELC","W16","ATX",0.0961199999999923
"2032","MED","ELC","W17","ATX",0.0961199999999923
"2032","MED","ELC","W18","ATX",0.0961199999999923
"2032","MED","ELC","W19","ATX",0.0961199999999923
"2032","MED","ELC","W20","ATX",0.0961199999999923
"2032","MED","ELC","W21","ATX",0.0961199999999923
"2032","MED","ELC","W22","ATX",0.0961199999999923
"2032","MED","ELC","W23","ATX",0.0961199999999923
"2032","MED","ELC","W24","ATX",0.0961199999999923
"2032","MED","ELC","SF1","ATX",0.197639999999984
"2032","MED","ELC","SF2","ATX",0.197639999999984
"2032","MED","ELC","SF3","ATX",0.197639999999984
"2032","MED","ELC","SF4","ATX",0.197639999999984
"2032","MED","ELC","SF5","ATX",0.197639999999984
"2032","MED","ELC","SF6","ATX",0.197639999999984
"2032","MED","ELC","SF7","ATX",0.197639999999984
"2032","MED","ELC","SF8","ATX",0.197639999999984
"2032","MED","ELC","SF9","ATX",0.197639999999984
"2032","MED","ELC","SF10","ATX",0.197639999999984
"2032","MED","ELC","SF11","ATX",0.197639999999984
"2032","MED","ELC","SF12","ATX",0.197639999999984
"2032","MED","ELC","SF13","ATX",0.197639999999984
"2032","MED","ELC","SF14","ATX",0.197639999999984
"2032","MED","ELC","SF15","ATX",0.197639999999984
"2032","MED","ELC","SF16","ATX",0.197639999999984
"2032","MED","ELC","SF17","ATX",0.197639999999984
"2032","MED","ELC","SF18","ATX",0.197639999999984
"2032","MED","ELC","SF19","ATX",0.197639999999984
"2032","MED","ELC","SF20","ATX",0.197639999999984
"2032","MED","ELC","SF21","ATX",0.197639999999984
"2032","MED","ELC","SF22","ATX",0.197639999999984
"2032","MED","ELC","SF23","ATX",0.197639999999984
"2032","MED","ELC","SF24","ATX",0.197639999999984
"2032","MED","ELC","S1","ATX",0.100439999999992
"2032","MED","ELC","S2","ATX",0.100439999999992
"2032","MED","ELC","S3","ATX",0.100439999999992
"2032","MED","ELC","S4","ATX",0.100439999999992
"2032","MED","ELC","S5","ATX",0.100439999999992
"2032","MED","ELC","S6","ATX",0.100439999999992
"2032","MED","ELC","S7","ATX",0.100439999999992
"2032","MED","ELC","S8","ATX",0.100439999999992
"2032","MED","ELC","S9","ATX",0.100439999999992
"2032","MED","ELC","S10","ATX",0.100439999999992
"2032","MED","ELC","S11","ATX",0.100439999999992
"2032","MED","ELC","S12","ATX",0.100439999999992
"2032","MED","ELC","S13","ATX",0.100439999999992
"2032","MED","ELC","S14","ATX",0.100439999999992
"2032","MED","ELC","S15","ATX",0.100439999999992
"2032","MED","ELC","S16","ATX",0.100439999999992
"2032","MED","ELC","S17","ATX",0.100439999999992
"2032","MED","ELC","S18","ATX",0.100439999999992
"2032","MED","ELC","S19","ATX",0.100439999999992
"2032","MED","ELC","S20","ATX",0.100439999999992
"2032","MED","ELC","S21","ATX",0.100439999999992
"2032","MED","ELC","S22","ATX",0.100439999999992
"2032","MED","ELC","S23","ATX",0.100439999999992
"2032","MED","ELC","S24","ATX",0.100439999999992
"2032","HI","ELC","W1","ATX",0.0961199999999923
"2032","HI","ELC","W2","ATX",0.0961199999999923
"2032","HI","ELC","W3","ATX",0.0961199999999923
"2032","HI","ELC","W4","ATX",0.0961199999999923
"2032","HI","ELC","W5","ATX",0.0961199999999923
"2032","HI","ELC","W6","ATX",0.0961199999999923
"2032","HI","ELC","W7","ATX",0.0961199999999923
"2032","HI","ELC","W8","ATX",0.0961199999999923
"2032","HI","ELC","W9","ATX",0.0961199999999923
"2032","HI","ELC","W10","ATX",0.0961199999999923
"2032","HI","ELC","W11","ATX",0.0961199999999923
"2032","HI","ELC","W12","ATX",0.0961199999999923
"2032","HI","ELC","W13","ATX",0.0961199999999923
"2032","HI","ELC","W14","ATX",0.0961199999999923
"2032","HI","ELC","W15","ATX",0.0961199999999923
"2032","HI","ELC","W16","ATX",0.0961199999999923
"2032","HI","ELC","W17","ATX",0.0961199999999923
"2032","HI","ELC","W18","ATX",0.0961199999999923
"2032","HI","ELC","W19","ATX",0.0961199999999923
"2032","HI","ELC","W20","ATX",0.0961199999999923
"2032","HI","ELC","W21","ATX",0.0961199999999923
"2032","HI","ELC","W22","ATX",0.0961199999999923
"2032","HI","ELC","W23","ATX",0.0961199999999923
"2032","HI","ELC","W24","ATX",0.0961199999999923
"2032","HI","ELC","SF1","ATX",0.197639999999984
"2032","HI","ELC","SF2","ATX",0.197639999999984
"2032","HI","ELC","SF3","ATX",0.197639999999984
"2032","HI","ELC","SF4","ATX",0.197639999999984
"2032","HI","ELC","SF5","ATX",0.197639999999984
"2032","HI","ELC","SF6","ATX",0.197639999999984
"2032","HI","ELC","SF7","ATX",0.197639999999984
"2032","HI","ELC","SF8","ATX",0.197639999999984
"2032","HI","ELC","SF9","ATX",0.197639999999984
"2032","HI","ELC","SF10","ATX",0.197639999999984
"2032","HI","ELC","SF11","ATX",0.197639999999984
"2032","HI","ELC","SF12","ATX",0.197639999999984
"2032","HI","ELC","SF13","ATX",0.197639999999984
"2032","HI","ELC","SF14","ATX",0.197639999999984
"2032","HI","ELC","SF15","ATX",0.197639999999984
"2032","HI","ELC","SF16","ATX",0.197639999999984
"2032","HI","ELC","SF17","ATX",0.197639999999984
"2032","HI","ELC","SF18","ATX",0.197639999999984
"2032","HI","ELC","SF19","ATX",0.197639999999984
"2032","HI","ELC","SF20","ATX",0.197639999999984
"2032","HI","ELC","SF21","ATX",0.197639999999984
"2032","HI","ELC","SF22","ATX",0.197639999999984
"2032","HI","ELC","SF23","ATX",0.197639999999984
"2032","HI","ELC","SF24","ATX",0.197639999999984
"2032","HI","ELC","S1","ATX",0.100439999999992
"2032","HI","ELC","S2","ATX",0.100439999999992
"2032","HI","ELC","S3","ATX",0.100439999999992
"2032","HI","ELC","S4","ATX",0.100439999999992
"2032","HI","ELC","S5","ATX",0.100439999999992
"2032","HI","ELC","S6","ATX",0.100439999999992
"2032","HI","ELC","S7","ATX",0.100439999999992
"2032","HI","ELC","S8","ATX",0.100439999999992
"2032","HI","ELC","S9","ATX",0.100439999999992
"2032","HI","ELC","S10","ATX",0.100439999999992
"2032","HI","ELC","S11","ATX",0.100439999999992
"2032","HI","ELC","S12","ATX",0.100439999999992
"2032","HI","ELC","S13","ATX",0.100439999999992
"2032","HI","ELC","S14","ATX",0.100439999999992
"2032","HI","ELC","S15","ATX",0.100439999999992
"2032","HI","ELC","S16","ATX",0.100439999999992
"2032","HI","ELC","S17","ATX",0.100439999999992
"2032","HI","ELC","S18","ATX",0.100439999999992
"2032","HI","ELC","S19","ATX",0.100439999999992
"2032","HI","ELC","S20","ATX",0.100439999999992
"2032","HI","ELC","S21","ATX",0.100439999999992
"2032","HI","ELC","S22","ATX",0.100439999999992
"2032","HI","ELC","S23","ATX",0.100439999999992
"2032","HI","ELC","S24","ATX",0.100439999999992
"2033","LO","ELC","W1","ATX",0.0978999999999922
"2033","LO","ELC","W2","ATX",0.0978999999999922
"2033","LO","ELC","W3","ATX",0.0978999999999922
"2033","LO","ELC","W4","ATX",0.0978999999999922
"2033","LO","ELC","W5","ATX",0.0978999999999922
"2033","LO","ELC","W6","ATX",0.0978999999999922
"2033","LO","ELC","W7","ATX",0.0978999999999922
"2033","LO","ELC","W8","ATX",0.0978999999999922
"2033","LO","ELC","W9","ATX",0.0978999999999922
"2033","LO","ELC","W10","ATX",0.0978999999999922
"2033","LO","ELC","W11","ATX",0.0978999999999922
"2033","LO","ELC","W12","ATX",0.0978999999999922
"2033","LO","ELC","W13","ATX",0.0978999999999922
"2033","LO","ELC","W14","ATX",0.0978999999999922
"2033","LO","ELC","W15","ATX",0.0978999999999922
"2033","LO","ELC","W16","ATX",0.0978999999999922
"2033","LO","ELC","W17","ATX",0.0978999999999922
"2033","LO","ELC","W18","ATX",0.0978999999999922
"2033","LO","ELC","W19","ATX",0.0978999999999922
"2033","LO","ELC","W20","ATX",0.0978999999999922
"2033","LO","ELC","W21","ATX",0.0978999999999922
"2033","LO","ELC","W22","ATX",0.0978999999999922
"2033","LO","ELC","W23","ATX",0.0978999999999922
"2033","LO","ELC","W24","ATX",0.0978999999999922
"2033","LO","ELC","SF1","ATX",0.201299999999984
"2033","LO","ELC","SF2","ATX",0.201299999999984
"2033","LO","ELC","SF3","ATX",0.201299999999984
"2033","LO","ELC","SF4","ATX",0.201299999999984
"2033","LO","ELC","SF5","ATX",0.201299999999984
"2033","LO","ELC","SF6","ATX",0.201299999999984
"2033","LO","ELC","SF7","ATX",0.201299999999984
"2033","LO","ELC","SF8","ATX",0.201299999999984
"2033","LO","ELC","SF9","ATX",0.201299999999984
"2033","LO","ELC","SF10","ATX",0.201299999999984
"2033","LO","ELC","SF11","ATX",0.201299999999984
"2033","LO","ELC","SF12","ATX",0.201299999999984
"2033","LO","ELC","SF13","ATX",0.201299999999984
"2033","LO","ELC","SF14","ATX",0.201299999999984
"2033","LO","ELC","SF15","ATX",0.201299999999984
"2033","LO","ELC","SF16","ATX",0.201299999999984
"2033","LO","ELC","SF17","ATX",0.201299999999984
"2033","LO","ELC","SF18","ATX",0.201299999999984
"2033","LO","ELC","SF19","ATX",0.201299999999984
"2033","LO","ELC","SF20","ATX",0.201299999999984
"2033","LO","ELC","SF21","ATX",0.201299999999984
"2033","LO","ELC","SF22","ATX",0.201299999999984
"2033","LO","ELC","SF23","ATX",0.201299999999984
"2033","LO","ELC","SF24","ATX",0.201299999999984
"2033","LO","ELC","S1","ATX",0.102299999999992
"2033","LO","ELC","S2","ATX",0.102299999999992
"2033","LO","ELC","S3","ATX",0.102299999999992
"2033","LO","ELC","S4","ATX",0.102299999999992
"2033","LO","ELC","S5","ATX",0.102299999999992
"2033","LO","ELC","S6","ATX",0.102299999999992
"2033","LO","ELC","S7","ATX",0.102299999999992
"2033","LO","ELC","S8","ATX",0.102299999999992
"2033","LO","ELC","S9","ATX",0.102299999999992
"2033","LO","ELC","S10","ATX",0.102299999999992
"2033","LO","ELC","S11","ATX",0.102299999999992
"2033","LO","ELC","S12","ATX",0.102299999999992
"2033","LO","ELC","S13","ATX",0.102299999999992
"2033","LO","ELC","S14","ATX",0.102299999999992
"2033","LO","ELC","S15","ATX",0.102299999999992
"2033","LO","ELC","S16","ATX",0.102299999999992
"2033","LO","ELC","S17","ATX",0.102299999999992
"2033","LO","ELC","S18","ATX",0.102299999999992
"2033","LO","ELC","S19","ATX",0.102299999999992
"2033","LO","ELC","S20","ATX",0.102299999999992
"2033","LO","ELC","S21","ATX",0.102299999999992
"2033","LO","ELC","S22","ATX",0.102299999999992
"2033","LO","ELC","S23","ATX",0.102299999999992
"2033","LO","ELC","S24","ATX",0.102299999999992
"2033","MED","ELC","W1","ATX",0.0978999999999922
"2033","MED","ELC","W2","ATX",0.0978999999999922
"2033","MED","ELC","W3","ATX",0.0978999999999922
"2033","MED","ELC","W4","ATX",0.0978999999999922
"2033","MED","ELC","W5","ATX",0.0978999999999922
"2033","MED","ELC","W6","ATX",0.0978999999999922
"2033","MED","ELC","W7","ATX",0.0978999999999922
"2033","MED","ELC","W8","ATX",0.0978999999999922
"2033","MED","ELC","W9","ATX",0.0978999999999922
"2033","MED","ELC","W10","ATX",0.0978999999999922
"2033","MED","ELC","W11","ATX",0.0978999999999922
"2033","MED","ELC","W12","ATX",0.0978999999999922
"2033","MED","ELC","W13","ATX",0.0978999999999922
"2033","MED","ELC","W14","ATX",0.0978999999999922
"2033","MED","ELC","W15","ATX",0.0978999999999922
"2033","MED","ELC","W16","ATX",0.0978999999999922
"2033","MED","ELC","W17","ATX",0.0978999999999922
"2033","MED","ELC","W18","ATX",0.0978999999999922
"2033","MED","ELC","W19","ATX",0.0978999999999922
"2033","MED","ELC","W20","ATX",0.0978999999999922
"2033","MED","ELC","W21","ATX",0.0978999999999922
"2033","MED","ELC","W22","ATX",0.0978999999999922
"2033","MED","ELC","W23","ATX",0.0978999999999922
"2033","MED","ELC","W24","ATX",0.0978999999999922
"2033","MED","ELC","SF1","ATX",0.201299999999984
"2033","MED","ELC","SF2","ATX",0.201299999999984
"2033","MED","ELC","SF3","ATX",0.201299999999984
"2033","MED","ELC","SF4","ATX",0.201299999999984
"2033","MED","ELC","SF5","ATX",0.201299999999984
"2033","MED","ELC","SF6","ATX",0.201299999999984
"2033","MED","ELC","SF7","ATX",0.201299999999984
"2033","MED","ELC","SF8","ATX",0.201299999999984
"2033","MED","ELC","SF9","ATX",0.201299999999984
"2033","MED","ELC","SF10","ATX",0.201299999999984
"2033","MED","ELC","SF11","ATX",0.201299999999984
"2033","MED","ELC","SF12","ATX",0.201299999999984
"2033","MED","ELC","SF13","ATX",0.201299999999984
"2033","MED","ELC","SF14","ATX",0.201299999999984
"2033","MED","ELC","SF15","ATX",0.201299999999984
"2033","MED","ELC","SF16","ATX",0.201299999999984
"2033","MED","ELC","SF17","ATX",0.201299999999984
"2033","MED","ELC","SF18","ATX",0.201299999999984
"2033","MED","ELC","SF19","ATX",0.201299999999984
"2033","MED","ELC","SF20","ATX",0.201299999999984
"2033","MED","ELC","SF21","ATX",0.201299999999984
"2033","MED","ELC","SF22","ATX",0.201299999999984
"2033","MED","ELC","SF23","ATX",0.201299999999984
"2033","MED","ELC","SF24","ATX",0.201299999999984
"2033","MED","ELC","S1","ATX",0.102299999999992
"2033","MED","ELC","S2","ATX",0.102299999999992
"2033","MED","ELC","S3","ATX",0.102299999999992
"2033","MED","ELC","S4","ATX",0.102299999999992
"2033","MED","ELC","S5","ATX",0.102299999999992
"2033","MED","ELC","S6","ATX",0.102299999999992
"2033","MED","ELC","S7","ATX",0.102299999999992
"2033","MED","ELC","S8","ATX",0.102299999999992
"2033","MED","ELC","S9","ATX",0.102299999999992
"2033","MED","ELC","S10","ATX",0.102299999999992
"2033","MED","ELC","S11","ATX",0.102299999999992
"2033","MED","ELC","S12","ATX",0.102299999999992
"2033","MED","ELC","S13","ATX",0.102299999999992
"2033","MED","ELC","S14","ATX",0.102299999999992
"2033","MED","ELC","S15","ATX",0.102299999999992
"2033","MED","ELC","S16","ATX",0.102299999999992
"2033","MED","ELC","S17","ATX",0.102299999999992
"2033","MED","ELC","S18","ATX",0.102299999999992
"2033","MED","ELC","S19","ATX",0.102299999999992
"2033","MED","ELC","S20","ATX",0.102299999999992
"2033","MED","ELC","S21","ATX",0.102299999999992
"2033","MED","ELC","S22","ATX",0.102299999999992
"2033","MED","ELC","S23","ATX",0.102299999999992
"2033","MED","ELC","S24","ATX",0.102299999999992
"2033","HI","ELC","W1","ATX",0.0978999999999922
"2033","HI","ELC","W2","ATX",0.0978999999999922
"2033","HI","ELC","W3","ATX",0.0978999999999922
"2033","HI","ELC","W4","ATX",0.0978999999999922
"2033","HI","ELC","W5","ATX",0.0978999999999922
"2033","HI","ELC","W6","ATX",0.0978999999999922
"2033","HI","ELC","W7","ATX",0.0978999999999922
"2033","HI","ELC","W8","ATX",0.0978999999999922
"2033","HI","ELC","W9","ATX",0.0978999999999922
"2033","HI","ELC","W10","ATX",0.0978999999999922
"2033","HI","ELC","W11","ATX",0.0978999999999922
"2033","HI","ELC","W12","ATX",0.0978999999999922
"2033","HI","ELC","W13","ATX",0.0978999999999922
"2033","HI","ELC","W14","ATX",0.0978999999999922
"2033","HI","ELC","W15","ATX",0.0978999999999922
"2033","HI","ELC","W16","ATX",0.0978999999999922
"2033","HI","ELC","W17","ATX",0.0978999999999922
"2033","HI","ELC","W18","ATX",0.0978999999999922
"2033","HI","ELC","W19","ATX",0.0978999999999922
"2033","HI","ELC","W20","ATX",0.0978999999999922
"2033","HI","ELC","W21","ATX",0.0978999999999922
"2033","HI","ELC","W22","ATX",0.0978999999999922
"2033","HI","ELC","W23","ATX",0.0978999999999922
"2033","HI","ELC","W24","ATX",0.0978999999999922
"2033","HI","ELC","SF1","ATX",0.201299999999984
"2033","HI","ELC","SF2","ATX",0.201299999999984
"2033","HI","ELC","SF3","ATX",0.201299999999984
"2033","HI","ELC","SF4","ATX",0.201299999999984
"2033","HI","ELC","SF5","ATX",0.201299999999984
"2033","HI","ELC","SF6","ATX",0.201299999999984
"2033","HI","ELC","SF7","ATX",0.201299999999984
"2033","HI","ELC","SF8","ATX",0.201299999999984
"2033","HI","ELC","SF9","ATX",0.201299999999984
"2033","HI","ELC","SF10","ATX",0.201299999999984
"2033","HI","ELC","SF11","ATX",0.201299999999984
"2033","HI","ELC","SF12","ATX",0.201299999999984
"2033","HI","ELC","SF13","ATX",0.201299999999984
"2033","HI","ELC","SF14","ATX",0.201299999999984
"2033","HI","ELC","SF15","ATX",0.201299999999984
"2033","HI","ELC","SF16","ATX",0.201299999999984
"2033","HI","ELC","SF17","ATX",0.201299999999984
"2033","HI","ELC","SF18","ATX",0.201299999999984
"2033","HI","ELC","SF19","ATX",0.201299999999984
"2033","HI","ELC","SF20","ATX",0.201299999999984
"2033","HI","ELC","SF21","ATX",0.201299999999984
"2033","HI","ELC","SF22","ATX",0.201299999999984
"2033","HI","ELC","SF23","ATX",0.201299999999984
"2033","HI","ELC","SF24","ATX",0.201299999999984
"2033","HI","ELC","S1","ATX",0.102299999999992
"2033","HI","ELC","S2","ATX",0.102299999999992
"2033","HI","ELC","S3","ATX",0.102299999999992
"2033","HI","ELC","S4","ATX",0.102299999999992
"2033","HI","ELC","S5","ATX",0.102299999999992
"2033","HI","ELC","S6","ATX",0.102299999999992
"2033","HI","ELC","S7","ATX",0.102299999999992
"2033","HI","ELC","S8","ATX",0.102299999999992
"2033","HI","ELC","S9","ATX",0.102299999999992
"2033","HI","ELC","S10","ATX",0.102299999999992
"2033","HI","ELC","S11","ATX",0.102299999999992
"2033","HI","ELC","S12","ATX",0.102299999999992
"2033","HI","ELC","S13","ATX",0.102299999999992
"2033","HI","ELC","S14","ATX",0.102299999999992
"2033","HI","ELC","S15","ATX",0.102299999999992
"2033","HI","ELC","S16","ATX",0.102299999999992
"2033","HI","ELC","S17","ATX",0.102299999999992
"2033","HI","ELC","S18","ATX",0.102299999999992
"2033","HI","ELC","S19","ATX",0.102299999999992
"2033","HI","ELC","S20","ATX",0.102299999999992
"2033","HI","ELC","S21","ATX",0.102299999999992
"2033","HI","ELC","S22","ATX",0.102299999999992
"2033","HI","ELC","S23","ATX",0.102299999999992
"2033","HI","ELC","S24","ATX",0.102299999999992
"2034","LO","ELC","W1","ATX",0.099679999999992
"2034","LO","ELC","W2","ATX",0.099679999999992
"2034","LO","ELC","W3","ATX",0.099679999999992
"2034","LO","ELC","W4","ATX",0.099679999999992
"2034","LO","ELC","W5","ATX",0.099679999999992
"2034","LO","ELC","W6","ATX",0.099679999999992
"2034","LO","ELC","W7","ATX",0.099679999999992
"2034","LO","ELC","W8","ATX",0.099679999999992
"2034","LO","ELC","W9","ATX",0.099679999999992
"2034","LO","ELC","W10","ATX",0.099679999999992
"2034","LO","ELC","W11","ATX",0.099679999999992
"2034","LO","ELC","W12","ATX",0.099679999999992
"2034","LO","ELC","W13","ATX",0.099679999999992
"2034","LO","ELC","W14","ATX",0.099679999999992
"2034","LO","ELC","W15","ATX",0.099679999999992
"2034","LO","ELC","W16","ATX",0.099679999999992
"2034","LO","ELC","W17","ATX",0.099679999999992
"2034","LO","ELC","W18","ATX",0.099679999999992
"2034","LO","ELC","W19","ATX",0.099679999999992
"2034","LO","ELC","W20","ATX",0.099679999999992
"2034","LO","ELC","W21","ATX",0.099679999999992
"2034","LO","ELC","W22","ATX",0.099679999999992
"2034","LO","ELC","W23","ATX",0.099679999999992
"2034","LO","ELC","W24","ATX",0.099679999999992
"2034","LO","ELC","SF1","ATX",0.204959999999984
"2034","LO","ELC","SF2","ATX",0.204959999999984
"2034","LO","ELC","SF3","ATX",0.204959999999984
"2034","LO","ELC","SF4","ATX",0.204959999999984
"2034","LO","ELC","SF5","ATX",0.204959999999984
"2034","LO","ELC","SF6","ATX",0.204959999999984
"2034","LO","ELC","SF7","ATX",0.204959999999984
"2034","LO","ELC","SF8","ATX",0.204959999999984
"2034","LO","ELC","SF9","ATX",0.204959999999984
"2034","LO","ELC","SF10","ATX",0.204959999999984
"2034","LO","ELC","SF11","ATX",0.204959999999984
"2034","LO","ELC","SF12","ATX",0.204959999999984
"2034","LO","ELC","SF13","ATX",0.204959999999984
"2034","LO","ELC","SF14","ATX",0.204959999999984
"2034","LO","ELC","SF15","ATX",0.204959999999984
"2034","LO","ELC","SF16","ATX",0.204959999999984
"2034","LO","ELC","SF17","ATX",0.204959999999984
"2034","LO","ELC","SF18","ATX",0.204959999999984
"2034","LO","ELC","SF19","ATX",0.204959999999984
"2034","LO","ELC","SF20","ATX",0.204959999999984
"2034","LO","ELC","SF21","ATX",0.204959999999984
"2034","LO","ELC","SF22","ATX",0.204959999999984
"2034","LO","ELC","SF23","ATX",0.204959999999984
"2034","LO","ELC","SF24","ATX",0.204959999999984
"2034","LO","ELC","S1","ATX",0.104159999999992
"2034","LO","ELC","S2","ATX",0.104159999999992
"2034","LO","ELC","S3","ATX",0.104159999999992
"2034","LO","ELC","S4","ATX",0.104159999999992
"2034","LO","ELC","S5","ATX",0.104159999999992
"2034","LO","ELC","S6","ATX",0.104159999999992
"2034","LO","ELC","S7","ATX",0.104159999999992
"2034","LO","ELC","S8","ATX",0.104159999999992
"2034","LO","ELC","S9","ATX",0.104159999999992
"2034","LO","ELC","S10","ATX",0.104159999999992
"2034","LO","ELC","S11","ATX",0.104159999999992
"2034","LO","ELC","S12","ATX",0.104159999999992
"2034","LO","ELC","S13","ATX",0.104159999999992
"2034","LO","ELC","S14","ATX",0.104159999999992
"2034","LO","ELC","S15","ATX",0.104159999999992
"2034","LO","ELC","S16","ATX",0.104159999999992
"2034","LO","ELC","S17","ATX",0.104159999999992
"2034","LO","ELC","S18","ATX",0.104159999999992
"2034","LO","ELC","S19","ATX",0.104159999999992
"2034","LO","ELC","S20","ATX",0.104159999999992
"2034","LO","ELC","S21","ATX",0.104159999999992
"2034","LO","ELC","S22","ATX",0.104159999999992
"2034","LO","ELC","S23","ATX",0.104159999999992
"2034","LO","ELC","S24","ATX",0.104159999999992
"2034","MED","ELC","W1","ATX",0.099679999999992
"2034","MED","ELC","W2","ATX",0.099679999999992
"2034","MED","ELC","W3","ATX",0.099679999999992
"2034","MED","ELC","W4","ATX",0.099679999999992
"2034","MED","ELC","W5","ATX",0.099679999999992
"2034","MED","ELC","W6","ATX",0.099679999999992
"2034","MED","ELC","W7","ATX",0.099679999999992
"2034","MED","ELC","W8","ATX",0.099679999999992
"2034","MED","ELC","W9","ATX",0.099679999999992
"2034","MED","ELC","W10","ATX",0.099679999999992
"2034","MED","ELC","W11","ATX",0.099679999999992
"2034","MED","ELC","W12","ATX",0.099679999999992
"2034","MED","ELC","W13","ATX",0.099679999999992
"2034","MED","ELC","W14","ATX",0.099679999999992
"2034","MED","ELC","W15","ATX",0.099679999999992
"2034","MED","ELC","W16","ATX",0.099679999999992
"2034","MED","ELC","W17","ATX",0.099679999999992
"2034","MED","ELC","W18","ATX",0.099679999999992
"2034","MED","ELC","W19","ATX",0.099679999999992
"2034","MED","ELC","W20","ATX",0.099679999999992
"2034","MED","ELC","W21","ATX",0.099679999999992
"2034","MED","ELC","W22","ATX",0.099679999999992
"2034","MED","ELC","W23","ATX",0.099679999999992
"2034","MED","ELC","W24","ATX",0.099679999999992
"2034","MED","ELC","SF1","ATX",0.204959999999984
"2034","MED","ELC","SF2","ATX",0.204959999999984
"2034","MED","ELC","SF3","ATX",0.204959999999984
"2034","MED","ELC","SF4","ATX",0.204959999999984
"2034","MED","ELC","SF5","ATX",0.204959999999984
"2034","MED","ELC","SF6","ATX",0.204959999999984
"2034","MED","ELC","SF7","ATX",0.204959999999984
"2034","MED","ELC","SF8","ATX",0.204959999999984
"2034","MED","ELC","SF9","ATX",0.204959999999984
"2034","MED","ELC","SF10","ATX",0.204959999999984
"2034","MED","ELC","SF11","ATX",0.204959999999984
"2034","MED","ELC","SF12","ATX",0.204959999999984
"2034","MED","ELC","SF13","ATX",0.204959999999984
"2034","MED","ELC","SF14","ATX",0.204959999999984
"2034","MED","ELC","SF15","ATX",0.204959999999984
"2034","MED","ELC","SF16","ATX",0.204959999999984
"2034","MED","ELC","SF17","ATX",0.204959999999984
"2034","MED","ELC","SF18","ATX",0.204959999999984
"2034","MED","ELC","SF19","ATX",0.204959999999984
"2034","MED","ELC","SF20","ATX",0.204959999999984
"2034","MED","ELC","SF21","ATX",0.204959999999984
"2034","MED","ELC","SF22","ATX",0.204959999999984
"2034","MED","ELC","SF23","ATX",0.204959999999984
"2034","MED","ELC","SF24","ATX",0.204959999999984
"2034","MED","ELC","S1","ATX",0.104159999999992
"2034","MED","ELC","S2","ATX",0.104159999999992
"2034","MED","ELC","S3","ATX",0.104159999999992
"2034","MED","ELC","S4","ATX",0.104159999999992
"2034","MED","ELC","S5","ATX",0.104159999999992
"2034","MED","ELC","S6","ATX",0.104159999999992
"2034","MED","ELC","S7","ATX",0.104159999999992
"2034","MED","ELC","S8","ATX",0.104159999999992
"2034","MED","ELC","S9","ATX",0.104159999999992
"2034","MED","ELC","S10","ATX",0.104159999999992
"2034","MED","ELC","S11","ATX",0.104159999999992
"2034","MED","ELC","S12","ATX",0.104159999999992
"2034","MED","ELC","S13","ATX",0.104159999999992
"2034","MED","ELC","S14","ATX",0.104159999999992
"2034","MED","ELC","S15","ATX",0.104159999999992
"2034","MED","ELC","S16","ATX",0.104159999999992
"2034","MED","ELC","S17","ATX",0.104159999999992
"2034","MED","ELC","S18","ATX",0.104159999999992
"2034","MED","ELC","S19","ATX",0.104159999999992
"2034","MED","ELC","S20","ATX",0.104159999999992
"2034","MED","ELC","S21","ATX",0.104159999999992
"2034","MED","ELC","S22","ATX",0.104159999999992
"2034","MED","ELC","S23","ATX",0.104159999999992
"2034","MED","ELC","S24","ATX",0.104159999999992
"2034","HI","ELC","W1","ATX",0.099679999999992
"2034","HI","ELC","W2","ATX",0.099679999999992
"2034","HI","ELC","W3","ATX",0.099679999999992
"2034","HI","ELC","W4","ATX",0.099679999999992
"2034","HI","ELC","W5","ATX",0.099679999999992
"2034","HI","ELC","W6","ATX",0.099679999999992
"2034","HI","ELC","W7","ATX",0.099679999999992
"2034","HI","ELC","W8","ATX",0.099679999999992
"2034","HI","ELC","W9","ATX",0.099679999999992
"2034","HI","ELC","W10","ATX",0.099679999999992
"2034","HI","ELC","W11","ATX",0.099679999999992
"2034","HI","ELC","W12","ATX",0.099679999999992
"2034","HI","ELC","W13","ATX",0.099679999999992
"2034","HI","ELC","W14","ATX",0.099679999999992
"2034","HI","ELC","W15","ATX",0.099679999999992
"2034","HI","ELC","W16","ATX",0.099679999999992
"2034","HI","ELC","W17","ATX",0.099679999999992
"2034","HI","ELC","W18","ATX",0.099679999999992
"2034","HI","ELC","W19","ATX",0.099679999999992
"2034","HI","ELC","W20","ATX",0.099679999999992
"2034","HI","ELC","W21","ATX",0.099679999999992
"2034","HI","ELC","W22","ATX",0.099679999999992
"2034","HI","ELC","W23","ATX",0.099679999999992
"2034","HI","ELC","W24","ATX",0.099679999999992
"2034","HI","ELC","SF1","ATX",0.204959999999984
"2034","HI","ELC","SF2","ATX",0.204959999999984
"2034","HI","ELC","SF3","ATX",0.204959999999984
"2034","HI","ELC","SF4","ATX",0.204959999999984
"2034","HI","ELC","SF5","ATX",0.204959999999984
"2034","HI","ELC","SF6","ATX",0.204959999999984
"2034","HI","ELC","SF7","ATX",0.204959999999984
"2034","HI","ELC","SF8","ATX",0.204959999999984
"2034","HI","ELC","SF9","ATX",0.204959999999984
"2034","HI","ELC","SF10","ATX",0.204959999999984
"2034","HI","ELC","SF11","ATX",0.204959999999984
"2034","HI","ELC","SF12","ATX",0.204959999999984
"2034","HI","ELC","SF13","ATX",0.204959999999984
"2034","HI","ELC","SF14","ATX",0.204959999999984
"2034","HI","ELC","SF15","ATX",0.204959999999984
"2034","HI","ELC","SF16","ATX",0.204959999999984
"2034","HI","ELC","SF17","ATX",0.204959999999984
"2034","HI","ELC","SF18","ATX",0.204959999999984
"2034","HI","ELC","SF19","ATX",0.204959999999984
"2034","HI","ELC","SF20","ATX",0.204959999999984
"2034","HI","ELC","SF21","ATX",0.204959999999984
"2034","HI","ELC","SF22","ATX",0.204959999999984
"2034","HI","ELC","SF23","ATX",0.204959999999984
"2034","HI","ELC","SF24","ATX",0.204959999999984
"2034","HI","ELC","S1","ATX",0.104159999999992
"2034","HI","ELC","S2","ATX",0.104159999999992
"2034","HI","ELC","S3","ATX",0.104159999999992
"2034","HI","ELC","S4","ATX",0.104159999999992
"2034","HI","ELC","S5","ATX",0.104159999999992
"2034","HI","ELC","S6","ATX",0.104159999999992
"2034","HI","ELC","S7","ATX",0.104159999999992
"2034","HI","ELC","S8","ATX",0.104159999999992
"2034","HI","ELC","S9","ATX",0.104159999999992
"2034","HI","ELC","S10","ATX",0.104159999999992
"2034","HI","ELC","S11","ATX",0.104159999999992
"2034","HI","ELC","S12","ATX",0.104159999999992
"2034","HI","ELC","S13","ATX",0.104159999999992
"2034","HI","ELC","S14","ATX",0.104159999999992
"2034","HI","ELC","S15","ATX",0.104159999999992
"2034","HI","ELC","S16","ATX",0.104159999999992
"2034","HI","ELC","S17","ATX",0.104159999999992
"2034","HI","ELC","S18","ATX",0.104159999999992
"2034","HI","ELC","S19","ATX",0.104159999999992
"2034","HI","ELC","S20","ATX",0.104159999999992
"2034","HI","ELC","S21","ATX",0.104159999999992
"2034","HI","ELC","S22","ATX",0.104159999999992
"2034","HI","ELC","S23","ATX",0.104159999999992
"2034","HI","ELC","S24","ATX",0.104159999999992
"2035","LO","ELC","W1","ATX",0.101459999999992
"2035","LO","ELC","W2","ATX",0.101459999999992
"2035","LO","ELC","W3","ATX",0.101459999999992
"2035","LO","ELC","W4","ATX",0.101459999999992
"2035","LO","ELC","W5","ATX",0.101459999999992
"2035","LO","ELC","W6","ATX",0.101459999999992
"2035","LO","ELC","W7","ATX",0.101459999999992
"2035","LO","ELC","W8","ATX",0.101459999999992
"2035","LO","ELC","W9","ATX",0.101459999999992
"2035","LO","ELC","W10","ATX",0.101459999999992
"2035","LO","ELC","W11","ATX",0.101459999999992
"2035","LO","ELC","W12","ATX",0.101459999999992
"2035","LO","ELC","W13","ATX",0.101459999999992
"2035","LO","ELC","W14","ATX",0.101459999999992
"2035","LO","ELC","W15","ATX",0.101459999999992
"2035","LO","ELC","W16","ATX",0.101459999999992
"2035","LO","ELC","W17","ATX",0.101459999999992
"2035","LO","ELC","W18","ATX",0.101459999999992
"2035","LO","ELC","W19","ATX",0.101459999999992
"2035","LO","ELC","W20","ATX",0.101459999999992
"2035","LO","ELC","W21","ATX",0.101459999999992
"2035","LO","ELC","W22","ATX",0.101459999999992
"2035","LO","ELC","W23","ATX",0.101459999999992
"2035","LO","ELC","W24","ATX",0.101459999999992
"2035","LO","ELC","SF1","ATX",0.208619999999983
"2035","LO","ELC","SF2","ATX",0.208619999999983
"2035","LO","ELC","SF3","ATX",0.208619999999983
"2035","LO","ELC","SF4","ATX",0.208619999999983
"2035","LO","ELC","SF5","ATX",0.208619999999983
"2035","LO","ELC","SF6","ATX",0.208619999999983
"2035","LO","ELC","SF7","ATX",0.208619999999983
"2035","LO","ELC","SF8","ATX",0.208619999999983
"2035","LO","ELC","SF9","ATX",0.208619999999983
"2035","LO","ELC","SF10","ATX",0.208619999999983
"2035","LO","ELC","SF11","ATX",0.208619999999983
"2035","LO","ELC","SF12","ATX",0.208619999999983
"2035","LO","ELC","SF13","ATX",0.208619999999983
"2035","LO","ELC","SF14","ATX",0.208619999999983
"2035","LO","ELC","SF15","ATX",0.208619999999983
"2035","LO","ELC","SF16","ATX",0.208619999999983
"2035","LO","ELC","SF17","ATX",0.208619999999983
"2035","LO","ELC","SF18","ATX",0.208619999999983
"2035","LO","ELC","SF19","ATX",0.208619999999983
"2035","LO","ELC","SF20","ATX",0.208619999999983
"2035","LO","ELC","SF21","ATX",0.208619999999983
"2035","LO","ELC","SF22","ATX",0.208619999999983
"2035","LO","ELC","SF23","ATX",0.208619999999983
"2035","LO","ELC","SF24","ATX",0.208619999999983
"2035","LO","ELC","S1","ATX",0.106019999999992
"2035","LO","ELC","S2","ATX",0.106019999999992
"2035","LO","ELC","S3","ATX",0.106019999999992
"2035","LO","ELC","S4","ATX",0.106019999999992
"2035","LO","ELC","S5","ATX",0.106019999999992
"2035","LO","ELC","S6","ATX",0.106019999999992
"2035","LO","ELC","S7","ATX",0.106019999999992
"2035","LO","ELC","S8","ATX",0.106019999999992
"2035","LO","ELC","S9","ATX",0.106019999999992
"2035","LO","ELC","S10","ATX",0.106019999999992
"2035","LO","ELC","S11","ATX",0.106019999999992
"2035","LO","ELC","S12","ATX",0.106019999999992
"2035","LO","ELC","S13","ATX",0.106019999999992
"2035","LO","ELC","S14","ATX",0.106019999999992
"2035","LO","ELC","S15","ATX",0.106019999999992
"2035","LO","ELC","S16","ATX",0.106019999999992
"2035","LO","ELC","S17","ATX",0.106019999999992
"2035","LO","ELC","S18","ATX",0.106019999999992
"2035","LO","ELC","S19","ATX",0.106019999999992
"2035","LO","ELC","S20","ATX",0.106019999999992
"2035","LO","ELC","S21","ATX",0.106019999999992
"2035","LO","ELC","S22","ATX",0.106019999999992
"2035","LO","ELC","S23","ATX",0.106019999999992
"2035","LO","ELC","S24","ATX",0.106019999999992
"2035","MED","ELC","W1","ATX",0.101459999999992
"2035","MED","ELC","W2","ATX",0.101459999999992
"2035","MED","ELC","W3","ATX",0.101459999999992
"2035","MED","ELC","W4","ATX",0.101459999999992
"2035","MED","ELC","W5","ATX",0.101459999999992
"2035","MED","ELC","W6","ATX",0.101459999999992
"2035","MED","ELC","W7","ATX",0.101459999999992
"2035","MED","ELC","W8","ATX",0.101459999999992
"2035","MED","ELC","W9","ATX",0.101459999999992
"2035","MED","ELC","W10","ATX",0.101459999999992
"2035","MED","ELC","W11","ATX",0.101459999999992
"2035","MED","ELC","W12","ATX",0.101459999999992
"2035","MED","ELC","W13","ATX",0.101459999999992
"2035","MED","ELC","W14","ATX",0.101459999999992
"2035","MED","ELC","W15","ATX",0.101459999999992
"2035","MED","ELC","W16","ATX",0.101459999999992
"2035","MED","ELC","W17","ATX",0.101459999999992
"2035","MED","ELC","W18","ATX",0.101459999999992
"2035","MED","ELC","W19","ATX",0.101459999999992
"2035","MED","ELC","W20","ATX",0.101459999999992
"2035","MED","ELC","W21","ATX",0.101459999999992
"2035","MED","ELC","W22","ATX",0.101459999999992
"2035","MED","ELC","W23","ATX",0.101459999999992
"2035","MED","ELC","W24","ATX",0.101459999999992
"2035","MED","ELC","SF1","ATX",0.208619999999983
"2035","MED","ELC","SF2","ATX",0.208619999999983
"2035","MED","ELC","SF3","ATX",0.208619999999983
"2035","MED","ELC","SF4","ATX",0.208619999999983
"2035","MED","ELC","SF5","ATX",0.208619999999983
"2035","MED","ELC","SF6","ATX",0.208619999999983
"2035","MED","ELC","SF7","ATX",0.208619999999983
"2035","MED","ELC","SF8","ATX",0.208619999999983
"2035","MED","ELC","SF9","ATX",0.208619999999983
"2035","MED","ELC","SF10","ATX",0.208619999999983
"2035","MED","ELC","SF11","ATX",0.208619999999983
"2035","MED","ELC","SF12","ATX",0.208619999999983
"2035","MED","ELC","SF13","ATX",0.208619999999983
"2035","MED","ELC","SF14","ATX",0.208619999999983
"2035","MED","ELC","SF15","ATX",0.208619999999983
"2035","MED","ELC","SF16","ATX",0.208619999999983
"2035","MED","ELC","SF17","ATX",0.208619999999983
"2035","MED","ELC","SF18","ATX",0.208619999999983
"2035","MED","ELC","SF19","ATX",0.208619999999983
"2035","MED","ELC","SF20","ATX",0.208619999999983
"2035","MED","ELC","SF21","ATX",0.208619999999983
"2035","MED","ELC","SF22","ATX",0.208619999999983
"2035","MED","ELC","SF23","ATX",0.208619999999983
"2035","MED","ELC","SF24","ATX",0.208619999999983
"2035","MED","ELC","S1","ATX",0.106019999999992
"2035","MED","ELC","S2","ATX",0.106019999999992
"2035","MED","ELC","S3","ATX",0.106019999999992
"2035","MED","ELC","S4","ATX",0.106019999999992
"2035","MED","ELC","S5","ATX",0.106019999999992
"2035","MED","ELC","S6","ATX",0.106019999999992
"2035","MED","ELC","S7","ATX",0.106019999999992
"2035","MED","ELC","S8","ATX",0.106019999999992
"2035","MED","ELC","S9","ATX",0.106019999999992
"2035","MED","ELC","S10","ATX",0.106019999999992
"2035","MED","ELC","S11","ATX",0.106019999999992
"2035","MED","ELC","S12","ATX",0.106019999999992
"2035","MED","ELC","S13","ATX",0.106019999999992
"2035","MED","ELC","S14","ATX",0.106019999999992
"2035","MED","ELC","S15","ATX",0.106019999999992
"2035","MED","ELC","S16","ATX",0.106019999999992
"2035","MED","ELC","S17","ATX",0.106019999999992
"2035","MED","ELC","S18","ATX",0.106019999999992
"2035","MED","ELC","S19","ATX",0.106019999999992
"2035","MED","ELC","S20","ATX",0.106019999999992
"2035","MED","ELC","S21","ATX",0.106019999999992
"2035","MED","ELC","S22","ATX",0.106019999999992
"2035","MED","ELC","S23","ATX",0.106019999999992
"2035","MED","ELC","S24","ATX",0.106019999999992
"2035","HI","ELC","W1","ATX",0.101459999999992
"2035","HI","ELC","W2","ATX",0.101459999999992
"2035","HI","ELC","W3","ATX",0.101459999999992
"2035","HI","ELC","W4","ATX",0.101459999999992
"2035","HI","ELC","W5","ATX",0.101459999999992
"2035","HI","ELC","W6","ATX",0.101459999999992
"2035","HI","ELC","W7","ATX",0.101459999999992
"2035","HI","ELC","W8","ATX",0.101459999999992
"2035","HI","ELC","W9","ATX",0.101459999999992
"2035","HI","ELC","W10","ATX",0.101459999999992
"2035","HI","ELC","W11","ATX",0.101459999999992
"2035","HI","ELC","W12","ATX",0.101459999999992
"2035","HI","ELC","W13","ATX",0.101459999999992
"2035","HI","ELC","W14","ATX",0.101459999999992
"2035","HI","ELC","W15","ATX",0.101459999999992
"2035","HI","ELC","W16","ATX",0.101459999999992
"2035","HI","ELC","W17","ATX",0.101459999999992
"2035","HI","ELC","W18","ATX",0.101459999999992
"2035","HI","ELC","W19","ATX",0.101459999999992
"2035","HI","ELC","W20","ATX",0.101459999999992
"2035","HI","ELC","W21","ATX",0.101459999999992
"2035","HI","ELC","W22","ATX",0.101459999999992
"2035","HI","ELC","W23","ATX",0.101459999999992
"2035","HI","ELC","W24","ATX",0.101459999999992
"2035","HI","ELC","SF1","ATX",0.208619999999983
"2035","HI","ELC","SF2","ATX",0.208619999999983
"2035","HI","ELC","SF3","ATX",0.208619999999983
"2035","HI","ELC","SF4","ATX",0.208619999999983
"2035","HI","ELC","SF5","ATX",0.208619999999983
"2035","HI","ELC","SF6","ATX",0.208619999999983
"2035","HI","ELC","SF7","ATX",0.208619999999983
"2035","HI","ELC","SF8","ATX",0.208619999999983
"2035","HI","ELC","SF9","ATX",0.208619999999983
"2035","HI","ELC","SF10","ATX",0.208619999999983
"2035","HI","ELC","SF11","ATX",0.208619999999983
"2035","HI","ELC","SF12","ATX",0.208619999999983
"2035","HI","ELC","SF13","ATX",0.208619999999983
"2035","HI","ELC","SF14","ATX",0.208619999999983
"2035","HI","ELC","SF15","ATX",0.208619999999983
"2035","HI","ELC","SF16","ATX",0.208619999999983
"2035","HI","ELC","SF17","ATX",0.208619999999983
"2035","HI","ELC","SF18","ATX",0.208619999999983
"2035","HI","ELC","SF19","ATX",0.208619999999983
"2035","HI","ELC","SF20","ATX",0.208619999999983
"2035","HI","ELC","SF21","ATX",0.208619999999983
"2035","HI","ELC","SF22","ATX",0.208619999999983
"2035","HI","ELC","SF23","ATX",0.208619999999983
"2035","HI","ELC","SF24","ATX",0.208619999999983
"2035","HI","ELC","S1","ATX",0.106019999999992
"2035","HI","ELC","S2","ATX",0.106019999999992
"2035","HI","ELC","S3","ATX",0.106019999999992
"2035","HI","ELC","S4","ATX",0.106019999999992
"2035","HI","ELC","S5","ATX",0.106019999999992
"2035","HI","ELC","S6","ATX",0.106019999999992
"2035","HI","ELC","S7","ATX",0.106019999999992
"2035","HI","ELC","S8","ATX",0.106019999999992
"2035","HI","ELC","S9","ATX",0.106019999999992
"2035","HI","ELC","S10","ATX",0.106019999999992
"2035","HI","ELC","S11","ATX",0.106019999999992
"2035","HI","ELC","S12","ATX",0.106019999999992
"2035","HI","ELC","S13","ATX",0.106019999999992
"2035","HI","ELC","S14","ATX",0.106019999999992
"2035","HI","ELC","S15","ATX",0.106019999999992
"2035","HI","ELC","S16","ATX",0.106019999999992
"2035","HI","ELC","S17","ATX",0.106019999999992
"2035","HI","ELC","S18","ATX",0.106019999999992
"2035","HI","ELC","S19","ATX",0.106019999999992
"2035","HI","ELC","S20","ATX",0.106019999999992
"2035","HI","ELC","S21","ATX",0.106019999999992
"2035","HI","ELC","S22","ATX",0.106019999999992
"2035","HI","ELC","S23","ATX",0.106019999999992
"2035","HI","ELC","S24","ATX",0.106019999999992
"2036","LO","ELC","W1","ATX",0.103239999999992
"2036","LO","ELC","W2","ATX",0.103239999999992
"2036","LO","ELC","W3","ATX",0.103239999999992
"2036","LO","ELC","W4","ATX",0.103239999999992
"2036","LO","ELC","W5","ATX",0.103239999999992
"2036","LO","ELC","W6","ATX",0.103239999999992
"2036","LO","ELC","W7","ATX",0.103239999999992
"2036","LO","ELC","W8","ATX",0.103239999999992
"2036","LO","ELC","W9","ATX",0.103239999999992
"2036","LO","ELC","W10","ATX",0.103239999999992
"2036","LO","ELC","W11","ATX",0.103239999999992
"2036","LO","ELC","W12","ATX",0.103239999999992
"2036","LO","ELC","W13","ATX",0.103239999999992
"2036","LO","ELC","W14","ATX",0.103239999999992
"2036","LO","ELC","W15","ATX",0.103239999999992
"2036","LO","ELC","W16","ATX",0.103239999999992
"2036","LO","ELC","W17","ATX",0.103239999999992
"2036","LO","ELC","W18","ATX",0.103239999999992
"2036","LO","ELC","W19","ATX",0.103239999999992
"2036","LO","ELC","W20","ATX",0.103239999999992
"2036","LO","ELC","W21","ATX",0.103239999999992
"2036","LO","ELC","W22","ATX",0.103239999999992
"2036","LO","ELC","W23","ATX",0.103239999999992
"2036","LO","ELC","W24","ATX",0.103239999999992
"2036","LO","ELC","SF1","ATX",0.212279999999983
"2036","LO","ELC","SF2","ATX",0.212279999999983
"2036","LO","ELC","SF3","ATX",0.212279999999983
"2036","LO","ELC","SF4","ATX",0.212279999999983
"2036","LO","ELC","SF5","ATX",0.212279999999983
"2036","LO","ELC","SF6","ATX",0.212279999999983
"2036","LO","ELC","SF7","ATX",0.212279999999983
"2036","LO","ELC","SF8","ATX",0.212279999999983
"2036","LO","ELC","SF9","ATX",0.212279999999983
"2036","LO","ELC","SF10","ATX",0.212279999999983
"2036","LO","ELC","SF11","ATX",0.212279999999983
"2036","LO","ELC","SF12","ATX",0.212279999999983
"2036","LO","ELC","SF13","ATX",0.212279999999983
"2036","LO","ELC","SF14","ATX",0.212279999999983
"2036","LO","ELC","SF15","ATX",0.212279999999983
"2036","LO","ELC","SF16","ATX",0.212279999999983
"2036","LO","ELC","SF17","ATX",0.212279999999983
"2036","LO","ELC","SF18","ATX",0.212279999999983
"2036","LO","ELC","SF19","ATX",0.212279999999983
"2036","LO","ELC","SF20","ATX",0.212279999999983
"2036","LO","ELC","SF21","ATX",0.212279999999983
"2036","LO","ELC","SF22","ATX",0.212279999999983
"2036","LO","ELC","SF23","ATX",0.212279999999983
"2036","LO","ELC","SF24","ATX",0.212279999999983
"2036","LO","ELC","S1","ATX",0.107879999999991
"2036","LO","ELC","S2","ATX",0.107879999999991
"2036","LO","ELC","S3","ATX",0.107879999999991
"2036","LO","ELC","S4","ATX",0.107879999999991
"2036","LO","ELC","S5","ATX",0.107879999999991
"2036","LO","ELC","S6","ATX",0.107879999999991
"2036","LO","ELC","S7","ATX",0.107879999999991
"2036","LO","ELC","S8","ATX",0.107879999999991
"2036","LO","ELC","S9","ATX",0.107879999999991
"2036","LO","ELC","S10","ATX",0.107879999999991
"2036","LO","ELC","S11","ATX",0.107879999999991
"2036","LO","ELC","S12","ATX",0.107879999999991
"2036","LO","ELC","S13","ATX",0.107879999999991
"2036","LO","ELC","S14","ATX",0.107879999999991
"2036","LO","ELC","S15","ATX",0.107879999999991
"2036","LO","ELC","S16","ATX",0.107879999999991
"2036","LO","ELC","S17","ATX",0.107879999999991
"2036","LO","ELC","S18","ATX",0.107879999999991
"2036","LO","ELC","S19","ATX",0.107879999999991
"2036","LO","ELC","S20","ATX",0.107879999999991
"2036","LO","ELC","S21","ATX",0.107879999999991
"2036","LO","ELC","S22","ATX",0.107879999999991
"2036","LO","ELC","S23","ATX",0.107879999999991
"2036","LO","ELC","S24","ATX",0.107879999999991
"2036","MED","ELC","W1","ATX",0.103239999999992
"2036","MED","ELC","W2","ATX",0.103239999999992
"2036","MED","ELC","W3","ATX",0.103239999999992
"2036","MED","ELC","W4","ATX",0.103239999999992
"2036","MED","ELC","W5","ATX",0.103239999999992
"2036","MED","ELC","W6","ATX",0.103239999999992
"2036","MED","ELC","W7","ATX",0.103239999999992
"2036","MED","ELC","W8","ATX",0.103239999999992
"2036","MED","ELC","W9","ATX",0.103239999999992
"2036","MED","ELC","W10","ATX",0.103239999999992
"2036","MED","ELC","W11","ATX",0.103239999999992
"2036","MED","ELC","W12","ATX",0.103239999999992
"2036","MED","ELC","W13","ATX",0.103239999999992
"2036","MED","ELC","W14","ATX",0.103239999999992
"2036","MED","ELC","W15","ATX",0.103239999999992
"2036","MED","ELC","W16","ATX",0.103239999999992
"2036","MED","ELC","W17","ATX",0.103239999999992
"2036","MED","ELC","W18","ATX",0.103239999999992
"2036","MED","ELC","W19","ATX",0.103239999999992
"2036","MED","ELC","W20","ATX",0.103239999999992
"2036","MED","ELC","W21","ATX",0.103239999999992
"2036","MED","ELC","W22","ATX",0.103239999999992
"2036","MED","ELC","W23","ATX",0.103239999999992
"2036","MED","ELC","W24","ATX",0.103239999999992
"2036","MED","ELC","SF1","ATX",0.212279999999983
"2036","MED","ELC","SF2","ATX",0.212279999999983
"2036","MED","ELC","SF3","ATX",0.212279999999983
"2036","MED","ELC","SF4","ATX",0.212279999999983
"2036","MED","ELC","SF5","ATX",0.212279999999983
"2036","MED","ELC","SF6","ATX",0.212279999999983
"2036","MED","ELC","SF7","ATX",0.212279999999983
"2036","MED","ELC","SF8","ATX",0.212279999999983
"2036","MED","ELC","SF9","ATX",0.212279999999983
"2036","MED","ELC","SF10","ATX",0.212279999999983
"2036","MED","ELC","SF11","ATX",0.212279999999983
"2036","MED","ELC","SF12","ATX",0.212279999999983
"2036","MED","ELC","SF13","ATX",0.212279999999983
"2036","MED","ELC","SF14","ATX",0.212279999999983
"2036","MED","ELC","SF15","ATX",0.212279999999983
"2036","MED","ELC","SF16","ATX",0.212279999999983
"2036","MED","ELC","SF17","ATX",0.212279999999983
"2036","MED","ELC","SF18","ATX",0.212279999999983
"2036","MED","ELC","SF19","ATX",0.212279999999983
"2036","MED","ELC","SF20","ATX",0.212279999999983
"2036","MED","ELC","SF21","ATX",0.212279999999983
"2036","MED","ELC","SF22","ATX",0.212279999999983
"2036","MED","ELC","SF23","ATX",0.212279999999983
"2036","MED","ELC","SF24","ATX",0.212279999999983
"2036","MED","ELC","S1","ATX",0.107879999999991
"2036","MED","ELC","S2","ATX",0.107879999999991
"2036","MED","ELC","S3","ATX",0.107879999999991
"2036","MED","ELC","S4","ATX",0.107879999999991
"2036","MED","ELC","S5","ATX",0.107879999999991
"2036","MED","ELC","S6","ATX",0.107879999999991
"2036","MED","ELC","S7","ATX",0.107879999999991
"2036","MED","ELC","S8","ATX",0.107879999999991
"2036","MED","ELC","S9","ATX",0.107879999999991
"2036","MED","ELC","S10","ATX",0.107879999999991
"2036","MED","ELC","S11","ATX",0.107879999999991
"2036","MED","ELC","S12","ATX",0.107879999999991
"2036","MED","ELC","S13","ATX",0.107879999999991
"2036","MED","ELC","S14","ATX",0.107879999999991
"2036","MED","ELC","S15","ATX",0.107879999999991
"2036","MED","ELC","S16","ATX",0.107879999999991
"2036","MED","ELC","S17","ATX",0.107879999999991
"2036","MED","ELC","S18","ATX",0.107879999999991
"2036","MED","ELC","S19","ATX",0.107879999999991
"2036","MED","ELC","S20","ATX",0.107879999999991
"2036","MED","ELC","S21","ATX",0.107879999999991
"2036","MED","ELC","S22","ATX",0.107879999999991
"2036","MED","ELC","S23","ATX",0.107879999999991
"2036","MED","ELC","S24","ATX",0.107879999999991
"2036","HI","ELC","W1","ATX",0.103239999999992
"2036","HI","ELC","W2","ATX",0.103239999999992
"2036","HI","ELC","W3","ATX",0.103239999999992
"2036","HI","ELC","W4","ATX",0.103239999999992
"2036","HI","ELC","W5","ATX",0.103239999999992
"2036","HI","ELC","W6","ATX",0.103239999999992
"2036","HI","ELC","W7","ATX",0.103239999999992
"2036","HI","ELC","W8","ATX",0.103239999999992
"2036","HI","ELC","W9","ATX",0.103239999999992
"2036","HI","ELC","W10","ATX",0.103239999999992
"2036","HI","ELC","W11","ATX",0.103239999999992
"2036","HI","ELC","W12","ATX",0.103239999999992
"2036","HI","ELC","W13","ATX",0.103239999999992
"2036","HI","ELC","W14","ATX",0.103239999999992
"2036","HI","ELC","W15","ATX",0.103239999999992
"2036","HI","ELC","W16","ATX",0.103239999999992
"2036","HI","ELC","W17","ATX",0.103239999999992
"2036","HI","ELC","W18","ATX",0.103239999999992
"2036","HI","ELC","W19","ATX",0.103239999999992
"2036","HI","ELC","W20","ATX",0.103239999999992
"2036","HI","ELC","W21","ATX",0.103239999999992
"2036","HI","ELC","W22","ATX",0.103239999999992
"2036","HI","ELC","W23","ATX",0.103239999999992
"2036","HI","ELC","W24","ATX",0.103239999999992
"2036","HI","ELC","SF1","ATX",0.212279999999983
"2036","HI","ELC","SF2","ATX",0.212279999999983
"2036","HI","ELC","SF3","ATX",0.212279999999983
"2036","HI","ELC","SF4","ATX",0.212279999999983
"2036","HI","ELC","SF5","ATX",0.212279999999983
"2036","HI","ELC","SF6","ATX",0.212279999999983
"2036","HI","ELC","SF7","ATX",0.212279999999983
"2036","HI","ELC","SF8","ATX",0.212279999999983
"2036","HI","ELC","SF9","ATX",0.212279999999983
"2036","HI","ELC","SF10","ATX",0.212279999999983
"2036","HI","ELC","SF11","ATX",0.212279999999983
"2036","HI","ELC","SF12","ATX",0.212279999999983
"2036","HI","ELC","SF13","ATX",0.212279999999983
"2036","HI","ELC","SF14","ATX",0.212279999999983
"2036","HI","ELC","SF15","ATX",0.212279999999983
"2036","HI","ELC","SF16","ATX",0.212279999999983
"2036","HI","ELC","SF17","ATX",0.212279999999983
"2036","HI","ELC","SF18","ATX",0.212279999999983
"2036","HI","ELC","SF19","ATX",0.212279999999983
"2036","HI","ELC","SF20","ATX",0.212279999999983
"2036","HI","ELC","SF21","ATX",0.212279999999983
"2036","HI","ELC","SF22","ATX",0.212279999999983
"2036","HI","ELC","SF23","ATX",0.212279999999983
"2036","HI","ELC","SF24","ATX",0.212279999999983
"2036","HI","ELC","S1","ATX",0.107879999999991
"2036","HI","ELC","S2","ATX",0.107879999999991
"2036","HI","ELC","S3","ATX",0.107879999999991
"2036","HI","ELC","S4","ATX",0.107879999999991
"2036","HI","ELC","S5","ATX",0.107879999999991
"2036","HI","ELC","S6","ATX",0.107879999999991
"2036","HI","ELC","S7","ATX",0.107879999999991
"2036","HI","ELC","S8","ATX",0.107879999999991
"2036","HI","ELC","S9","ATX",0.107879999999991
"2036","HI","ELC","S10","ATX",0.107879999999991
"2036","HI","ELC","S11","ATX",0.107879999999991
"2036","HI","ELC","S12","ATX",0.107879999999991
"2036","HI","ELC","S13","ATX",0.107879999999991
"2036","HI","ELC","S14","ATX",0.107879999999991
"2036","HI","ELC","S15","ATX",0.107879999999991
"2036","HI","ELC","S16","ATX",0.107879999999991
"2036","HI","ELC","S17","ATX",0.107879999999991
"2036","HI","ELC","S18","ATX",0.107879999999991
"2036","HI","ELC","S19","ATX",0.107879999999991
"2036","HI","ELC","S20","ATX",0.107879999999991
"2036","HI","ELC","S21","ATX",0.107879999999991
"2036","HI","ELC","S22","ATX",0.107879999999991
"2036","HI","ELC","S23","ATX",0.107879999999991
"2036","HI","ELC","S24","ATX",0.107879999999991
"2037","LO","ELC","W1","ATX",0.105019999999992
"2037","LO","ELC","W2","ATX",0.105019999999992
"2037","LO","ELC","W3","ATX",0.105019999999992
"2037","LO","ELC","W4","ATX",0.105019999999992
"2037","LO","ELC","W5","ATX",0.105019999999992
"2037","LO","ELC","W6","ATX",0.105019999999992
"2037","LO","ELC","W7","ATX",0.105019999999992
"2037","LO","ELC","W8","ATX",0.105019999999992
"2037","LO","ELC","W9","ATX",0.105019999999992
"2037","LO","ELC","W10","ATX",0.105019999999992
"2037","LO","ELC","W11","ATX",0.105019999999992
"2037","LO","ELC","W12","ATX",0.105019999999992
"2037","LO","ELC","W13","ATX",0.105019999999992
"2037","LO","ELC","W14","ATX",0.105019999999992
"2037","LO","ELC","W15","ATX",0.105019999999992
"2037","LO","ELC","W16","ATX",0.105019999999992
"2037","LO","ELC","W17","ATX",0.105019999999992
"2037","LO","ELC","W18","ATX",0.105019999999992
"2037","LO","ELC","W19","ATX",0.105019999999992
"2037","LO","ELC","W20","ATX",0.105019999999992
"2037","LO","ELC","W21","ATX",0.105019999999992
"2037","LO","ELC","W22","ATX",0.105019999999992
"2037","LO","ELC","W23","ATX",0.105019999999992
"2037","LO","ELC","W24","ATX",0.105019999999992
"2037","LO","ELC","SF1","ATX",0.215939999999983
"2037","LO","ELC","SF2","ATX",0.215939999999983
"2037","LO","ELC","SF3","ATX",0.215939999999983
"2037","LO","ELC","SF4","ATX",0.215939999999983
"2037","LO","ELC","SF5","ATX",0.215939999999983
"2037","LO","ELC","SF6","ATX",0.215939999999983
"2037","LO","ELC","SF7","ATX",0.215939999999983
"2037","LO","ELC","SF8","ATX",0.215939999999983
"2037","LO","ELC","SF9","ATX",0.215939999999983
"2037","LO","ELC","SF10","ATX",0.215939999999983
"2037","LO","ELC","SF11","ATX",0.215939999999983
"2037","LO","ELC","SF12","ATX",0.215939999999983
"2037","LO","ELC","SF13","ATX",0.215939999999983
"2037","LO","ELC","SF14","ATX",0.215939999999983
"2037","LO","ELC","SF15","ATX",0.215939999999983
"2037","LO","ELC","SF16","ATX",0.215939999999983
"2037","LO","ELC","SF17","ATX",0.215939999999983
"2037","LO","ELC","SF18","ATX",0.215939999999983
"2037","LO","ELC","SF19","ATX",0.215939999999983
"2037","LO","ELC","SF20","ATX",0.215939999999983
"2037","LO","ELC","SF21","ATX",0.215939999999983
"2037","LO","ELC","SF22","ATX",0.215939999999983
"2037","LO","ELC","SF23","ATX",0.215939999999983
"2037","LO","ELC","SF24","ATX",0.215939999999983
"2037","LO","ELC","S1","ATX",0.109739999999991
"2037","LO","ELC","S2","ATX",0.109739999999991
"2037","LO","ELC","S3","ATX",0.109739999999991
"2037","LO","ELC","S4","ATX",0.109739999999991
"2037","LO","ELC","S5","ATX",0.109739999999991
"2037","LO","ELC","S6","ATX",0.109739999999991
"2037","LO","ELC","S7","ATX",0.109739999999991
"2037","LO","ELC","S8","ATX",0.109739999999991
"2037","LO","ELC","S9","ATX",0.109739999999991
"2037","LO","ELC","S10","ATX",0.109739999999991
"2037","LO","ELC","S11","ATX",0.109739999999991
"2037","LO","ELC","S12","ATX",0.109739999999991
"2037","LO","ELC","S13","ATX",0.109739999999991
"2037","LO","ELC","S14","ATX",0.109739999999991
"2037","LO","ELC","S15","ATX",0.109739999999991
"2037","LO","ELC","S16","ATX",0.109739999999991
"2037","LO","ELC","S17","ATX",0.109739999999991
"2037","LO","ELC","S18","ATX",0.109739999999991
"2037","LO","ELC","S19","ATX",0.109739999999991
"2037","LO","ELC","S20","ATX",0.109739999999991
"2037","LO","ELC","S21","ATX",0.109739999999991
"2037","LO","ELC","S22","ATX",0.109739999999991
"2037","LO","ELC","S23","ATX",0.109739999999991
"2037","LO","ELC","S24","ATX",0.109739999999991
"2037","MED","ELC","W1","ATX",0.105019999999992
"2037","MED","ELC","W2","ATX",0.105019999999992
"2037","MED","ELC","W3","ATX",0.105019999999992
"2037","MED","ELC","W4","ATX",0.105019999999992
"2037","MED","ELC","W5","ATX",0.105019999999992
"2037","MED","ELC","W6","ATX",0.105019999999992
"2037","MED","ELC","W7","ATX",0.105019999999992
"2037","MED","ELC","W8","ATX",0.105019999999992
"2037","MED","ELC","W9","ATX",0.105019999999992
"2037","MED","ELC","W10","ATX",0.105019999999992
"2037","MED","ELC","W11","ATX",0.105019999999992
"2037","MED","ELC","W12","ATX",0.105019999999992
"2037","MED","ELC","W13","ATX",0.105019999999992
"2037","MED","ELC","W14","ATX",0.105019999999992
"2037","MED","ELC","W15","ATX",0.105019999999992
"2037","MED","ELC","W16","ATX",0.105019999999992
"2037","MED","ELC","W17","ATX",0.105019999999992
"2037","MED","ELC","W18","ATX",0.105019999999992
"2037","MED","ELC","W19","ATX",0.105019999999992
"2037","MED","ELC","W20","ATX",0.105019999999992
"2037","MED","ELC","W21","ATX",0.105019999999992
"2037","MED","ELC","W22","ATX",0.105019999999992
"2037","MED","ELC","W23","ATX",0.105019999999992
"2037","MED","ELC","W24","ATX",0.105019999999992
"2037","MED","ELC","SF1","ATX",0.215939999999983
"2037","MED","ELC","SF2","ATX",0.215939999999983
"2037","MED","ELC","SF3","ATX",0.215939999999983
"2037","MED","ELC","SF4","ATX",0.215939999999983
"2037","MED","ELC","SF5","ATX",0.215939999999983
"2037","MED","ELC","SF6","ATX",0.215939999999983
"2037","MED","ELC","SF7","ATX",0.215939999999983
"2037","MED","ELC","SF8","ATX",0.215939999999983
"2037","MED","ELC","SF9","ATX",0.215939999999983
"2037","MED","ELC","SF10","ATX",0.215939999999983
"2037","MED","ELC","SF11","ATX",0.215939999999983
"2037","MED","ELC","SF12","ATX",0.215939999999983
"2037","MED","ELC","SF13","ATX",0.215939999999983
"2037","MED","ELC","SF14","ATX",0.215939999999983
"2037","MED","ELC","SF15","ATX",0.215939999999983
"2037","MED","ELC","SF16","ATX",0.215939999999983
"2037","MED","ELC","SF17","ATX",0.215939999999983
"2037","MED","ELC","SF18","ATX",0.215939999999983
"2037","MED","ELC","SF19","ATX",0.215939999999983
"2037","MED","ELC","SF20","ATX",0.215939999999983
"2037","MED","ELC","SF21","ATX",0.215939999999983
"2037","MED","ELC","SF22","ATX",0.215939999999983
"2037","MED","ELC","SF23","ATX",0.215939999999983
"2037","MED","ELC","SF24","ATX",0.215939999999983
"2037","MED","ELC","S1","ATX",0.109739999999991
"2037","MED","ELC","S2","ATX",0.109739999999991
"2037","MED","ELC","S3","ATX",0.109739999999991
"2037","MED","ELC","S4","ATX",0.109739999999991
"2037","MED","ELC","S5","ATX",0.109739999999991
"2037","MED","ELC","S6","ATX",0.109739999999991
"2037","MED","ELC","S7","ATX",0.109739999999991
"2037","MED","ELC","S8","ATX",0.109739999999991
"2037","MED","ELC","S9","ATX",0.109739999999991
"2037","MED","ELC","S10","ATX",0.109739999999991
"2037","MED","ELC","S11","ATX",0.109739999999991
"2037","MED","ELC","S12","ATX",0.109739999999991
"2037","MED","ELC","S13","ATX",0.109739999999991
"2037","MED","ELC","S14","ATX",0.109739999999991
"2037","MED","ELC","S15","ATX",0.109739999999991
"2037","MED","ELC","S16","ATX",0.109739999999991
"2037","MED","ELC","S17","ATX",0.109739999999991
"2037","MED","ELC","S18","ATX",0.109739999999991
"2037","MED","ELC","S19","ATX",0.109739999999991
"2037","MED","ELC","S20","ATX",0.109739999999991
"2037","MED","ELC","S21","ATX",0.109739999999991
"2037","MED","ELC","S22","ATX",0.109739999999991
"2037","MED","ELC","S23","ATX",0.109739999999991
"2037","MED","ELC","S24","ATX",0.109739999999991
"2037","HI","ELC","W1","ATX",0.105019999999992
"2037","HI","ELC","W2","ATX",0.105019999999992
"2037","HI","ELC","W3","ATX",0.105019999999992
"2037","HI","ELC","W4","ATX",0.105019999999992
"2037","HI","ELC","W5","ATX",0.105019999999992
"2037","HI","ELC","W6","ATX",0.105019999999992
"2037","HI","ELC","W7","ATX",0.105019999999992
"2037","HI","ELC","W8","ATX",0.105019999999992
"2037","HI","ELC","W9","ATX",0.105019999999992
"2037","HI","ELC","W10","ATX",0.105019999999992
"2037","HI","ELC","W11","ATX",0.105019999999992
"2037","HI","ELC","W12","ATX",0.105019999999992
"2037","HI","ELC","W13","ATX",0.105019999999992
"2037","HI","ELC","W14","ATX",0.105019999999992
"2037","HI","ELC","W15","ATX",0.105019999999992
"2037","HI","ELC","W16","ATX",0.105019999999992
"2037","HI","ELC","W17","ATX",0.105019999999992
"2037","HI","ELC","W18","ATX",0.105019999999992
"2037","HI","ELC","W19","ATX",0.105019999999992
"2037","HI","ELC","W20","ATX",0.105019999999992
"2037","HI","ELC","W21","ATX",0.105019999999992
"2037","HI","ELC","W22","ATX",0.105019999999992
"2037","HI","ELC","W23","ATX",0.105019999999992
"2037","HI","ELC","W24","ATX",0.105019999999992
"2037","HI","ELC","SF1","ATX",0.215939999999983
"2037","HI","ELC","SF2","ATX",0.215939999999983
"2037","HI","ELC","SF3","ATX",0.215939999999983
"2037","HI","ELC","SF4","ATX",0.215939999999983
"2037","HI","ELC","SF5","ATX",0.215939999999983
"2037","HI","ELC","SF6","ATX",0.215939999999983
"2037","HI","ELC","SF7","ATX",0.215939999999983
"2037","HI","ELC","SF8","ATX",0.215939999999983
"2037","HI","ELC","SF9","ATX",0.215939999999983
"2037","HI","ELC","SF10","ATX",0.215939999999983
"2037","HI","ELC","SF11","ATX",0.215939999999983
"2037","HI","ELC","SF12","ATX",0.215939999999983
"2037","HI","ELC","SF13","ATX",0.215939999999983
"2037","HI","ELC","SF14","ATX",0.215939999999983
"2037","HI","ELC","SF15","ATX",0.215939999999983
"2037","HI","ELC","SF16","ATX",0.215939999999983
"2037","HI","ELC","SF17","ATX",0.215939999999983
"2037","HI","ELC","SF18","ATX",0.215939999999983
"2037","HI","ELC","SF19","ATX",0.215939999999983
"2037","HI","ELC","SF20","ATX",0.215939999999983
"2037","HI","ELC","SF21","ATX",0.215939999999983
"2037","HI","ELC","SF22","ATX",0.215939999999983
"2037","HI","ELC","SF23","ATX",0.215939999999983
"2037","HI","ELC","SF24","ATX",0.215939999999983
"2037","HI","ELC","S1","ATX",0.109739999999991
"2037","HI","ELC","S2","ATX",0.109739999999991
"2037","HI","ELC","S3","ATX",0.109739999999991
"2037","HI","ELC","S4","ATX",0.109739999999991
"2037","HI","ELC","S5","ATX",0.109739999999991
"2037","HI","ELC","S6","ATX",0.109739999999991
"2037","HI","ELC","S7","ATX",0.109739999999991
"2037","HI","ELC","S8","ATX",0.109739999999991
"2037","HI","ELC","S9","ATX",0.109739999999991
"2037","HI","ELC","S10","ATX",0.109739999999991
"2037","HI","ELC","S11","ATX",0.109739999999991
"2037","HI","ELC","S12","ATX",0.109739999999991
"2037","HI","ELC","S13","ATX",0.109739999999991
"2037","HI","ELC","S14","ATX",0.109739999999991
"2037","HI","ELC","S15","ATX",0.109739999999991
"2037","HI","ELC","S16","ATX",0.109739999999991
"2037","HI","ELC","S17","ATX",0.109739999999991
"2037","HI","ELC","S18","ATX",0.109739999999991
"2037","HI","ELC","S19","ATX",0.109739999999991
"2037","HI","ELC","S20","ATX",0.109739999999991
"2037","HI","ELC","S21","ATX",0.109739999999991
"2037","HI","ELC","S22","ATX",0.109739999999991
"2037","HI","ELC","S23","ATX",0.109739999999991
"2037","HI","ELC","S24","ATX",0.109739999999991
"2038","LO","ELC","W1","ATX",0.106799999999991
"2038","LO","ELC","W2","ATX",0.106799999999991
"2038","LO","ELC","W3","ATX",0.106799999999991
"2038","LO","ELC","W4","ATX",0.106799999999991
"2038","LO","ELC","W5","ATX",0.106799999999991
"2038","LO","ELC","W6","ATX",0.106799999999991
"2038","LO","ELC","W7","ATX",0.106799999999991
"2038","LO","ELC","W8","ATX",0.106799999999991
"2038","LO","ELC","W9","ATX",0.106799999999991
"2038","LO","ELC","W10","ATX",0.106799999999991
"2038","LO","ELC","W11","ATX",0.106799999999991
"2038","LO","ELC","W12","ATX",0.106799999999991
"2038","LO","ELC","W13","ATX",0.106799999999991
"2038","LO","ELC","W14","ATX",0.106799999999991
"2038","LO","ELC","W15","ATX",0.106799999999991
"2038","LO","ELC","W16","ATX",0.106799999999991
"2038","LO","ELC","W17","ATX",0.106799999999991
"2038","LO","ELC","W18","ATX",0.106799999999991
"2038","LO","ELC","W19","ATX",0.106799999999991
"2038","LO","ELC","W20","ATX",0.106799999999991
"2038","LO","ELC","W21","ATX",0.106799999999991
"2038","LO","ELC","W22","ATX",0.106799999999991
"2038","LO","ELC","W23","ATX",0.106799999999991
"2038","LO","ELC","W24","ATX",0.106799999999991
"2038","LO","ELC","SF1","ATX",0.219599999999982
"2038","LO","ELC","SF2","ATX",0.219599999999982
"2038","LO","ELC","SF3","ATX",0.219599999999982
"2038","LO","ELC","SF4","ATX",0.219599999999982
"2038","LO","ELC","SF5","ATX",0.219599999999982
"2038","LO","ELC","SF6","ATX",0.219599999999982
"2038","LO","ELC","SF7","ATX",0.219599999999982
"2038","LO","ELC","SF8","ATX",0.219599999999982
"2038","LO","ELC","SF9","ATX",0.219599999999982
"2038","LO","ELC","SF10","ATX",0.219599999999982
"2038","LO","ELC","SF11","ATX",0.219599999999982
"2038","LO","ELC","SF12","ATX",0.219599999999982
"2038","LO","ELC","SF13","ATX",0.219599999999982
"2038","LO","ELC","SF14","ATX",0.219599999999982
"2038","LO","ELC","SF15","ATX",0.219599999999982
"2038","LO","ELC","SF16","ATX",0.219599999999982
"2038","LO","ELC","SF17","ATX",0.219599999999982
"2038","LO","ELC","SF18","ATX",0.219599999999982
"2038","LO","ELC","SF19","ATX",0.219599999999982
"2038","LO","ELC","SF20","ATX",0.219599999999982
"2038","LO","ELC","SF21","ATX",0.219599999999982
"2038","LO","ELC","SF22","ATX",0.219599999999982
"2038","LO","ELC","SF23","ATX",0.219599999999982
"2038","LO","ELC","SF24","ATX",0.219599999999982
"2038","LO","ELC","S1","ATX",0.111599999999991
"2038","LO","ELC","S2","ATX",0.111599999999991
"2038","LO","ELC","S3","ATX",0.111599999999991
"2038","LO","ELC","S4","ATX",0.111599999999991
"2038","LO","ELC","S5","ATX",0.111599999999991
"2038","LO","ELC","S6","ATX",0.111599999999991
"2038","LO","ELC","S7","ATX",0.111599999999991
"2038","LO","ELC","S8","ATX",0.111599999999991
"2038","LO","ELC","S9","ATX",0.111599999999991
"2038","LO","ELC","S10","ATX",0.111599999999991
"2038","LO","ELC","S11","ATX",0.111599999999991
"2038","LO","ELC","S12","ATX",0.111599999999991
"2038","LO","ELC","S13","ATX",0.111599999999991
"2038","LO","ELC","S14","ATX",0.111599999999991
"2038","LO","ELC","S15","ATX",0.111599999999991
"2038","LO","ELC","S16","ATX",0.111599999999991
"2038","LO","ELC","S17","ATX",0.111599999999991
"2038","LO","ELC","S18","ATX",0.111599999999991
"2038","LO","ELC","S19","ATX",0.111599999999991
"2038","LO","ELC","S20","ATX",0.111599999999991
"2038","LO","ELC","S21","ATX",0.111599999999991
"2038","LO","ELC","S22","ATX",0.111599999999991
"2038","LO","ELC","S23","ATX",0.111599999999991
"2038","LO","ELC","S24","ATX",0.111599999999991
"2038","MED","ELC","W1","ATX",0.106799999999991
"2038","MED","ELC","W2","ATX",0.106799999999991
"2038","MED","ELC","W3","ATX",0.106799999999991
"2038","MED","ELC","W4","ATX",0.106799999999991
"2038","MED","ELC","W5","ATX",0.106799999999991
"2038","MED","ELC","W6","ATX",0.106799999999991
"2038","MED","ELC","W7","ATX",0.106799999999991
"2038","MED","ELC","W8","ATX",0.106799999999991
"2038","MED","ELC","W9","ATX",0.106799999999991
"2038","MED","ELC","W10","ATX",0.106799999999991
"2038","MED","ELC","W11","ATX",0.106799999999991
"2038","MED","ELC","W12","ATX",0.106799999999991
"2038","MED","ELC","W13","ATX",0.106799999999991
"2038","MED","ELC","W14","ATX",0.106799999999991
"2038","MED","ELC","W15","ATX",0.106799999999991
"2038","MED","ELC","W16","ATX",0.106799999999991
"2038","MED","ELC","W17","ATX",0.106799999999991
"2038","MED","ELC","W18","ATX",0.106799999999991
"2038","MED","ELC","W19","ATX",0.106799999999991
"2038","MED","ELC","W20","ATX",0.106799999999991
"2038","MED","ELC","W21","ATX",0.106799999999991
"2038","MED","ELC","W22","ATX",0.106799999999991
"2038","MED","ELC","W23","ATX",0.106799999999991
"2038","MED","ELC","W24","ATX",0.106799999999991
"2038","MED","ELC","SF1","ATX",0.219599999999982
"2038","MED","ELC","SF2","ATX",0.219599999999982
"2038","MED","ELC","SF3","ATX",0.219599999999982
"2038","MED","ELC","SF4","ATX",0.219599999999982
"2038","MED","ELC","SF5","ATX",0.219599999999982
"2038","MED","ELC","SF6","ATX",0.219599999999982
"2038","MED","ELC","SF7","ATX",0.219599999999982
"2038","MED","ELC","SF8","ATX",0.219599999999982
"2038","MED","ELC","SF9","ATX",0.219599999999982
"2038","MED","ELC","SF10","ATX",0.219599999999982
"2038","MED","ELC","SF11","ATX",0.219599999999982
"2038","MED","ELC","SF12","ATX",0.219599999999982
"2038","MED","ELC","SF13","ATX",0.219599999999982
"2038","MED","ELC","SF14","ATX",0.219599999999982
"2038","MED","ELC","SF15","ATX",0.219599999999982
"2038","MED","ELC","SF16","ATX",0.219599999999982
"2038","MED","ELC","SF17","ATX",0.219599999999982
"2038","MED","ELC","SF18","ATX",0.219599999999982
"2038","MED","ELC","SF19","ATX",0.219599999999982
"2038","MED","ELC","SF20","ATX",0.219599999999982
"2038","MED","ELC","SF21","ATX",0.219599999999982
"2038","MED","ELC","SF22","ATX",0.219599999999982
"2038","MED","ELC","SF23","ATX",0.219599999999982
"2038","MED","ELC","SF24","ATX",0.219599999999982
"2038","MED","ELC","S1","ATX",0.111599999999991
"2038","MED","ELC","S2","ATX",0.111599999999991
"2038","MED","ELC","S3","ATX",0.111599999999991
"2038","MED","ELC","S4","ATX",0.111599999999991
"2038","MED","ELC","S5","ATX",0.111599999999991
"2038","MED","ELC","S6","ATX",0.111599999999991
"2038","MED","ELC","S7","ATX",0.111599999999991
"2038","MED","ELC","S8","ATX",0.111599999999991
"2038","MED","ELC","S9","ATX",0.111599999999991
"2038","MED","ELC","S10","ATX",0.111599999999991
"2038","MED","ELC","S11","ATX",0.111599999999991
"2038","MED","ELC","S12","ATX",0.111599999999991
"2038","MED","ELC","S13","ATX",0.111599999999991
"2038","MED","ELC","S14","ATX",0.111599999999991
"2038","MED","ELC","S15","ATX",0.111599999999991
"2038","MED","ELC","S16","ATX",0.111599999999991
"2038","MED","ELC","S17","ATX",0.111599999999991
"2038","MED","ELC","S18","ATX",0.111599999999991
"2038","MED","ELC","S19","ATX",0.111599999999991
"2038","MED","ELC","S20","ATX",0.111599999999991
"2038","MED","ELC","S21","ATX",0.111599999999991
"2038","MED","ELC","S22","ATX",0.111599999999991
"2038","MED","ELC","S23","ATX",0.111599999999991
"2038","MED","ELC","S24","ATX",0.111599999999991
"2038","HI","ELC","W1","ATX",0.106799999999991
"2038","HI","ELC","W2","ATX",0.106799999999991
"2038","HI","ELC","W3","ATX",0.106799999999991
"2038","HI","ELC","W4","ATX",0.106799999999991
"2038","HI","ELC","W5","ATX",0.106799999999991
"2038","HI","ELC","W6","ATX",0.106799999999991
"2038","HI","ELC","W7","ATX",0.106799999999991
"2038","HI","ELC","W8","ATX",0.106799999999991
"2038","HI","ELC","W9","ATX",0.106799999999991
"2038","HI","ELC","W10","ATX",0.106799999999991
"2038","HI","ELC","W11","ATX",0.106799999999991
"2038","HI","ELC","W12","ATX",0.106799999999991
"2038","HI","ELC","W13","ATX",0.106799999999991
"2038","HI","ELC","W14","ATX",0.106799999999991
"2038","HI","ELC","W15","ATX",0.106799999999991
"2038","HI","ELC","W16","ATX",0.106799999999991
"2038","HI","ELC","W17","ATX",0.106799999999991
"2038","HI","ELC","W18","ATX",0.106799999999991
"2038","HI","ELC","W19","ATX",0.106799999999991
"2038","HI","ELC","W20","ATX",0.106799999999991
"2038","HI","ELC","W21","ATX",0.106799999999991
"2038","HI","ELC","W22","ATX",0.106799999999991
"2038","HI","ELC","W23","ATX",0.106799999999991
"2038","HI","ELC","W24","ATX",0.106799999999991
"2038","HI","ELC","SF1","ATX",0.219599999999982
"2038","HI","ELC","SF2","ATX",0.219599999999982
"2038","HI","ELC","SF3","ATX",0.219599999999982
"2038","HI","ELC","SF4","ATX",0.219599999999982
"2038","HI","ELC","SF5","ATX",0.219599999999982
"2038","HI","ELC","SF6","ATX",0.219599999999982
"2038","HI","ELC","SF7","ATX",0.219599999999982
"2038","HI","ELC","SF8","ATX",0.219599999999982
"2038","HI","ELC","SF9","ATX",0.219599999999982
"2038","HI","ELC","SF10","ATX",0.219599999999982
"2038","HI","ELC","SF11","ATX",0.219599999999982
"2038","HI","ELC","SF12","ATX",0.219599999999982
"2038","HI","ELC","SF13","ATX",0.219599999999982
"2038","HI","ELC","SF14","ATX",0.219599999999982
"2038","HI","ELC","SF15","ATX",0.219599999999982
"2038","HI","ELC","SF16","ATX",0.219599999999982
"2038","HI","ELC","SF17","ATX",0.219599999999982
"2038","HI","ELC","SF18","ATX",0.219599999999982
"2038","HI","ELC","SF19","ATX",0.219599999999982
"2038","HI","ELC","SF20","ATX",0.219599999999982
"2038","HI","ELC","SF21","ATX",0.219599999999982
"2038","HI","ELC","SF22","ATX",0.219599999999982
"2038","HI","ELC","SF23","ATX",0.219599999999982
"2038","HI","ELC","SF24","ATX",0.219599999999982
"2038","HI","ELC","S1","ATX",0.111599999999991
"2038","HI","ELC","S2","ATX",0.111599999999991
"2038","HI","ELC","S3","ATX",0.111599999999991
"2038","HI","ELC","S4","ATX",0.111599999999991
"2038","HI","ELC","S5","ATX",0.111599999999991
"2038","HI","ELC","S6","ATX",0.111599999999991
"2038","HI","ELC","S7","ATX",0.111599999999991
"2038","HI","ELC","S8","ATX",0.111599999999991
"2038","HI","ELC","S9","ATX",0.111599999999991
"2038","HI","ELC","S10","ATX",0.111599999999991
"2038","HI","ELC","S11","ATX",0.111599999999991
"2038","HI","ELC","S12","ATX",0.111599999999991
"2038","HI","ELC","S13","ATX",0.111599999999991
"2038","HI","ELC","S14","ATX",0.111599999999991
"2038","HI","ELC","S15","ATX",0.111599999999991
"2038","HI","ELC","S16","ATX",0.111599999999991
"2038","HI","ELC","S17","ATX",0.111599999999991
"2038","HI","ELC","S18","ATX",0.111599999999991
"2038","HI","ELC","S19","ATX",0.111599999999991
"2038","HI","ELC","S20","ATX",0.111599999999991
"2038","HI","ELC","S21","ATX",0.111599999999991
"2038","HI","ELC","S22","ATX",0.111599999999991
"2038","HI","ELC","S23","ATX",0.111599999999991
"2038","HI","ELC","S24","ATX",0.111599999999991
"2039","LO","ELC","W1","ATX",0.108579999999991
"2039","LO","ELC","W2","ATX",0.108579999999991
"2039","LO","ELC","W3","ATX",0.108579999999991
"2039","LO","ELC","W4","ATX",0.108579999999991
"2039","LO","ELC","W5","ATX",0.108579999999991
"2039","LO","ELC","W6","ATX",0.108579999999991
"2039","LO","ELC","W7","ATX",0.108579999999991
"2039","LO","ELC","W8","ATX",0.108579999999991
"2039","LO","ELC","W9","ATX",0.108579999999991
"2039","LO","ELC","W10","ATX",0.108579999999991
"2039","LO","ELC","W11","ATX",0.108579999999991
"2039","LO","ELC","W12","ATX",0.108579999999991
"2039","LO","ELC","W13","ATX",0.108579999999991
"2039","LO","ELC","W14","ATX",0.108579999999991
"2039","LO","ELC","W15","ATX",0.108579999999991
"2039","LO","ELC","W16","ATX",0.108579999999991
"2039","LO","ELC","W17","ATX",0.108579999999991
"2039","LO","ELC","W18","ATX",0.108579999999991
"2039","LO","ELC","W19","ATX",0.108579999999991
"2039","LO","ELC","W20","ATX",0.108579999999991
"2039","LO","ELC","W21","ATX",0.108579999999991
"2039","LO","ELC","W22","ATX",0.108579999999991
"2039","LO","ELC","W23","ATX",0.108579999999991
"2039","LO","ELC","W24","ATX",0.108579999999991
"2039","LO","ELC","SF1","ATX",0.223259999999982
"2039","LO","ELC","SF2","ATX",0.223259999999982
"2039","LO","ELC","SF3","ATX",0.223259999999982
"2039","LO","ELC","SF4","ATX",0.223259999999982
"2039","LO","ELC","SF5","ATX",0.223259999999982
"2039","LO","ELC","SF6","ATX",0.223259999999982
"2039","LO","ELC","SF7","ATX",0.223259999999982
"2039","LO","ELC","SF8","ATX",0.223259999999982
"2039","LO","ELC","SF9","ATX",0.223259999999982
"2039","LO","ELC","SF10","ATX",0.223259999999982
"2039","LO","ELC","SF11","ATX",0.223259999999982
"2039","LO","ELC","SF12","ATX",0.223259999999982
"2039","LO","ELC","SF13","ATX",0.223259999999982
"2039","LO","ELC","SF14","ATX",0.223259999999982
"2039","LO","ELC","SF15","ATX",0.223259999999982
"2039","LO","ELC","SF16","ATX",0.223259999999982
"2039","LO","ELC","SF17","ATX",0.223259999999982
"2039","LO","ELC","SF18","ATX",0.223259999999982
"2039","LO","ELC","SF19","ATX",0.223259999999982
"2039","LO","ELC","SF20","ATX",0.223259999999982
"2039","LO","ELC","SF21","ATX",0.223259999999982
"2039","LO","ELC","SF22","ATX",0.223259999999982
"2039","LO","ELC","SF23","ATX",0.223259999999982
"2039","LO","ELC","SF24","ATX",0.223259999999982
"2039","LO","ELC","S1","ATX",0.113459999999991
"2039","LO","ELC","S2","ATX",0.113459999999991
"2039","LO","ELC","S3","ATX",0.113459999999991
"2039","LO","ELC","S4","ATX",0.113459999999991
"2039","LO","ELC","S5","ATX",0.113459999999991
"2039","LO","ELC","S6","ATX",0.113459999999991
"2039","LO","ELC","S7","ATX",0.113459999999991
"2039","LO","ELC","S8","ATX",0.113459999999991
"2039","LO","ELC","S9","ATX",0.113459999999991
"2039","LO","ELC","S10","ATX",0.113459999999991
"2039","LO","ELC","S11","ATX",0.113459999999991
"2039","LO","ELC","S12","ATX",0.113459999999991
"2039","LO","ELC","S13","ATX",0.113459999999991
"2039","LO","ELC","S14","ATX",0.113459999999991
"2039","LO","ELC","S15","ATX",0.113459999999991
"2039","LO","ELC","S16","ATX",0.113459999999991
"2039","LO","ELC","S17","ATX",0.113459999999991
"2039","LO","ELC","S18","ATX",0.113459999999991
"2039","LO","ELC","S19","ATX",0.113459999999991
"2039","LO","ELC","S20","ATX",0.113459999999991
"2039","LO","ELC","S21","ATX",0.113459999999991
"2039","LO","ELC","S22","ATX",0.113459999999991
"2039","LO","ELC","S23","ATX",0.113459999999991
"2039","LO","ELC","S24","ATX",0.113459999999991
"2039","MED","ELC","W1","ATX",0.108579999999991
"2039","MED","ELC","W2","ATX",0.108579999999991
"2039","MED","ELC","W3","ATX",0.108579999999991
"2039","MED","ELC","W4","ATX",0.108579999999991
"2039","MED","ELC","W5","ATX",0.108579999999991
"2039","MED","ELC","W6","ATX",0.108579999999991
"2039","MED","ELC","W7","ATX",0.108579999999991
"2039","MED","ELC","W8","ATX",0.108579999999991
"2039","MED","ELC","W9","ATX",0.108579999999991
"2039","MED","ELC","W10","ATX",0.108579999999991
"2039","MED","ELC","W11","ATX",0.108579999999991
"2039","MED","ELC","W12","ATX",0.108579999999991
"2039","MED","ELC","W13","ATX",0.108579999999991
"2039","MED","ELC","W14","ATX",0.108579999999991
"2039","MED","ELC","W15","ATX",0.108579999999991
"2039","MED","ELC","W16","ATX",0.108579999999991
"2039","MED","ELC","W17","ATX",0.108579999999991
"2039","MED","ELC","W18","ATX",0.108579999999991
"2039","MED","ELC","W19","ATX",0.108579999999991
"2039","MED","ELC","W20","ATX",0.108579999999991
"2039","MED","ELC","W21","ATX",0.108579999999991
"2039","MED","ELC","W22","ATX",0.108579999999991
"2039","MED","ELC","W23","ATX",0.108579999999991
"2039","MED","ELC","W24","ATX",0.108579999999991
"2039","MED","ELC","SF1","ATX",0.223259999999982
"2039","MED","ELC","SF2","ATX",0.223259999999982
"2039","MED","ELC","SF3","ATX",0.223259999999982
"2039","MED","ELC","SF4","ATX",0.223259999999982
"2039","MED","ELC","SF5","ATX",0.223259999999982
"2039","MED","ELC","SF6","ATX",0.223259999999982
"2039","MED","ELC","SF7","ATX",0.223259999999982
"2039","MED","ELC","SF8","ATX",0.223259999999982
"2039","MED","ELC","SF9","ATX",0.223259999999982
"2039","MED","ELC","SF10","ATX",0.223259999999982
"2039","MED","ELC","SF11","ATX",0.223259999999982
"2039","MED","ELC","SF12","ATX",0.223259999999982
"2039","MED","ELC","SF13","ATX",0.223259999999982
"2039","MED","ELC","SF14","ATX",0.223259999999982
"2039","MED","ELC","SF15","ATX",0.223259999999982
"2039","MED","ELC","SF16","ATX",0.223259999999982
"2039","MED","ELC","SF17","ATX",0.223259999999982
"2039","MED","ELC","SF18","ATX",0.223259999999982
"2039","MED","ELC","SF19","ATX",0.223259999999982
"2039","MED","ELC","SF20","ATX",0.223259999999982
"2039","MED","ELC","SF21","ATX",0.223259999999982
"2039","MED","ELC","SF22","ATX",0.223259999999982
"2039","MED","ELC","SF23","ATX",0.223259999999982
"2039","MED","ELC","SF24","ATX",0.223259999999982
"2039","MED","ELC","S1","ATX",0.113459999999991
"2039","MED","ELC","S2","ATX",0.113459999999991
"2039","MED","ELC","S3","ATX",0.113459999999991
"2039","MED","ELC","S4","ATX",0.113459999999991
"2039","MED","ELC","S5","ATX",0.113459999999991
"2039","MED","ELC","S6","ATX",0.113459999999991
"2039","MED","ELC","S7","ATX",0.113459999999991
"2039","MED","ELC","S8","ATX",0.113459999999991
"2039","MED","ELC","S9","ATX",0.113459999999991
"2039","MED","ELC","S10","ATX",0.113459999999991
"2039","MED","ELC","S11","ATX",0.113459999999991
"2039","MED","ELC","S12","ATX",0.113459999999991
"2039","MED","ELC","S13","ATX",0.113459999999991
"2039","MED","ELC","S14","ATX",0.113459999999991
"2039","MED","ELC","S15","ATX",0.113459999999991
"2039","MED","ELC","S16","ATX",0.113459999999991
"2039","MED","ELC","S17","ATX",0.113459999999991
"2039","MED","ELC","S18","ATX",0.113459999999991
"2039","MED","ELC","S19","ATX",0.113459999999991
"2039","MED","ELC","S20","ATX",0.113459999999991
"2039","MED","ELC","S21","ATX",0.113459999999991
"2039","MED","ELC","S22","ATX",0.113459999999991
"2039","MED","ELC","S23","ATX",0.113459999999991
"2039","MED","ELC","S24","ATX",0.113459999999991
"2039","HI","ELC","W1","ATX",0.108579999999991
"2039","HI","ELC","W2","ATX",0.108579999999991
"2039","HI","ELC","W3","ATX",0.108579999999991
"2039","HI","ELC","W4","ATX",0.108579999999991
"2039","HI","ELC","W5","ATX",0.108579999999991
"2039","HI","ELC","W6","ATX",0.108579999999991
"2039","HI","ELC","W7","ATX",0.108579999999991
"2039","HI","ELC","W8","ATX",0.108579999999991
"2039","HI","ELC","W9","ATX",0.108579999999991
"2039","HI","ELC","W10","ATX",0.108579999999991
"2039","HI","ELC","W11","ATX",0.108579999999991
"2039","HI","ELC","W12","ATX",0.108579999999991
"2039","HI","ELC","W13","ATX",0.108579999999991
"2039","HI","ELC","W14","ATX",0.108579999999991
"2039","HI","ELC","W15","ATX",0.108579999999991
"2039","HI","ELC","W16","ATX",0.108579999999991
"2039","HI","ELC","W17","ATX",0.108579999999991
"2039","HI","ELC","W18","ATX",0.108579999999991
"2039","HI","ELC","W19","ATX",0.108579999999991
"2039","HI","ELC","W20","ATX",0.108579999999991
"2039","HI","ELC","W21","ATX",0.108579999999991
"2039","HI","ELC","W22","ATX",0.108579999999991
"2039","HI","ELC","W23","ATX",0.108579999999991
"2039","HI","ELC","W24","ATX",0.108579999999991
"2039","HI","ELC","SF1","ATX",0.223259999999982
"2039","HI","ELC","SF2","ATX",0.223259999999982
"2039","HI","ELC","SF3","ATX",0.223259999999982
"2039","HI","ELC","SF4","ATX",0.223259999999982
"2039","HI","ELC","SF5","ATX",0.223259999999982
"2039","HI","ELC","SF6","ATX",0.223259999999982
"2039","HI","ELC","SF7","ATX",0.223259999999982
"2039","HI","ELC","SF8","ATX",0.223259999999982
"2039","HI","ELC","SF9","ATX",0.223259999999982
"2039","HI","ELC","SF10","ATX",0.223259999999982
"2039","HI","ELC","SF11","ATX",0.223259999999982
"2039","HI","ELC","SF12","ATX",0.223259999999982
"2039","HI","ELC","SF13","ATX",0.223259999999982
"2039","HI","ELC","SF14","ATX",0.223259999999982
"2039","HI","ELC","SF15","ATX",0.223259999999982
"2039","HI","ELC","SF16","ATX",0.223259999999982
"2039","HI","ELC","SF17","ATX",0.223259999999982
"2039","HI","ELC","SF18","ATX",0.223259999999982
"2039","HI","ELC","SF19","ATX",0.223259999999982
"2039","HI","ELC","SF20","ATX",0.223259999999982
"2039","HI","ELC","SF21","ATX",0.223259999999982
"2039","HI","ELC","SF22","ATX",0.223259999999982
"2039","HI","ELC","SF23","ATX",0.223259999999982
"2039","HI","ELC","SF24","ATX",0.223259999999982
"2039","HI","ELC","S1","ATX",0.113459999999991
"2039","HI","ELC","S2","ATX",0.113459999999991
"2039","HI","ELC","S3","ATX",0.113459999999991
"2039","HI","ELC","S4","ATX",0.113459999999991
"2039","HI","ELC","S5","ATX",0.113459999999991
"2039","HI","ELC","S6","ATX",0.113459999999991
"2039","HI","ELC","S7","ATX",0.113459999999991
"2039","HI","ELC","S8","ATX",0.113459999999991
"2039","HI","ELC","S9","ATX",0.113459999999991
"2039","HI","ELC","S10","ATX",0.113459999999991
"2039","HI","ELC","S11","ATX",0.113459999999991
"2039","HI","ELC","S12","ATX",0.113459999999991
"2039","HI","ELC","S13","ATX",0.113459999999991
"2039","HI","ELC","S14","ATX",0.113459999999991
"2039","HI","ELC","S15","ATX",0.113459999999991
"2039","HI","ELC","S16","ATX",0.113459999999991
"2039","HI","ELC","S17","ATX",0.113459999999991
"2039","HI","ELC","S18","ATX",0.113459999999991
"2039","HI","ELC","S19","ATX",0.113459999999991
"2039","HI","ELC","S20","ATX",0.113459999999991
"2039","HI","ELC","S21","ATX",0.113459999999991
"2039","HI","ELC","S22","ATX",0.113459999999991
"2039","HI","ELC","S23","ATX",0.113459999999991
"2039","HI","ELC","S24","ATX",0.113459999999991
"2040","LO","ELC","W1","ATX",0.110359999999991
"2040","LO","ELC","W2","ATX",0.110359999999991
"2040","LO","ELC","W3","ATX",0.110359999999991
"2040","LO","ELC","W4","ATX",0.110359999999991
"2040","LO","ELC","W5","ATX",0.110359999999991
"2040","LO","ELC","W6","ATX",0.110359999999991
"2040","LO","ELC","W7","ATX",0.110359999999991
"2040","LO","ELC","W8","ATX",0.110359999999991
"2040","LO","ELC","W9","ATX",0.110359999999991
"2040","LO","ELC","W10","ATX",0.110359999999991
"2040","LO","ELC","W11","ATX",0.110359999999991
"2040","LO","ELC","W12","ATX",0.110359999999991
"2040","LO","ELC","W13","ATX",0.110359999999991
"2040","LO","ELC","W14","ATX",0.110359999999991
"2040","LO","ELC","W15","ATX",0.110359999999991
"2040","LO","ELC","W16","ATX",0.110359999999991
"2040","LO","ELC","W17","ATX",0.110359999999991
"2040","LO","ELC","W18","ATX",0.110359999999991
"2040","LO","ELC","W19","ATX",0.110359999999991
"2040","LO","ELC","W20","ATX",0.110359999999991
"2040","LO","ELC","W21","ATX",0.110359999999991
"2040","LO","ELC","W22","ATX",0.110359999999991
"2040","LO","ELC","W23","ATX",0.110359999999991
"2040","LO","ELC","W24","ATX",0.110359999999991
"2040","LO","ELC","SF1","ATX",0.226919999999982
"2040","LO","ELC","SF2","ATX",0.226919999999982
"2040","LO","ELC","SF3","ATX",0.226919999999982
"2040","LO","ELC","SF4","ATX",0.226919999999982
"2040","LO","ELC","SF5","ATX",0.226919999999982
"2040","LO","ELC","SF6","ATX",0.226919999999982
"2040","LO","ELC","SF7","ATX",0.226919999999982
"2040","LO","ELC","SF8","ATX",0.226919999999982
"2040","LO","ELC","SF9","ATX",0.226919999999982
"2040","LO","ELC","SF10","ATX",0.226919999999982
"2040","LO","ELC","SF11","ATX",0.226919999999982
"2040","LO","ELC","SF12","ATX",0.226919999999982
"2040","LO","ELC","SF13","ATX",0.226919999999982
"2040","LO","ELC","SF14","ATX",0.226919999999982
"2040","LO","ELC","SF15","ATX",0.226919999999982
"2040","LO","ELC","SF16","ATX",0.226919999999982
"2040","LO","ELC","SF17","ATX",0.226919999999982
"2040","LO","ELC","SF18","ATX",0.226919999999982
"2040","LO","ELC","SF19","ATX",0.226919999999982
"2040","LO","ELC","SF20","ATX",0.226919999999982
"2040","LO","ELC","SF21","ATX",0.226919999999982
"2040","LO","ELC","SF22","ATX",0.226919999999982
"2040","LO","ELC","SF23","ATX",0.226919999999982
"2040","LO","ELC","SF24","ATX",0.226919999999982
"2040","LO","ELC","S1","ATX",0.115319999999991
"2040","LO","ELC","S2","ATX",0.115319999999991
"2040","LO","ELC","S3","ATX",0.115319999999991
"2040","LO","ELC","S4","ATX",0.115319999999991
"2040","LO","ELC","S5","ATX",0.115319999999991
"2040","LO","ELC","S6","ATX",0.115319999999991
"2040","LO","ELC","S7","ATX",0.115319999999991
"2040","LO","ELC","S8","ATX",0.115319999999991
"2040","LO","ELC","S9","ATX",0.115319999999991
"2040","LO","ELC","S10","ATX",0.115319999999991
"2040","LO","ELC","S11","ATX",0.115319999999991
"2040","LO","ELC","S12","ATX",0.115319999999991
"2040","LO","ELC","S13","ATX",0.115319999999991
"2040","LO","ELC","S14","ATX",0.115319999999991
"2040","LO","ELC","S15","ATX",0.115319999999991
"2040","LO","ELC","S16","ATX",0.115319999999991
"2040","LO","ELC","S17","ATX",0.115319999999991
"2040","LO","ELC","S18","ATX",0.115319999999991
"2040","LO","ELC","S19","ATX",0.115319999999991
"2040","LO","ELC","S20","ATX",0.115319999999991
"2040","LO","ELC","S21","ATX",0.115319999999991
"2040","LO","ELC","S22","ATX",0.115319999999991
"2040","LO","ELC","S23","ATX",0.115319999999991
"2040","LO","ELC","S24","ATX",0.115319999999991
"2040","MED","ELC","W1","ATX",0.110359999999991
"2040","MED","ELC","W2","ATX",0.110359999999991
"2040","MED","ELC","W3","ATX",0.110359999999991
"2040","MED","ELC","W4","ATX",0.110359999999991
"2040","MED","ELC","W5","ATX",0.110359999999991
"2040","MED","ELC","W6","ATX",0.110359999999991
"2040","MED","ELC","W7","ATX",0.110359999999991
"2040","MED","ELC","W8","ATX",0.110359999999991
"2040","MED","ELC","W9","ATX",0.110359999999991
"2040","MED","ELC","W10","ATX",0.110359999999991
"2040","MED","ELC","W11","ATX",0.110359999999991
"2040","MED","ELC","W12","ATX",0.110359999999991
"2040","MED","ELC","W13","ATX",0.110359999999991
"2040","MED","ELC","W14","ATX",0.110359999999991
"2040","MED","ELC","W15","ATX",0.110359999999991
"2040","MED","ELC","W16","ATX",0.110359999999991
"2040","MED","ELC","W17","ATX",0.110359999999991
"2040","MED","ELC","W18","ATX",0.110359999999991
"2040","MED","ELC","W19","ATX",0.110359999999991
"2040","MED","ELC","W20","ATX",0.110359999999991
"2040","MED","ELC","W21","ATX",0.110359999999991
"2040","MED","ELC","W22","ATX",0.110359999999991
"2040","MED","ELC","W23","ATX",0.110359999999991
"2040","MED","ELC","W24","ATX",0.110359999999991
"2040","MED","ELC","SF1","ATX",0.226919999999982
"2040","MED","ELC","SF2","ATX",0.226919999999982
"2040","MED","ELC","SF3","ATX",0.226919999999982
"2040","MED","ELC","SF4","ATX",0.226919999999982
"2040","MED","ELC","SF5","ATX",0.226919999999982
"2040","MED","ELC","SF6","ATX",0.226919999999982
"2040","MED","ELC","SF7","ATX",0.226919999999982
"2040","MED","ELC","SF8","ATX",0.226919999999982
"2040","MED","ELC","SF9","ATX",0.226919999999982
"2040","MED","ELC","SF10","ATX",0.226919999999982
"2040","MED","ELC","SF11","ATX",0.226919999999982
"2040","MED","ELC","SF12","ATX",0.226919999999982
"2040","MED","ELC","SF13","ATX",0.226919999999982
"2040","MED","ELC","SF14","ATX",0.226919999999982
"2040","MED","ELC","SF15","ATX",0.226919999999982
"2040","MED","ELC","SF16","ATX",0.226919999999982
"2040","MED","ELC","SF17","ATX",0.226919999999982
"2040","MED","ELC","SF18","ATX",0.226919999999982
"2040","MED","ELC","SF19","ATX",0.226919999999982
"2040","MED","ELC","SF20","ATX",0.226919999999982
"2040","MED","ELC","SF21","ATX",0.226919999999982
"2040","MED","ELC","SF22","ATX",0.226919999999982
"2040","MED","ELC","SF23","ATX",0.226919999999982
"2040","MED","ELC","SF24","ATX",0.226919999999982
"2040","MED","ELC","S1","ATX",0.115319999999991
"2040","MED","ELC","S2","ATX",0.115319999999991
"2040","MED","ELC","S3","ATX",0.115319999999991
"2040","MED","ELC","S4","ATX",0.115319999999991
"2040","MED","ELC","S5","ATX",0.115319999999991
"2040","MED","ELC","S6","ATX",0.115319999999991
"2040","MED","ELC","S7","ATX",0.115319999999991
"2040","MED","ELC","S8","ATX",0.115319999999991
"2040","MED","ELC","S9","ATX",0.115319999999991
"2040","MED","ELC","S10","ATX",0.115319999999991
"2040","MED","ELC","S11","ATX",0.115319999999991
"2040","MED","ELC","S12","ATX",0.115319999999991
"2040","MED","ELC","S13","ATX",0.115319999999991
"2040","MED","ELC","S14","ATX",0.115319999999991
"2040","MED","ELC","S15","ATX",0.115319999999991
"2040","MED","ELC","S16","ATX",0.115319999999991
"2040","MED","ELC","S17","ATX",0.115319999999991
"2040","MED","ELC","S18","ATX",0.115319999999991
"2040","MED","ELC","S19","ATX",0.115319999999991
"2040","MED","ELC","S20","ATX",0.115319999999991
"2040","MED","ELC","S21","ATX",0.115319999999991
"2040","MED","ELC","S22","ATX",0.115319999999991
"2040","MED","ELC","S23","ATX",0.115319999999991
"2040","MED","ELC","S24","ATX",0.115319999999991
"2040","HI","ELC","W1","ATX",0.110359999999991
"2040","HI","ELC","W2","ATX",0.110359999999991
"2040","HI","ELC","W3","ATX",0.110359999999991
"2040","HI","ELC","W4","ATX",0.110359999999991
"2040","HI","ELC","W5","ATX",0.110359999999991
"2040","HI","ELC","W6","ATX",0.110359999999991
"2040","HI","ELC","W7","ATX",0.110359999999991
"2040","HI","ELC","W8","ATX",0.110359999999991
"2040","HI","ELC","W9","ATX",0.110359999999991
"2040","HI","ELC","W10","ATX",0.110359999999991
"2040","HI","ELC","W11","ATX",0.110359999999991
"2040","HI","ELC","W12","ATX",0.110359999999991
"2040","HI","ELC","W13","ATX",0.110359999999991
"2040","HI","ELC","W14","ATX",0.110359999999991
"2040","HI","ELC","W15","ATX",0.110359999999991
"2040","HI","ELC","W16","ATX",0.110359999999991
"2040","HI","ELC","W17","ATX",0.110359999999991
"2040","HI","ELC","W18","ATX",0.110359999999991
"2040","HI","ELC","W19","ATX",0.110359999999991
"2040","HI","ELC","W20","ATX",0.110359999999991
"2040","HI","ELC","W21","ATX",0.110359999999991
"2040","HI","ELC","W22","ATX",0.110359999999991
"2040","HI","ELC","W23","ATX",0.110359999999991
"2040","HI","ELC","W24","ATX",0.110359999999991
"2040","HI","ELC","SF1","ATX",0.226919999999982
"2040","HI","ELC","SF2","ATX",0.226919999999982
"2040","HI","ELC","SF3","ATX",0.226919999999982
"2040","HI","ELC","SF4","ATX",0.226919999999982
"2040","HI","ELC","SF5","ATX",0.226919999999982
"2040","HI","ELC","SF6","ATX",0.226919999999982
"2040","HI","ELC","SF7","ATX",0.226919999999982
"2040","HI","ELC","SF8","ATX",0.226919999999982
"2040","HI","ELC","SF9","ATX",0.226919999999982
"2040","HI","ELC","SF10","ATX",0.226919999999982
"2040","HI","ELC","SF11","ATX",0.226919999999982
"2040","HI","ELC","SF12","ATX",0.226919999999982
"2040","HI","ELC","SF13","ATX",0.226919999999982
"2040","HI","ELC","SF14","ATX",0.226919999999982
"2040","HI","ELC","SF15","ATX",0.226919999999982
"2040","HI","ELC","SF16","ATX",0.226919999999982
"2040","HI","ELC","SF17","ATX",0.226919999999982
"2040","HI","ELC","SF18","ATX",0.226919999999982
"2040","HI","ELC","SF19","ATX",0.226919999999982
"2040","HI","ELC","SF20","ATX",0.226919999999982
"2040","HI","ELC","SF21","ATX",0.226919999999982
"2040","HI","ELC","SF22","ATX",0.226919999999982
"2040","HI","ELC","SF23","ATX",0.226919999999982
"2040","HI","ELC","SF24","ATX",0.226919999999982
"2040","HI","ELC","S1","ATX",0.115319999999991
"2040","HI","ELC","S2","ATX",0.115319999999991
"2040","HI","ELC","S3","ATX",0.115319999999991
"2040","HI","ELC","S4","ATX",0.115319999999991
"2040","HI","ELC","S5","ATX",0.115319999999991
"2040","HI","ELC","S6","ATX",0.115319999999991
"2040","HI","ELC","S7","ATX",0.115319999999991
"2040","HI","ELC","S8","ATX",0.115319999999991
"2040","HI","ELC","S9","ATX",0.115319999999991
"2040","HI","ELC","S10","ATX",0.115319999999991
"2040","HI","ELC","S11","ATX",0.115319999999991
"2040","HI","ELC","S12","ATX",0.115319999999991
"2040","HI","ELC","S13","ATX",0.115319999999991
"2040","HI","ELC","S14","ATX",0.115319999999991
"2040","HI","ELC","S15","ATX",0.115319999999991
"2040","HI","ELC","S16","ATX",0.115319999999991
"2040","HI","ELC","S17","ATX",0.115319999999991
"2040","HI","ELC","S18","ATX",0.115319999999991
"2040","HI","ELC","S19","ATX",0.115319999999991
"2040","HI","ELC","S20","ATX",0.115319999999991
"2040","HI","ELC","S21","ATX",0.115319999999991
"2040","HI","ELC","S22","ATX",0.115319999999991
"2040","HI","ELC","S23","ATX",0.115319999999991
"2040","HI","ELC","S24","ATX",0.115319999999991
"2041","LO","ELC","W1","ATX",0.112139999999991
"2041","LO","ELC","W2","ATX",0.112139999999991
"2041","LO","ELC","W3","ATX",0.112139999999991
"2041","LO","ELC","W4","ATX",0.112139999999991
"2041","LO","ELC","W5","ATX",0.112139999999991
"2041","LO","ELC","W6","ATX",0.112139999999991
"2041","LO","ELC","W7","ATX",0.112139999999991
"2041","LO","ELC","W8","ATX",0.112139999999991
"2041","LO","ELC","W9","ATX",0.112139999999991
"2041","LO","ELC","W10","ATX",0.112139999999991
"2041","LO","ELC","W11","ATX",0.112139999999991
"2041","LO","ELC","W12","ATX",0.112139999999991
"2041","LO","ELC","W13","ATX",0.112139999999991
"2041","LO","ELC","W14","ATX",0.112139999999991
"2041","LO","ELC","W15","ATX",0.112139999999991
"2041","LO","ELC","W16","ATX",0.112139999999991
"2041","LO","ELC","W17","ATX",0.112139999999991
"2041","LO","ELC","W18","ATX",0.112139999999991
"2041","LO","ELC","W19","ATX",0.112139999999991
"2041","LO","ELC","W20","ATX",0.112139999999991
"2041","LO","ELC","W21","ATX",0.112139999999991
"2041","LO","ELC","W22","ATX",0.112139999999991
"2041","LO","ELC","W23","ATX",0.112139999999991
"2041","LO","ELC","W24","ATX",0.112139999999991
"2041","LO","ELC","SF1","ATX",0.230579999999982
"2041","LO","ELC","SF2","ATX",0.230579999999982
"2041","LO","ELC","SF3","ATX",0.230579999999982
"2041","LO","ELC","SF4","ATX",0.230579999999982
"2041","LO","ELC","SF5","ATX",0.230579999999982
"2041","LO","ELC","SF6","ATX",0.230579999999982
"2041","LO","ELC","SF7","ATX",0.230579999999982
"2041","LO","ELC","SF8","ATX",0.230579999999982
"2041","LO","ELC","SF9","ATX",0.230579999999982
"2041","LO","ELC","SF10","ATX",0.230579999999982
"2041","LO","ELC","SF11","ATX",0.230579999999982
"2041","LO","ELC","SF12","ATX",0.230579999999982
"2041","LO","ELC","SF13","ATX",0.230579999999982
"2041","LO","ELC","SF14","ATX",0.230579999999982
"2041","LO","ELC","SF15","ATX",0.230579999999982
"2041","LO","ELC","SF16","ATX",0.230579999999982
"2041","LO","ELC","SF17","ATX",0.230579999999982
"2041","LO","ELC","SF18","ATX",0.230579999999982
"2041","LO","ELC","SF19","ATX",0.230579999999982
"2041","LO","ELC","SF20","ATX",0.230579999999982
"2041","LO","ELC","SF21","ATX",0.230579999999982
"2041","LO","ELC","SF22","ATX",0.230579999999982
"2041","LO","ELC","SF23","ATX",0.230579999999982
"2041","LO","ELC","SF24","ATX",0.230579999999982
"2041","LO","ELC","S1","ATX",0.117179999999991
"2041","LO","ELC","S2","ATX",0.117179999999991
"2041","LO","ELC","S3","ATX",0.117179999999991
"2041","LO","ELC","S4","ATX",0.117179999999991
"2041","LO","ELC","S5","ATX",0.117179999999991
"2041","LO","ELC","S6","ATX",0.117179999999991
"2041","LO","ELC","S7","ATX",0.117179999999991
"2041","LO","ELC","S8","ATX",0.117179999999991
"2041","LO","ELC","S9","ATX",0.117179999999991
"2041","LO","ELC","S10","ATX",0.117179999999991
"2041","LO","ELC","S11","ATX",0.117179999999991
"2041","LO","ELC","S12","ATX",0.117179999999991
"2041","LO","ELC","S13","ATX",0.117179999999991
"2041","LO","ELC","S14","ATX",0.117179999999991
"2041","LO","ELC","S15","ATX",0.117179999999991
"2041","LO","ELC","S16","ATX",0.117179999999991
"2041","LO","ELC","S17","ATX",0.117179999999991
"2041","LO","ELC","S18","ATX",0.117179999999991
"2041","LO","ELC","S19","ATX",0.117179999999991
"2041","LO","ELC","S20","ATX",0.117179999999991
"2041","LO","ELC","S21","ATX",0.117179999999991
"2041","LO","ELC","S22","ATX",0.117179999999991
"2041","LO","ELC","S23","ATX",0.117179999999991
"2041","LO","ELC","S24","ATX",0.117179999999991
"2041","MED","ELC","W1","ATX",0.112139999999991
"2041","MED","ELC","W2","ATX",0.112139999999991
"2041","MED","ELC","W3","ATX",0.112139999999991
"2041","MED","ELC","W4","ATX",0.112139999999991
"2041","MED","ELC","W5","ATX",0.112139999999991
"2041","MED","ELC","W6","ATX",0.112139999999991
"2041","MED","ELC","W7","ATX",0.112139999999991
"2041","MED","ELC","W8","ATX",0.112139999999991
"2041","MED","ELC","W9","ATX",0.112139999999991
"2041","MED","ELC","W10","ATX",0.112139999999991
"2041","MED","ELC","W11","ATX",0.112139999999991
"2041","MED","ELC","W12","ATX",0.112139999999991
"2041","MED","ELC","W13","ATX",0.112139999999991
"2041","MED","ELC","W14","ATX",0.112139999999991
"2041","MED","ELC","W15","ATX",0.112139999999991
"2041","MED","ELC","W16","ATX",0.112139999999991
"2041","MED","ELC","W17","ATX",0.112139999999991
"2041","MED","ELC","W18","ATX",0.112139999999991
"2041","MED","ELC","W19","ATX",0.112139999999991
"2041","MED","ELC","W20","ATX",0.112139999999991
"2041","MED","ELC","W21","ATX",0.112139999999991
"2041","MED","ELC","W22","ATX",0.112139999999991
"2041","MED","ELC","W23","ATX",0.112139999999991
"2041","MED","ELC","W24","ATX",0.112139999999991
"2041","MED","ELC","SF1","ATX",0.230579999999982
"2041","MED","ELC","SF2","ATX",0.230579999999982
"2041","MED","ELC","SF3","ATX",0.230579999999982
"2041","MED","ELC","SF4","ATX",0.230579999999982
"2041","MED","ELC","SF5","ATX",0.230579999999982
"2041","MED","ELC","SF6","ATX",0.230579999999982
"2041","MED","ELC","SF7","ATX",0.230579999999982
"2041","MED","ELC","SF8","ATX",0.230579999999982
"2041","MED","ELC","SF9","ATX",0.230579999999982
"2041","MED","ELC","SF10","ATX",0.230579999999982
"2041","MED","ELC","SF11","ATX",0.230579999999982
"2041","MED","ELC","SF12","ATX",0.230579999999982
"2041","MED","ELC","SF13","ATX",0.230579999999982
"2041","MED","ELC","SF14","ATX",0.230579999999982
"2041","MED","ELC","SF15","ATX",0.230579999999982
"2041","MED","ELC","SF16","ATX",0.230579999999982
"2041","MED","ELC","SF17","ATX",0.230579999999982
"2041","MED","ELC","SF18","ATX",0.230579999999982
"2041","MED","ELC","SF19","ATX",0.230579999999982
"2041","MED","ELC","SF20","ATX",0.230579999999982
"2041","MED","ELC","SF21","ATX",0.230579999999982
"2041","MED","ELC","SF22","ATX",0.230579999999982
"2041","MED","ELC","SF23","ATX",0.230579999999982
"2041","MED","ELC","SF24","ATX",0.230579999999982
"2041","MED","ELC","S1","ATX",0.117179999999991
"2041","MED","ELC","S2","ATX",0.117179999999991
"2041","MED","ELC","S3","ATX",0.117179999999991
"2041","MED","ELC","S4","ATX",0.117179999999991
"2041","MED","ELC","S5","ATX",0.117179999999991
"2041","MED","ELC","S6","ATX",0.117179999999991
"2041","MED","ELC","S7","ATX",0.117179999999991
"2041","MED","ELC","S8","ATX",0.117179999999991
"2041","MED","ELC","S9","ATX",0.117179999999991
"2041","MED","ELC","S10","ATX",0.117179999999991
"2041","MED","ELC","S11","ATX",0.117179999999991
"2041","MED","ELC","S12","ATX",0.117179999999991
"2041","MED","ELC","S13","ATX",0.117179999999991
"2041","MED","ELC","S14","ATX",0.117179999999991
"2041","MED","ELC","S15","ATX",0.117179999999991
"2041","MED","ELC","S16","ATX",0.117179999999991
"2041","MED","ELC","S17","ATX",0.117179999999991
"2041","MED","ELC","S18","ATX",0.117179999999991
"2041","MED","ELC","S19","ATX",0.117179999999991
"2041","MED","ELC","S20","ATX",0.117179999999991
"2041","MED","ELC","S21","ATX",0.117179999999991
"2041","MED","ELC","S22","ATX",0.117179999999991
"2041","MED","ELC","S23","ATX",0.117179999999991
"2041","MED","ELC","S24","ATX",0.117179999999991
"2041","HI","ELC","W1","ATX",0.112139999999991
"2041","HI","ELC","W2","ATX",0.112139999999991
"2041","HI","ELC","W3","ATX",0.112139999999991
"2041","HI","ELC","W4","ATX",0.112139999999991
"2041","HI","ELC","W5","ATX",0.112139999999991
"2041","HI","ELC","W6","ATX",0.112139999999991
"2041","HI","ELC","W7","ATX",0.112139999999991
"2041","HI","ELC","W8","ATX",0.112139999999991
"2041","HI","ELC","W9","ATX",0.112139999999991
"2041","HI","ELC","W10","ATX",0.112139999999991
"2041","HI","ELC","W11","ATX",0.112139999999991
"2041","HI","ELC","W12","ATX",0.112139999999991
"2041","HI","ELC","W13","ATX",0.112139999999991
"2041","HI","ELC","W14","ATX",0.112139999999991
"2041","HI","ELC","W15","ATX",0.112139999999991
"2041","HI","ELC","W16","ATX",0.112139999999991
"2041","HI","ELC","W17","ATX",0.112139999999991
"2041","HI","ELC","W18","ATX",0.112139999999991
"2041","HI","ELC","W19","ATX",0.112139999999991
"2041","HI","ELC","W20","ATX",0.112139999999991
"2041","HI","ELC","W21","ATX",0.112139999999991
"2041","HI","ELC","W22","ATX",0.112139999999991
"2041","HI","ELC","W23","ATX",0.112139999999991
"2041","HI","ELC","W24","ATX",0.112139999999991
"2041","HI","ELC","SF1","ATX",0.230579999999982
"2041","HI","ELC","SF2","ATX",0.230579999999982
"2041","HI","ELC","SF3","ATX",0.230579999999982
"2041","HI","ELC","SF4","ATX",0.230579999999982
"2041","HI","ELC","SF5","ATX",0.230579999999982
"2041","HI","ELC","SF6","ATX",0.230579999999982
"2041","HI","ELC","SF7","ATX",0.230579999999982
"2041","HI","ELC","SF8","ATX",0.230579999999982
"2041","HI","ELC","SF9","ATX",0.230579999999982
"2041","HI","ELC","SF10","ATX",0.230579999999982
"2041","HI","ELC","SF11","ATX",0.230579999999982
"2041","HI","ELC","SF12","ATX",0.230579999999982
"2041","HI","ELC","SF13","ATX",0.230579999999982
"2041","HI","ELC","SF14","ATX",0.230579999999982
"2041","HI","ELC","SF15","ATX",0.230579999999982
"2041","HI","ELC","SF16","ATX",0.230579999999982
"2041","HI","ELC","SF17","ATX",0.230579999999982
"2041","HI","ELC","SF18","ATX",0.230579999999982
"2041","HI","ELC","SF19","ATX",0.230579999999982
"2041","HI","ELC","SF20","ATX",0.230579999999982
"2041","HI","ELC","SF21","ATX",0.230579999999982
"2041","HI","ELC","SF22","ATX",0.230579999999982
"2041","HI","ELC","SF23","ATX",0.230579999999982
"2041","HI","ELC","SF24","ATX",0.230579999999982
"2041","HI","ELC","S1","ATX",0.117179999999991
"2041","HI","ELC","S2","ATX",0.117179999999991
"2041","HI","ELC","S3","ATX",0.117179999999991
"2041","HI","ELC","S4","ATX",0.117179999999991
"2041","HI","ELC","S5","ATX",0.117179999999991
"2041","HI","ELC","S6","ATX",0.117179999999991
"2041","HI","ELC","S7","ATX",0.117179999999991
"2041","HI","ELC","S8","ATX",0.117179999999991
"2041","HI","ELC","S9","ATX",0.117179999999991
"2041","HI","ELC","S10","ATX",0.117179999999991
"2041","HI","ELC","S11","ATX",0.117179999999991
"2041","HI","ELC","S12","ATX",0.117179999999991
"2041","HI","ELC","S13","ATX",0.117179999999991
"2041","HI","ELC","S14","ATX",0.117179999999991
"2041","HI","ELC","S15","ATX",0.117179999999991
"2041","HI","ELC","S16","ATX",0.117179999999991
"2041","HI","ELC","S17","ATX",0.117179999999991
"2041","HI","ELC","S18","ATX",0.117179999999991
"2041","HI","ELC","S19","ATX",0.117179999999991
"2041","HI","ELC","S20","ATX",0.117179999999991
"2041","HI","ELC","S21","ATX",0.117179999999991
"2041","HI","ELC","S22","ATX",0.117179999999991
"2041","HI","ELC","S23","ATX",0.117179999999991
"2041","HI","ELC","S24","ATX",0.117179999999991
"2042","LO","ELC","W1","ATX",0.113919999999991
"2042","LO","ELC","W2","ATX",0.113919999999991
"2042","LO","ELC","W3","ATX",0.113919999999991
"2042","LO","ELC","W4","ATX",0.113919999999991
"2042","LO","ELC","W5","ATX",0.113919999999991
"2042","LO","ELC","W6","ATX",0.113919999999991
"2042","LO","ELC","W7","ATX",0.113919999999991
"2042","LO","ELC","W8","ATX",0.113919999999991
"2042","LO","ELC","W9","ATX",0.113919999999991
"2042","LO","ELC","W10","ATX",0.113919999999991
"2042","LO","ELC","W11","ATX",0.113919999999991
"2042","LO","ELC","W12","ATX",0.113919999999991
"2042","LO","ELC","W13","ATX",0.113919999999991
"2042","LO","ELC","W14","ATX",0.113919999999991
"2042","LO","ELC","W15","ATX",0.113919999999991
"2042","LO","ELC","W16","ATX",0.113919999999991
"2042","LO","ELC","W17","ATX",0.113919999999991
"2042","LO","ELC","W18","ATX",0.113919999999991
"2042","LO","ELC","W19","ATX",0.113919999999991
"2042","LO","ELC","W20","ATX",0.113919999999991
"2042","LO","ELC","W21","ATX",0.113919999999991
"2042","LO","ELC","W22","ATX",0.113919999999991
"2042","LO","ELC","W23","ATX",0.113919999999991
"2042","LO","ELC","W24","ATX",0.113919999999991
"2042","LO","ELC","SF1","ATX",0.234239999999981
"2042","LO","ELC","SF2","ATX",0.234239999999981
"2042","LO","ELC","SF3","ATX",0.234239999999981
"2042","LO","ELC","SF4","ATX",0.234239999999981
"2042","LO","ELC","SF5","ATX",0.234239999999981
"2042","LO","ELC","SF6","ATX",0.234239999999981
"2042","LO","ELC","SF7","ATX",0.234239999999981
"2042","LO","ELC","SF8","ATX",0.234239999999981
"2042","LO","ELC","SF9","ATX",0.234239999999981
"2042","LO","ELC","SF10","ATX",0.234239999999981
"2042","LO","ELC","SF11","ATX",0.234239999999981
"2042","LO","ELC","SF12","ATX",0.234239999999981
"2042","LO","ELC","SF13","ATX",0.234239999999981
"2042","LO","ELC","SF14","ATX",0.234239999999981
"2042","LO","ELC","SF15","ATX",0.234239999999981
"2042","LO","ELC","SF16","ATX",0.234239999999981
"2042","LO","ELC","SF17","ATX",0.234239999999981
"2042","LO","ELC","SF18","ATX",0.234239999999981
"2042","LO","ELC","SF19","ATX",0.234239999999981
"2042","LO","ELC","SF20","ATX",0.234239999999981
"2042","LO","ELC","SF21","ATX",0.234239999999981
"2042","LO","ELC","SF22","ATX",0.234239999999981
"2042","LO","ELC","SF23","ATX",0.234239999999981
"2042","LO","ELC","SF24","ATX",0.234239999999981
"2042","LO","ELC","S1","ATX",0.11903999999999
"2042","LO","ELC","S2","ATX",0.11903999999999
"2042","LO","ELC","S3","ATX",0.11903999999999
"2042","LO","ELC","S4","ATX",0.11903999999999
"2042","LO","ELC","S5","ATX",0.11903999999999
"2042","LO","ELC","S6","ATX",0.11903999999999
"2042","LO","ELC","S7","ATX",0.11903999999999
"2042","LO","ELC","S8","ATX",0.11903999999999
"2042","LO","ELC","S9","ATX",0.11903999999999
"2042","LO","ELC","S10","ATX",0.11903999999999
"2042","LO","ELC","S11","ATX",0.11903999999999
"2042","LO","ELC","S12","ATX",0.11903999999999
"2042","LO","ELC","S13","ATX",0.11903999999999
"2042","LO","ELC","S14","ATX",0.11903999999999
"2042","LO","ELC","S15","ATX",0.11903999999999
"2042","LO","ELC","S16","ATX",0.11903999999999
"2042","LO","ELC","S17","ATX",0.11903999999999
"2042","LO","ELC","S18","ATX",0.11903999999999
"2042","LO","ELC","S19","ATX",0.11903999999999
"2042","LO","ELC","S20","ATX",0.11903999999999
"2042","LO","ELC","S21","ATX",0.11903999999999
"2042","LO","ELC","S22","ATX",0.11903999999999
"2042","LO","ELC","S23","ATX",0.11903999999999
"2042","LO","ELC","S24","ATX",0.11903999999999
"2042","MED","ELC","W1","ATX",0.113919999999991
"2042","MED","ELC","W2","ATX",0.113919999999991
"2042","MED","ELC","W3","ATX",0.113919999999991
"2042","MED","ELC","W4","ATX",0.113919999999991
"2042","MED","ELC","W5","ATX",0.113919999999991
"2042","MED","ELC","W6","ATX",0.113919999999991
"2042","MED","ELC","W7","ATX",0.113919999999991
"2042","MED","ELC","W8","ATX",0.113919999999991
"2042","MED","ELC","W9","ATX",0.113919999999991
"2042","MED","ELC","W10","ATX",0.113919999999991
"2042","MED","ELC","W11","ATX",0.113919999999991
"2042","MED","ELC","W12","ATX",0.113919999999991
"2042","MED","ELC","W13","ATX",0.113919999999991
"2042","MED","ELC","W14","ATX",0.113919999999991
"2042","MED","ELC","W15","ATX",0.113919999999991
"2042","MED","ELC","W16","ATX",0.113919999999991
"2042","MED","ELC","W17","ATX",0.113919999999991
"2042","MED","ELC","W18","ATX",0.113919999999991
"2042","MED","ELC","W19","ATX",0.113919999999991
"2042","MED","ELC","W20","ATX",0.113919999999991
"2042","MED","ELC","W21","ATX",0.113919999999991
"2042","MED","ELC","W22","ATX",0.113919999999991
"2042","MED","ELC","W23","ATX",0.113919999999991
"2042","MED","ELC","W24","ATX",0.113919999999991
"2042","MED","ELC","SF1","ATX",0.234239999999981
"2042","MED","ELC","SF2","ATX",0.234239999999981
"2042","MED","ELC","SF3","ATX",0.234239999999981
"2042","MED","ELC","SF4","ATX",0.234239999999981
"2042","MED","ELC","SF5","ATX",0.234239999999981
"2042","MED","ELC","SF6","ATX",0.234239999999981
"2042","MED","ELC","SF7","ATX",0.234239999999981
"2042","MED","ELC","SF8","ATX",0.234239999999981
"2042","MED","ELC","SF9","ATX",0.234239999999981
"2042","MED","ELC","SF10","ATX",0.234239999999981
"2042","MED","ELC","SF11","ATX",0.234239999999981
"2042","MED","ELC","SF12","ATX",0.234239999999981
"2042","MED","ELC","SF13","ATX",0.234239999999981
"2042","MED","ELC","SF14","ATX",0.234239999999981
"2042","MED","ELC","SF15","ATX",0.234239999999981
"2042","MED","ELC","SF16","ATX",0.234239999999981
"2042","MED","ELC","SF17","ATX",0.234239999999981
"2042","MED","ELC","SF18","ATX",0.234239999999981
"2042","MED","ELC","SF19","ATX",0.234239999999981
"2042","MED","ELC","SF20","ATX",0.234239999999981
"2042","MED","ELC","SF21","ATX",0.234239999999981
"2042","MED","ELC","SF22","ATX",0.234239999999981
"2042","MED","ELC","SF23","ATX",0.234239999999981
"2042","MED","ELC","SF24","ATX",0.234239999999981
"2042","MED","ELC","S1","ATX",0.11903999999999
"2042","MED","ELC","S2","ATX",0.11903999999999
"2042","MED","ELC","S3","ATX",0.11903999999999
"2042","MED","ELC","S4","ATX",0.11903999999999
"2042","MED","ELC","S5","ATX",0.11903999999999
"2042","MED","ELC","S6","ATX",0.11903999999999
"2042","MED","ELC","S7","ATX",0.11903999999999
"2042","MED","ELC","S8","ATX",0.11903999999999
"2042","MED","ELC","S9","ATX",0.11903999999999
"2042","MED","ELC","S10","ATX",0.11903999999999
"2042","MED","ELC","S11","ATX",0.11903999999999
"2042","MED","ELC","S12","ATX",0.11903999999999
"2042","MED","ELC","S13","ATX",0.11903999999999
"2042","MED","ELC","S14","ATX",0.11903999999999
"2042","MED","ELC","S15","ATX",0.11903999999999
"2042","MED","ELC","S16","ATX",0.11903999999999
"2042","MED","ELC","S17","ATX",0.11903999999999
"2042","MED","ELC","S18","ATX",0.11903999999999
"2042","MED","ELC","S19","ATX",0.11903999999999
"2042","MED","ELC","S20","ATX",0.11903999999999
"2042","MED","ELC","S21","ATX",0.11903999999999
"2042","MED","ELC","S22","ATX",0.11903999999999
"2042","MED","ELC","S23","ATX",0.11903999999999
"2042","MED","ELC","S24","ATX",0.11903999999999
"2042","HI","ELC","W1","ATX",0.113919999999991
"2042","HI","ELC","W2","ATX",0.113919999999991
"2042","HI","ELC","W3","ATX",0.113919999999991
"2042","HI","ELC","W4","ATX",0.113919999999991
"2042","HI","ELC","W5","ATX",0.113919999999991
"2042","HI","ELC","W6","ATX",0.113919999999991
"2042","HI","ELC","W7","ATX",0.113919999999991
"2042","HI","ELC","W8","ATX",0.113919999999991
"2042","HI","ELC","W9","ATX",0.113919999999991
"2042","HI","ELC","W10","ATX",0.113919999999991
"2042","HI","ELC","W11","ATX",0.113919999999991
"2042","HI","ELC","W12","ATX",0.113919999999991
"2042","HI","ELC","W13","ATX",0.113919999999991
"2042","HI","ELC","W14","ATX",0.113919999999991
"2042","HI","ELC","W15","ATX",0.113919999999991
"2042","HI","ELC","W16","ATX",0.113919999999991
"2042","HI","ELC","W17","ATX",0.113919999999991
"2042","HI","ELC","W18","ATX",0.113919999999991
"2042","HI","ELC","W19","ATX",0.113919999999991
"2042","HI","ELC","W20","ATX",0.113919999999991
"2042","HI","ELC","W21","ATX",0.113919999999991
"2042","HI","ELC","W22","ATX",0.113919999999991
"2042","HI","ELC","W23","ATX",0.113919999999991
"2042","HI","ELC","W24","ATX",0.113919999999991
"2042","HI","ELC","SF1","ATX",0.234239999999981
"2042","HI","ELC","SF2","ATX",0.234239999999981
"2042","HI","ELC","SF3","ATX",0.234239999999981
"2042","HI","ELC","SF4","ATX",0.234239999999981
"2042","HI","ELC","SF5","ATX",0.234239999999981
"2042","HI","ELC","SF6","ATX",0.234239999999981
"2042","HI","ELC","SF7","ATX",0.234239999999981
"2042","HI","ELC","SF8","ATX",0.234239999999981
"2042","HI","ELC","SF9","ATX",0.234239999999981
"2042","HI","ELC","SF10","ATX",0.234239999999981
"2042","HI","ELC","SF11","ATX",0.234239999999981
"2042","HI","ELC","SF12","ATX",0.234239999999981
"2042","HI","ELC","SF13","ATX",0.234239999999981
"2042","HI","ELC","SF14","ATX",0.234239999999981
"2042","HI","ELC","SF15","ATX",0.234239999999981
"2042","HI","ELC","SF16","ATX",0.234239999999981
"2042","HI","ELC","SF17","ATX",0.234239999999981
"2042","HI","ELC","SF18","ATX",0.234239999999981
"2042","HI","ELC","SF19","ATX",0.234239999999981
"2042","HI","ELC","SF20","ATX",0.234239999999981
"2042","HI","ELC","SF21","ATX",0.234239999999981
"2042","HI","ELC","SF22","ATX",0.234239999999981
"2042","HI","ELC","SF23","ATX",0.234239999999981
"2042","HI","ELC","SF24","ATX",0.234239999999981
"2042","HI","ELC","S1","ATX",0.11903999999999
"2042","HI","ELC","S2","ATX",0.11903999999999
"2042","HI","ELC","S3","ATX",0.11903999999999
"2042","HI","ELC","S4","ATX",0.11903999999999
"2042","HI","ELC","S5","ATX",0.11903999999999
"2042","HI","ELC","S6","ATX",0.11903999999999
"2042","HI","ELC","S7","ATX",0.11903999999999
"2042","HI","ELC","S8","ATX",0.11903999999999
"2042","HI","ELC","S9","ATX",0.11903999999999
"2042","HI","ELC","S10","ATX",0.11903999999999
"2042","HI","ELC","S11","ATX",0.11903999999999
"2042","HI","ELC","S12","ATX",0.11903999999999
"2042","HI","ELC","S13","ATX",0.11903999999999
"2042","HI","ELC","S14","ATX",0.11903999999999
"2042","HI","ELC","S15","ATX",0.11903999999999
"2042","HI","ELC","S16","ATX",0.11903999999999
"2042","HI","ELC","S17","ATX",0.11903999999999
"2042","HI","ELC","S18","ATX",0.11903999999999
"2042","HI","ELC","S19","ATX",0.11903999999999
"2042","HI","ELC","S20","ATX",0.11903999999999
"2042","HI","ELC","S21","ATX",0.11903999999999
"2042","HI","ELC","S22","ATX",0.11903999999999
"2042","HI","ELC","S23","ATX",0.11903999999999
"2042","HI","ELC","S24","ATX",0.11903999999999
"2043","LO","ELC","W1","ATX",0.115699999999991
"2043","LO","ELC","W2","ATX",0.115699999999991
"2043","LO","ELC","W3","ATX",0.115699999999991
"2043","LO","ELC","W4","ATX",0.115699999999991
"2043","LO","ELC","W5","ATX",0.115699999999991
"2043","LO","ELC","W6","ATX",0.115699999999991
"2043","LO","ELC","W7","ATX",0.115699999999991
"2043","LO","ELC","W8","ATX",0.115699999999991
"2043","LO","ELC","W9","ATX",0.115699999999991
"2043","LO","ELC","W10","ATX",0.115699999999991
"2043","LO","ELC","W11","ATX",0.115699999999991
"2043","LO","ELC","W12","ATX",0.115699999999991
"2043","LO","ELC","W13","ATX",0.115699999999991
"2043","LO","ELC","W14","ATX",0.115699999999991
"2043","LO","ELC","W15","ATX",0.115699999999991
"2043","LO","ELC","W16","ATX",0.115699999999991
"2043","LO","ELC","W17","ATX",0.115699999999991
"2043","LO","ELC","W18","ATX",0.115699999999991
"2043","LO","ELC","W19","ATX",0.115699999999991
"2043","LO","ELC","W20","ATX",0.115699999999991
"2043","LO","ELC","W21","ATX",0.115699999999991
"2043","LO","ELC","W22","ATX",0.115699999999991
"2043","LO","ELC","W23","ATX",0.115699999999991
"2043","LO","ELC","W24","ATX",0.115699999999991
"2043","LO","ELC","SF1","ATX",0.237899999999981
"2043","LO","ELC","SF2","ATX",0.237899999999981
"2043","LO","ELC","SF3","ATX",0.237899999999981
"2043","LO","ELC","SF4","ATX",0.237899999999981
"2043","LO","ELC","SF5","ATX",0.237899999999981
"2043","LO","ELC","SF6","ATX",0.237899999999981
"2043","LO","ELC","SF7","ATX",0.237899999999981
"2043","LO","ELC","SF8","ATX",0.237899999999981
"2043","LO","ELC","SF9","ATX",0.237899999999981
"2043","LO","ELC","SF10","ATX",0.237899999999981
"2043","LO","ELC","SF11","ATX",0.237899999999981
"2043","LO","ELC","SF12","ATX",0.237899999999981
"2043","LO","ELC","SF13","ATX",0.237899999999981
"2043","LO","ELC","SF14","ATX",0.237899999999981
"2043","LO","ELC","SF15","ATX",0.237899999999981
"2043","LO","ELC","SF16","ATX",0.237899999999981
"2043","LO","ELC","SF17","ATX",0.237899999999981
"2043","LO","ELC","SF18","ATX",0.237899999999981
"2043","LO","ELC","SF19","ATX",0.237899999999981
"2043","LO","ELC","SF20","ATX",0.237899999999981
"2043","LO","ELC","SF21","ATX",0.237899999999981
"2043","LO","ELC","SF22","ATX",0.237899999999981
"2043","LO","ELC","SF23","ATX",0.237899999999981
"2043","LO","ELC","SF24","ATX",0.237899999999981
"2043","LO","ELC","S1","ATX",0.12089999999999
"2043","LO","ELC","S2","ATX",0.12089999999999
"2043","LO","ELC","S3","ATX",0.12089999999999
"2043","LO","ELC","S4","ATX",0.12089999999999
"2043","LO","ELC","S5","ATX",0.12089999999999
"2043","LO","ELC","S6","ATX",0.12089999999999
"2043","LO","ELC","S7","ATX",0.12089999999999
"2043","LO","ELC","S8","ATX",0.12089999999999
"2043","LO","ELC","S9","ATX",0.12089999999999
"2043","LO","ELC","S10","ATX",0.12089999999999
"2043","LO","ELC","S11","ATX",0.12089999999999
"2043","LO","ELC","S12","ATX",0.12089999999999
"2043","LO","ELC","S13","ATX",0.12089999999999
"2043","LO","ELC","S14","ATX",0.12089999999999
"2043","LO","ELC","S15","ATX",0.12089999999999
"2043","LO","ELC","S16","ATX",0.12089999999999
"2043","LO","ELC","S17","ATX",0.12089999999999
"2043","LO","ELC","S18","ATX",0.12089999999999
"2043","LO","ELC","S19","ATX",0.12089999999999
"2043","LO","ELC","S20","ATX",0.12089999999999
"2043","LO","ELC","S21","ATX",0.12089999999999
"2043","LO","ELC","S22","ATX",0.12089999999999
"2043","LO","ELC","S23","ATX",0.12089999999999
"2043","LO","ELC","S24","ATX",0.12089999999999
"2043","MED","ELC","W1","ATX",0.115699999999991
"2043","MED","ELC","W2","ATX",0.115699999999991
"2043","MED","ELC","W3","ATX",0.115699999999991
"2043","MED","ELC","W4","ATX",0.115699999999991
"2043","MED","ELC","W5","ATX",0.115699999999991
"2043","MED","ELC","W6","ATX",0.115699999999991
"2043","MED","ELC","W7","ATX",0.115699999999991
"2043","MED","ELC","W8","ATX",0.115699999999991
"2043","MED","ELC","W9","ATX",0.115699999999991
"2043","MED","ELC","W10","ATX",0.115699999999991
"2043","MED","ELC","W11","ATX",0.115699999999991
"2043","MED","ELC","W12","ATX",0.115699999999991
"2043","MED","ELC","W13","ATX",0.115699999999991
"2043","MED","ELC","W14","ATX",0.115699999999991
"2043","MED","ELC","W15","ATX",0.115699999999991
"2043","MED","ELC","W16","ATX",0.115699999999991
"2043","MED","ELC","W17","ATX",0.115699999999991
"2043","MED","ELC","W18","ATX",0.115699999999991
"2043","MED","ELC","W19","ATX",0.115699999999991
"2043","MED","ELC","W20","ATX",0.115699999999991
"2043","MED","ELC","W21","ATX",0.115699999999991
"2043","MED","ELC","W22","ATX",0.115699999999991
"2043","MED","ELC","W23","ATX",0.115699999999991
"2043","MED","ELC","W24","ATX",0.115699999999991
"2043","MED","ELC","SF1","ATX",0.237899999999981
"2043","MED","ELC","SF2","ATX",0.237899999999981
"2043","MED","ELC","SF3","ATX",0.237899999999981
"2043","MED","ELC","SF4","ATX",0.237899999999981
"2043","MED","ELC","SF5","ATX",0.237899999999981
"2043","MED","ELC","SF6","ATX",0.237899999999981
"2043","MED","ELC","SF7","ATX",0.237899999999981
"2043","MED","ELC","SF8","ATX",0.237899999999981
"2043","MED","ELC","SF9","ATX",0.237899999999981
"2043","MED","ELC","SF10","ATX",0.237899999999981
"2043","MED","ELC","SF11","ATX",0.237899999999981
"2043","MED","ELC","SF12","ATX",0.237899999999981
"2043","MED","ELC","SF13","ATX",0.237899999999981
"2043","MED","ELC","SF14","ATX",0.237899999999981
"2043","MED","ELC","SF15","ATX",0.237899999999981
"2043","MED","ELC","SF16","ATX",0.237899999999981
"2043","MED","ELC","SF17","ATX",0.237899999999981
"2043","MED","ELC","SF18","ATX",0.237899999999981
"2043","MED","ELC","SF19","ATX",0.237899999999981
"2043","MED","ELC","SF20","ATX",0.237899999999981
"2043","MED","ELC","SF21","ATX",0.237899999999981
"2043","MED","ELC","SF22","ATX",0.237899999999981
"2043","MED","ELC","SF23","ATX",0.237899999999981
"2043","MED","ELC","SF24","ATX",0.237899999999981
"2043","MED","ELC","S1","ATX",0.12089999999999
"2043","MED","ELC","S2","ATX",0.12089999999999
"2043","MED","ELC","S3","ATX",0.12089999999999
"2043","MED","ELC","S4","ATX",0.12089999999999
"2043","MED","ELC","S5","ATX",0.12089999999999
"2043","MED","ELC","S6","ATX",0.12089999999999
"2043","MED","ELC","S7","ATX",0.12089999999999
"2043","MED","ELC","S8","ATX",0.12089999999999
"2043","MED","ELC","S9","ATX",0.12089999999999
"2043","MED","ELC","S10","ATX",0.12089999999999
"2043","MED","ELC","S11","ATX",0.12089999999999
"2043","MED","ELC","S12","ATX",0.12089999999999
"2043","MED","ELC","S13","ATX",0.12089999999999
"2043","MED","ELC","S14","ATX",0.12089999999999
"2043","MED","ELC","S15","ATX",0.12089999999999
"2043","MED","ELC","S16","ATX",0.12089999999999
"2043","MED","ELC","S17","ATX",0.12089999999999
"2043","MED","ELC","S18","ATX",0.12089999999999
"2043","MED","ELC","S19","ATX",0.12089999999999
"2043","MED","ELC","S20","ATX",0.12089999999999
"2043","MED","ELC","S21","ATX",0.12089999999999
"2043","MED","ELC","S22","ATX",0.12089999999999
"2043","MED","ELC","S23","ATX",0.12089999999999
"2043","MED","ELC","S24","ATX",0.12089999999999
"2043","HI","ELC","W1","ATX",0.115699999999991
"2043","HI","ELC","W2","ATX",0.115699999999991
"2043","HI","ELC","W3","ATX",0.115699999999991
"2043","HI","ELC","W4","ATX",0.115699999999991
"2043","HI","ELC","W5","ATX",0.115699999999991
"2043","HI","ELC","W6","ATX",0.115699999999991
"2043","HI","ELC","W7","ATX",0.115699999999991
"2043","HI","ELC","W8","ATX",0.115699999999991
"2043","HI","ELC","W9","ATX",0.115699999999991
"2043","HI","ELC","W10","ATX",0.115699999999991
"2043","HI","ELC","W11","ATX",0.115699999999991
"2043","HI","ELC","W12","ATX",0.115699999999991
"2043","HI","ELC","W13","ATX",0.115699999999991
"2043","HI","ELC","W14","ATX",0.115699999999991
"2043","HI","ELC","W15","ATX",0.115699999999991
"2043","HI","ELC","W16","ATX",0.115699999999991
"2043","HI","ELC","W17","ATX",0.115699999999991
"2043","HI","ELC","W18","ATX",0.115699999999991
"2043","HI","ELC","W19","ATX",0.115699999999991
"2043","HI","ELC","W20","ATX",0.115699999999991
"2043","HI","ELC","W21","ATX",0.115699999999991
"2043","HI","ELC","W22","ATX",0.115699999999991
"2043","HI","ELC","W23","ATX",0.115699999999991
"2043","HI","ELC","W24","ATX",0.115699999999991
"2043","HI","ELC","SF1","ATX",0.237899999999981
"2043","HI","ELC","SF2","ATX",0.237899999999981
"2043","HI","ELC","SF3","ATX",0.237899999999981
"2043","HI","ELC","SF4","ATX",0.237899999999981
"2043","HI","ELC","SF5","ATX",0.237899999999981
"2043","HI","ELC","SF6","ATX",0.237899999999981
"2043","HI","ELC","SF7","ATX",0.237899999999981
"2043","HI","ELC","SF8","ATX",0.237899999999981
"2043","HI","ELC","SF9","ATX",0.237899999999981
"2043","HI","ELC","SF10","ATX",0.237899999999981
"2043","HI","ELC","SF11","ATX",0.237899999999981
"2043","HI","ELC","SF12","ATX",0.237899999999981
"2043","HI","ELC","SF13","ATX",0.237899999999981
"2043","HI","ELC","SF14","ATX",0.237899999999981
"2043","HI","ELC","SF15","ATX",0.237899999999981
"2043","HI","ELC","SF16","ATX",0.237899999999981
"2043","HI","ELC","SF17","ATX",0.237899999999981
"2043","HI","ELC","SF18","ATX",0.237899999999981
"2043","HI","ELC","SF19","ATX",0.237899999999981
"2043","HI","ELC","SF20","ATX",0.237899999999981
"2043","HI","ELC","SF21","ATX",0.237899999999981
"2043","HI","ELC","SF22","ATX",0.237899999999981
"2043","HI","ELC","SF23","ATX",0.237899999999981
"2043","HI","ELC","SF24","ATX",0.237899999999981
"2043","HI","ELC","S1","ATX",0.12089999999999
"2043","HI","ELC","S2","ATX",0.12089999999999
"2043","HI","ELC","S3","ATX",0.12089999999999
"2043","HI","ELC","S4","ATX",0.12089999999999
"2043","HI","ELC","S5","ATX",0.12089999999999
"2043","HI","ELC","S6","ATX",0.12089999999999
"2043","HI","ELC","S7","ATX",0.12089999999999
"2043","HI","ELC","S8","ATX",0.12089999999999
"2043","HI","ELC","S9","ATX",0.12089999999999
"2043","HI","ELC","S10","ATX",0.12089999999999
"2043","HI","ELC","S11","ATX",0.12089999999999
"2043","HI","ELC","S12","ATX",0.12089999999999
"2043","HI","ELC","S13","ATX",0.12089999999999
"2043","HI","ELC","S14","ATX",0.12089999999999
"2043","HI","ELC","S15","ATX",0.12089999999999
"2043","HI","ELC","S16","ATX",0.12089999999999
"2043","HI","ELC","S17","ATX",0.12089999999999
"2043","HI","ELC","S18","ATX",0.12089999999999
"2043","HI","ELC","S19","ATX",0.12089999999999
"2043","HI","ELC","S20","ATX",0.12089999999999
"2043","HI","ELC","S21","ATX",0.12089999999999
"2043","HI","ELC","S22","ATX",0.12089999999999
"2043","HI","ELC","S23","ATX",0.12089999999999
"2043","HI","ELC","S24","ATX",0.12089999999999
"2044","LO","ELC","W1","ATX",0.117479999999991
"2044","LO","ELC","W2","ATX",0.117479999999991
"2044","LO","ELC","W3","ATX",0.117479999999991
"2044","LO","ELC","W4","ATX",0.117479999999991
"2044","LO","ELC","W5","ATX",0.117479999999991
"2044","LO","ELC","W6","ATX",0.117479999999991
"2044","LO","ELC","W7","ATX",0.117479999999991
"2044","LO","ELC","W8","ATX",0.117479999999991
"2044","LO","ELC","W9","ATX",0.117479999999991
"2044","LO","ELC","W10","ATX",0.117479999999991
"2044","LO","ELC","W11","ATX",0.117479999999991
"2044","LO","ELC","W12","ATX",0.117479999999991
"2044","LO","ELC","W13","ATX",0.117479999999991
"2044","LO","ELC","W14","ATX",0.117479999999991
"2044","LO","ELC","W15","ATX",0.117479999999991
"2044","LO","ELC","W16","ATX",0.117479999999991
"2044","LO","ELC","W17","ATX",0.117479999999991
"2044","LO","ELC","W18","ATX",0.117479999999991
"2044","LO","ELC","W19","ATX",0.117479999999991
"2044","LO","ELC","W20","ATX",0.117479999999991
"2044","LO","ELC","W21","ATX",0.117479999999991
"2044","LO","ELC","W22","ATX",0.117479999999991
"2044","LO","ELC","W23","ATX",0.117479999999991
"2044","LO","ELC","W24","ATX",0.117479999999991
"2044","LO","ELC","SF1","ATX",0.241559999999981
"2044","LO","ELC","SF2","ATX",0.241559999999981
"2044","LO","ELC","SF3","ATX",0.241559999999981
"2044","LO","ELC","SF4","ATX",0.241559999999981
"2044","LO","ELC","SF5","ATX",0.241559999999981
"2044","LO","ELC","SF6","ATX",0.241559999999981
"2044","LO","ELC","SF7","ATX",0.241559999999981
"2044","LO","ELC","SF8","ATX",0.241559999999981
"2044","LO","ELC","SF9","ATX",0.241559999999981
"2044","LO","ELC","SF10","ATX",0.241559999999981
"2044","LO","ELC","SF11","ATX",0.241559999999981
"2044","LO","ELC","SF12","ATX",0.241559999999981
"2044","LO","ELC","SF13","ATX",0.241559999999981
"2044","LO","ELC","SF14","ATX",0.241559999999981
"2044","LO","ELC","SF15","ATX",0.241559999999981
"2044","LO","ELC","SF16","ATX",0.241559999999981
"2044","LO","ELC","SF17","ATX",0.241559999999981
"2044","LO","ELC","SF18","ATX",0.241559999999981
"2044","LO","ELC","SF19","ATX",0.241559999999981
"2044","LO","ELC","SF20","ATX",0.241559999999981
"2044","LO","ELC","SF21","ATX",0.241559999999981
"2044","LO","ELC","SF22","ATX",0.241559999999981
"2044","LO","ELC","SF23","ATX",0.241559999999981
"2044","LO","ELC","SF24","ATX",0.241559999999981
"2044","LO","ELC","S1","ATX",0.12275999999999
"2044","LO","ELC","S2","ATX",0.12275999999999
"2044","LO","ELC","S3","ATX",0.12275999999999
"2044","LO","ELC","S4","ATX",0.12275999999999
"2044","LO","ELC","S5","ATX",0.12275999999999
"2044","LO","ELC","S6","ATX",0.12275999999999
"2044","LO","ELC","S7","ATX",0.12275999999999
"2044","LO","ELC","S8","ATX",0.12275999999999
"2044","LO","ELC","S9","ATX",0.12275999999999
"2044","LO","ELC","S10","ATX",0.12275999999999
"2044","LO","ELC","S11","ATX",0.12275999999999
"2044","LO","ELC","S12","ATX",0.12275999999999
"2044","LO","ELC","S13","ATX",0.12275999999999
"2044","LO","ELC","S14","ATX",0.12275999999999
"2044","LO","ELC","S15","ATX",0.12275999999999
"2044","LO","ELC","S16","ATX",0.12275999999999
"2044","LO","ELC","S17","ATX",0.12275999999999
"2044","LO","ELC","S18","ATX",0.12275999999999
"2044","LO","ELC","S19","ATX",0.12275999999999
"2044","LO","ELC","S20","ATX",0.12275999999999
"2044","LO","ELC","S21","ATX",0.12275999999999
"2044","LO","ELC","S22","ATX",0.12275999999999
"2044","LO","ELC","S23","ATX",0.12275999999999
"2044","LO","ELC","S24","ATX",0.12275999999999
"2044","MED","ELC","W1","ATX",0.117479999999991
"2044","MED","ELC","W2","ATX",0.117479999999991
"2044","MED","ELC","W3","ATX",0.117479999999991
"2044","MED","ELC","W4","ATX",0.117479999999991
"2044","MED","ELC","W5","ATX",0.117479999999991
"2044","MED","ELC","W6","ATX",0.117479999999991
"2044","MED","ELC","W7","ATX",0.117479999999991
"2044","MED","ELC","W8","ATX",0.117479999999991
"2044","MED","ELC","W9","ATX",0.117479999999991
"2044","MED","ELC","W10","ATX",0.117479999999991
"2044","MED","ELC","W11","ATX",0.117479999999991
"2044","MED","ELC","W12","ATX",0.117479999999991
"2044","MED","ELC","W13","ATX",0.117479999999991
"2044","MED","ELC","W14","ATX",0.117479999999991
"2044","MED","ELC","W15","ATX",0.117479999999991
"2044","MED","ELC","W16","ATX",0.117479999999991
"2044","MED","ELC","W17","ATX",0.117479999999991
"2044","MED","ELC","W18","ATX",0.117479999999991
"2044","MED","ELC","W19","ATX",0.117479999999991
"2044","MED","ELC","W20","ATX",0.117479999999991
"2044","MED","ELC","W21","ATX",0.117479999999991
"2044","MED","ELC","W22","ATX",0.117479999999991
"2044","MED","ELC","W23","ATX",0.117479999999991
"2044","MED","ELC","W24","ATX",0.117479999999991
"2044","MED","ELC","SF1","ATX",0.241559999999981
"2044","MED","ELC","SF2","ATX",0.241559999999981
"2044","MED","ELC","SF3","ATX",0.241559999999981
"2044","MED","ELC","SF4","ATX",0.241559999999981
"2044","MED","ELC","SF5","ATX",0.241559999999981
"2044","MED","ELC","SF6","ATX",0.241559999999981
"2044","MED","ELC","SF7","ATX",0.241559999999981
"2044","MED","ELC","SF8","ATX",0.241559999999981
"2044","MED","ELC","SF9","ATX",0.241559999999981
"2044","MED","ELC","SF10","ATX",0.241559999999981
"2044","MED","ELC","SF11","ATX",0.241559999999981
"2044","MED","ELC","SF12","ATX",0.241559999999981
"2044","MED","ELC","SF13","ATX",0.241559999999981
"2044","MED","ELC","SF14","ATX",0.241559999999981
"2044","MED","ELC","SF15","ATX",0.241559999999981
"2044","MED","ELC","SF16","ATX",0.241559999999981
"2044","MED","ELC","SF17","ATX",0.241559999999981
"2044","MED","ELC","SF18","ATX",0.241559999999981
"2044","MED","ELC","SF19","ATX",0.241559999999981
"2044","MED","ELC","SF20","ATX",0.241559999999981
"2044","MED","ELC","SF21","ATX",0.241559999999981
"2044","MED","ELC","SF22","ATX",0.241559999999981
"2044","MED","ELC","SF23","ATX",0.241559999999981
"2044","MED","ELC","SF24","ATX",0.241559999999981
"2044","MED","ELC","S1","ATX",0.12275999999999
"2044","MED","ELC","S2","ATX",0.12275999999999
"2044","MED","ELC","S3","ATX",0.12275999999999
"2044","MED","ELC","S4","ATX",0.12275999999999
"2044","MED","ELC","S5","ATX",0.12275999999999
"2044","MED","ELC","S6","ATX",0.12275999999999
"2044","MED","ELC","S7","ATX",0.12275999999999
"2044","MED","ELC","S8","ATX",0.12275999999999
"2044","MED","ELC","S9","ATX",0.12275999999999
"2044","MED","ELC","S10","ATX",0.12275999999999
"2044","MED","ELC","S11","ATX",0.12275999999999
"2044","MED","ELC","S12","ATX",0.12275999999999
"2044","MED","ELC","S13","ATX",0.12275999999999
"2044","MED","ELC","S14","ATX",0.12275999999999
"2044","MED","ELC","S15","ATX",0.12275999999999
"2044","MED","ELC","S16","ATX",0.12275999999999
"2044","MED","ELC","S17","ATX",0.12275999999999
"2044","MED","ELC","S18","ATX",0.12275999999999
"2044","MED","ELC","S19","ATX",0.12275999999999
"2044","MED","ELC","S20","ATX",0.12275999999999
"2044","MED","ELC","S21","ATX",0.12275999999999
"2044","MED","ELC","S22","ATX",0.12275999999999
"2044","MED","ELC","S23","ATX",0.12275999999999
"2044","MED","ELC","S24","ATX",0.12275999999999
"2044","HI","ELC","W1","ATX",0.117479999999991
"2044","HI","ELC","W2","ATX",0.117479999999991
"2044","HI","ELC","W3","ATX",0.117479999999991
"2044","HI","ELC","W4","ATX",0.117479999999991
"2044","HI","ELC","W5","ATX",0.117479999999991
"2044","HI","ELC","W6","ATX",0.117479999999991
"2044","HI","ELC","W7","ATX",0.117479999999991
"2044","HI","ELC","W8","ATX",0.117479999999991
"2044","HI","ELC","W9","ATX",0.117479999999991
"2044","HI","ELC","W10","ATX",0.117479999999991
"2044","HI","ELC","W11","ATX",0.117479999999991
"2044","HI","ELC","W12","ATX",0.117479999999991
"2044","HI","ELC","W13","ATX",0.117479999999991
"2044","HI","ELC","W14","ATX",0.117479999999991
"2044","HI","ELC","W15","ATX",0.117479999999991
"2044","HI","ELC","W16","ATX",0.117479999999991
"2044","HI","ELC","W17","ATX",0.117479999999991
"2044","HI","ELC","W18","ATX",0.117479999999991
"2044","HI","ELC","W19","ATX",0.117479999999991
"2044","HI","ELC","W20","ATX",0.117479999999991
"2044","HI","ELC","W21","ATX",0.117479999999991
"2044","HI","ELC","W22","ATX",0.117479999999991
"2044","HI","ELC","W23","ATX",0.117479999999991
"2044","HI","ELC","W24","ATX",0.117479999999991
"2044","HI","ELC","SF1","ATX",0.241559999999981
"2044","HI","ELC","SF2","ATX",0.241559999999981
"2044","HI","ELC","SF3","ATX",0.241559999999981
"2044","HI","ELC","SF4","ATX",0.241559999999981
"2044","HI","ELC","SF5","ATX",0.241559999999981
"2044","HI","ELC","SF6","ATX",0.241559999999981
"2044","HI","ELC","SF7","ATX",0.241559999999981
"2044","HI","ELC","SF8","ATX",0.241559999999981
"2044","HI","ELC","SF9","ATX",0.241559999999981
"2044","HI","ELC","SF10","ATX",0.241559999999981
"2044","HI","ELC","SF11","ATX",0.241559999999981
"2044","HI","ELC","SF12","ATX",0.241559999999981
"2044","HI","ELC","SF13","ATX",0.241559999999981
"2044","HI","ELC","SF14","ATX",0.241559999999981
"2044","HI","ELC","SF15","ATX",0.241559999999981
"2044","HI","ELC","SF16","ATX",0.241559999999981
"2044","HI","ELC","SF17","ATX",0.241559999999981
"2044","HI","ELC","SF18","ATX",0.241559999999981
"2044","HI","ELC","SF19","ATX",0.241559999999981
"2044","HI","ELC","SF20","ATX",0.241559999999981
"2044","HI","ELC","SF21","ATX",0.241559999999981
"2044","HI","ELC","SF22","ATX",0.241559999999981
"2044","HI","ELC","SF23","ATX",0.241559999999981
"2044","HI","ELC","SF24","ATX",0.241559999999981
"2044","HI","ELC","S1","ATX",0.12275999999999
"2044","HI","ELC","S2","ATX",0.12275999999999
"2044","HI","ELC","S3","ATX",0.12275999999999
"2044","HI","ELC","S4","ATX",0.12275999999999
"2044","HI","ELC","S5","ATX",0.12275999999999
"2044","HI","ELC","S6","ATX",0.12275999999999
"2044","HI","ELC","S7","ATX",0.12275999999999
"2044","HI","ELC","S8","ATX",0.12275999999999
"2044","HI","ELC","S9","ATX",0.12275999999999
"2044","HI","ELC","S10","ATX",0.12275999999999
"2044","HI","ELC","S11","ATX",0.12275999999999
"2044","HI","ELC","S12","ATX",0.12275999999999
"2044","HI","ELC","S13","ATX",0.12275999999999
"2044","HI","ELC","S14","ATX",0.12275999999999
"2044","HI","ELC","S15","ATX",0.12275999999999
"2044","HI","ELC","S16","ATX",0.12275999999999
"2044","HI","ELC","S17","ATX",0.12275999999999
"2044","HI","ELC","S18","ATX",0.12275999999999
"2044","HI","ELC","S19","ATX",0.12275999999999
"2044","HI","ELC","S20","ATX",0.12275999999999
"2044","HI","ELC","S21","ATX",0.12275999999999
"2044","HI","ELC","S22","ATX",0.12275999999999
"2044","HI","ELC","S23","ATX",0.12275999999999
"2044","HI","ELC","S24","ATX",0.12275999999999
"2045","LO","ELC","W1","ATX",0.11925999999999
"2045","LO","ELC","W2","ATX",0.11925999999999
"2045","LO","ELC","W3","ATX",0.11925999999999
"2045","LO","ELC","W4","ATX",0.11925999999999
"2045","LO","ELC","W5","ATX",0.11925999999999
"2045","LO","ELC","W6","ATX",0.11925999999999
"2045","LO","ELC","W7","ATX",0.11925999999999
"2045","LO","ELC","W8","ATX",0.11925999999999
"2045","LO","ELC","W9","ATX",0.11925999999999
"2045","LO","ELC","W10","ATX",0.11925999999999
"2045","LO","ELC","W11","ATX",0.11925999999999
"2045","LO","ELC","W12","ATX",0.11925999999999
"2045","LO","ELC","W13","ATX",0.11925999999999
"2045","LO","ELC","W14","ATX",0.11925999999999
"2045","LO","ELC","W15","ATX",0.11925999999999
"2045","LO","ELC","W16","ATX",0.11925999999999
"2045","LO","ELC","W17","ATX",0.11925999999999
"2045","LO","ELC","W18","ATX",0.11925999999999
"2045","LO","ELC","W19","ATX",0.11925999999999
"2045","LO","ELC","W20","ATX",0.11925999999999
"2045","LO","ELC","W21","ATX",0.11925999999999
"2045","LO","ELC","W22","ATX",0.11925999999999
"2045","LO","ELC","W23","ATX",0.11925999999999
"2045","LO","ELC","W24","ATX",0.11925999999999
"2045","LO","ELC","SF1","ATX",0.24521999999998
"2045","LO","ELC","SF2","ATX",0.24521999999998
"2045","LO","ELC","SF3","ATX",0.24521999999998
"2045","LO","ELC","SF4","ATX",0.24521999999998
"2045","LO","ELC","SF5","ATX",0.24521999999998
"2045","LO","ELC","SF6","ATX",0.24521999999998
"2045","LO","ELC","SF7","ATX",0.24521999999998
"2045","LO","ELC","SF8","ATX",0.24521999999998
"2045","LO","ELC","SF9","ATX",0.24521999999998
"2045","LO","ELC","SF10","ATX",0.24521999999998
"2045","LO","ELC","SF11","ATX",0.24521999999998
"2045","LO","ELC","SF12","ATX",0.24521999999998
"2045","LO","ELC","SF13","ATX",0.24521999999998
"2045","LO","ELC","SF14","ATX",0.24521999999998
"2045","LO","ELC","SF15","ATX",0.24521999999998
"2045","LO","ELC","SF16","ATX",0.24521999999998
"2045","LO","ELC","SF17","ATX",0.24521999999998
"2045","LO","ELC","SF18","ATX",0.24521999999998
"2045","LO","ELC","SF19","ATX",0.24521999999998
"2045","LO","ELC","SF20","ATX",0.24521999999998
"2045","LO","ELC","SF21","ATX",0.24521999999998
"2045","LO","ELC","SF22","ATX",0.24521999999998
"2045","LO","ELC","SF23","ATX",0.24521999999998
"2045","LO","ELC","SF24","ATX",0.24521999999998
"2045","LO","ELC","S1","ATX",0.12461999999999
"2045","LO","ELC","S2","ATX",0.12461999999999
"2045","LO","ELC","S3","ATX",0.12461999999999
"2045","LO","ELC","S4","ATX",0.12461999999999
"2045","LO","ELC","S5","ATX",0.12461999999999
"2045","LO","ELC","S6","ATX",0.12461999999999
"2045","LO","ELC","S7","ATX",0.12461999999999
"2045","LO","ELC","S8","ATX",0.12461999999999
"2045","LO","ELC","S9","ATX",0.12461999999999
"2045","LO","ELC","S10","ATX",0.12461999999999
"2045","LO","ELC","S11","ATX",0.12461999999999
"2045","LO","ELC","S12","ATX",0.12461999999999
"2045","LO","ELC","S13","ATX",0.12461999999999
"2045","LO","ELC","S14","ATX",0.12461999999999
"2045","LO","ELC","S15","ATX",0.12461999999999
"2045","LO","ELC","S16","ATX",0.12461999999999
"2045","LO","ELC","S17","ATX",0.12461999999999
"2045","LO","ELC","S18","ATX",0.12461999999999
"2045","LO","ELC","S19","ATX",0.12461999999999
"2045","LO","ELC","S20","ATX",0.12461999999999
"2045","LO","ELC","S21","ATX",0.12461999999999
"2045","LO","ELC","S22","ATX",0.12461999999999
"2045","LO","ELC","S23","ATX",0.12461999999999
"2045","LO","ELC","S24","ATX",0.12461999999999
"2045","MED","ELC","W1","ATX",0.11925999999999
"2045","MED","ELC","W2","ATX",0.11925999999999
"2045","MED","ELC","W3","ATX",0.11925999999999
"2045","MED","ELC","W4","ATX",0.11925999999999
"2045","MED","ELC","W5","ATX",0.11925999999999
"2045","MED","ELC","W6","ATX",0.11925999999999
"2045","MED","ELC","W7","ATX",0.11925999999999
"2045","MED","ELC","W8","ATX",0.11925999999999
"2045","MED","ELC","W9","ATX",0.11925999999999
"2045","MED","ELC","W10","ATX",0.11925999999999
"2045","MED","ELC","W11","ATX",0.11925999999999
"2045","MED","ELC","W12","ATX",0.11925999999999
"2045","MED","ELC","W13","ATX",0.11925999999999
"2045","MED","ELC","W14","ATX",0.11925999999999
"2045","MED","ELC","W15","ATX",0.11925999999999
"2045","MED","ELC","W16","ATX",0.11925999999999
"2045","MED","ELC","W17","ATX",0.11925999999999
"2045","MED","ELC","W18","ATX",0.11925999999999
"2045","MED","ELC","W19","ATX",0.11925999999999
"2045","MED","ELC","W20","ATX",0.11925999999999
"2045","MED","ELC","W21","ATX",0.11925999999999
"2045","MED","ELC","W22","ATX",0.11925999999999
"2045","MED","ELC","W23","ATX",0.11925999999999
"2045","MED","ELC","W24","ATX",0.11925999999999
"2045","MED","ELC","SF1","ATX",0.24521999999998
"2045","MED","ELC","SF2","ATX",0.24521999999998
"2045","MED","ELC","SF3","ATX",0.24521999999998
"2045","MED","ELC","SF4","ATX",0.24521999999998
"2045","MED","ELC","SF5","ATX",0.24521999999998
"2045","MED","ELC","SF6","ATX",0.24521999999998
"2045","MED","ELC","SF7","ATX",0.24521999999998
"2045","MED","ELC","SF8","ATX",0.24521999999998
"2045","MED","ELC","SF9","ATX",0.24521999999998
"2045","MED","ELC","SF10","ATX",0.24521999999998
"2045","MED","ELC","SF11","ATX",0.24521999999998
"2045","MED","ELC","SF12","ATX",0.24521999999998
"2045","MED","ELC","SF13","ATX",0.24521999999998
"2045","MED","ELC","SF14","ATX",0.24521999999998
"2045","MED","ELC","SF15","ATX",0.24521999999998
"2045","MED","ELC","SF16","ATX",0.24521999999998
"2045","MED","ELC","SF17","ATX",0.24521999999998
"2045","MED","ELC","SF18","ATX",0.24521999999998
"2045","MED","ELC","SF19","ATX",0.24521999999998
"2045","MED","ELC","SF20","ATX",0.24521999999998
"2045","MED","ELC","SF21","ATX",0.24521999999998
"2045","MED","ELC","SF22","ATX",0.24521999999998
"2045","MED","ELC","SF23","ATX",0.24521999999998
"2045","MED","ELC","SF24","ATX",0.24521999999998
"2045","MED","ELC","S1","ATX",0.12461999999999
"2045","MED","ELC","S2","ATX",0.12461999999999
"2045","MED","ELC","S3","ATX",0.12461999999999
"2045","MED","ELC","S4","ATX",0.12461999999999
"2045","MED","ELC","S5","ATX",0.12461999999999
"2045","MED","ELC","S6","ATX",0.12461999999999
"2045","MED","ELC","S7","ATX",0.12461999999999
"2045","MED","ELC","S8","ATX",0.12461999999999
"2045","MED","ELC","S9","ATX",0.12461999999999
"2045","MED","ELC","S10","ATX",0.12461999999999
"2045","MED","ELC","S11","ATX",0.12461999999999
"2045","MED","ELC","S12","ATX",0.12461999999999
"2045","MED","ELC","S13","ATX",0.12461999999999
"2045","MED","ELC","S14","ATX",0.12461999999999
"2045","MED","ELC","S15","ATX",0.12461999999999
"2045","MED","ELC","S16","ATX",0.12461999999999
"2045","MED","ELC","S17","ATX",0.12461999999999
"2045","MED","ELC","S18","ATX",0.12461999999999
"2045","MED","ELC","S19","ATX",0.12461999999999
"2045","MED","ELC","S20","ATX",0.12461999999999
"2045","MED","ELC","S21","ATX",0.12461999999999
"2045","MED","ELC","S22","ATX",0.12461999999999
"2045","MED","ELC","S23","ATX",0.12461999999999
"2045","MED","ELC","S24","ATX",0.12461999999999
"2045","HI","ELC","W1","ATX",0.11925999999999
"2045","HI","ELC","W2","ATX",0.11925999999999
"2045","HI","ELC","W3","ATX",0.11925999999999
"2045","HI","ELC","W4","ATX",0.11925999999999
"2045","HI","ELC","W5","ATX",0.11925999999999
"2045","HI","ELC","W6","ATX",0.11925999999999
"2045","HI","ELC","W7","ATX",0.11925999999999
"2045","HI","ELC","W8","ATX",0.11925999999999
"2045","HI","ELC","W9","ATX",0.11925999999999
"2045","HI","ELC","W10","ATX",0.11925999999999
"2045","HI","ELC","W11","ATX",0.11925999999999
"2045","HI","ELC","W12","ATX",0.11925999999999
"2045","HI","ELC","W13","ATX",0.11925999999999
"2045","HI","ELC","W14","ATX",0.11925999999999
"2045","HI","ELC","W15","ATX",0.11925999999999
"2045","HI","ELC","W16","ATX",0.11925999999999
"2045","HI","ELC","W17","ATX",0.11925999999999
"2045","HI","ELC","W18","ATX",0.11925999999999
"2045","HI","ELC","W19","ATX",0.11925999999999
"2045","HI","ELC","W20","ATX",0.11925999999999
"2045","HI","ELC","W21","ATX",0.11925999999999
"2045","HI","ELC","W22","ATX",0.11925999999999
"2045","HI","ELC","W23","ATX",0.11925999999999
"2045","HI","ELC","W24","ATX",0.11925999999999
"2045","HI","ELC","SF1","ATX",0.24521999999998
"2045","HI","ELC","SF2","ATX",0.24521999999998
"2045","HI","ELC","SF3","ATX",0.24521999999998
"2045","HI","ELC","SF4","ATX",0.24521999999998
"2045","HI","ELC","SF5","ATX",0.24521999999998
"2045","HI","ELC","SF6","ATX",0.24521999999998
"2045","HI","ELC","SF7","ATX",0.24521999999998
"2045","HI","ELC","SF8","ATX",0.24521999999998
"2045","HI","ELC","SF9","ATX",0.24521999999998
"2045","HI","ELC","SF10","ATX",0.24521999999998
"2045","HI","ELC","SF11","ATX",0.24521999999998
"2045","HI","ELC","SF12","ATX",0.24521999999998
"2045","HI","ELC","SF13","ATX",0.24521999999998
"2045","HI","ELC","SF14","ATX",0.24521999999998
"2045","HI","ELC","SF15","ATX",0.24521999999998
"2045","HI","ELC","SF16","ATX",0.24521999999998
"2045","HI","ELC","SF17","ATX",0.24521999999998
"2045","HI","ELC","SF18","ATX",0.24521999999998
"2045","HI","ELC","SF19","ATX",0.24521999999998
"2045","HI","ELC","SF20","ATX",0.24521999999998
"2045","HI","ELC","SF21","ATX",0.24521999999998
"2045","HI","ELC","SF22","ATX",0.24521999999998
"2045","HI","ELC","SF23","ATX",0.24521999999998
"2045","HI","ELC","SF24","ATX",0.24521999999998
"2045","HI","ELC","S1","ATX",0.12461999999999
"2045","HI","ELC","S2","ATX",0.12461999999999
"2045","HI","ELC","S3","ATX",0.12461999999999
"2045","HI","ELC","S4","ATX",0.12461999999999
"2045","HI","ELC","S5","ATX",0.12461999999999
"2045","HI","ELC","S6","ATX",0.12461999999999
"2045","HI","ELC","S7","ATX",0.12461999999999
"2045","HI","ELC","S8","ATX",0.12461999999999
"2045","HI","ELC","S9","ATX",0.12461999999999
"2045","HI","ELC","S10","ATX",0.12461999999999
"2045","HI","ELC","S11","ATX",0.12461999999999
"2045","HI","ELC","S12","ATX",0.12461999999999
"2045","HI","ELC","S13","ATX",0.12461999999999
"2045","HI","ELC","S14","ATX",0.12461999999999
"2045","HI","ELC","S15","ATX",0.12461999999999
"2045","HI","ELC","S16","ATX",0.12461999999999
"2045","HI","ELC","S17","ATX",0.12461999999999
"2045","HI","ELC","S18","ATX",0.12461999999999
"2045","HI","ELC","S19","ATX",0.12461999999999
"2045","HI","ELC","S20","ATX",0.12461999999999
"2045","HI","ELC","S21","ATX",0.12461999999999
"2045","HI","ELC","S22","ATX",0.12461999999999
"2045","HI","ELC","S23","ATX",0.12461999999999
"2045","HI","ELC","S24","ATX",0.12461999999999
"2046","LO","ELC","W1","ATX",0.12103999999999
"2046","LO","ELC","W2","ATX",0.12103999999999
"2046","LO","ELC","W3","ATX",0.12103999999999
"2046","LO","ELC","W4","ATX",0.12103999999999
"2046","LO","ELC","W5","ATX",0.12103999999999
"2046","LO","ELC","W6","ATX",0.12103999999999
"2046","LO","ELC","W7","ATX",0.12103999999999
"2046","LO","ELC","W8","ATX",0.12103999999999
"2046","LO","ELC","W9","ATX",0.12103999999999
"2046","LO","ELC","W10","ATX",0.12103999999999
"2046","LO","ELC","W11","ATX",0.12103999999999
"2046","LO","ELC","W12","ATX",0.12103999999999
"2046","LO","ELC","W13","ATX",0.12103999999999
"2046","LO","ELC","W14","ATX",0.12103999999999
"2046","LO","ELC","W15","ATX",0.12103999999999
"2046","LO","ELC","W16","ATX",0.12103999999999
"2046","LO","ELC","W17","ATX",0.12103999999999
"2046","LO","ELC","W18","ATX",0.12103999999999
"2046","LO","ELC","W19","ATX",0.12103999999999
"2046","LO","ELC","W20","ATX",0.12103999999999
"2046","LO","ELC","W21","ATX",0.12103999999999
"2046","LO","ELC","W22","ATX",0.12103999999999
"2046","LO","ELC","W23","ATX",0.12103999999999
"2046","LO","ELC","W24","ATX",0.12103999999999
"2046","LO","ELC","SF1","ATX",0.24887999999998
"2046","LO","ELC","SF2","ATX",0.24887999999998
"2046","LO","ELC","SF3","ATX",0.24887999999998
"2046","LO","ELC","SF4","ATX",0.24887999999998
"2046","LO","ELC","SF5","ATX",0.24887999999998
"2046","LO","ELC","SF6","ATX",0.24887999999998
"2046","LO","ELC","SF7","ATX",0.24887999999998
"2046","LO","ELC","SF8","ATX",0.24887999999998
"2046","LO","ELC","SF9","ATX",0.24887999999998
"2046","LO","ELC","SF10","ATX",0.24887999999998
"2046","LO","ELC","SF11","ATX",0.24887999999998
"2046","LO","ELC","SF12","ATX",0.24887999999998
"2046","LO","ELC","SF13","ATX",0.24887999999998
"2046","LO","ELC","SF14","ATX",0.24887999999998
"2046","LO","ELC","SF15","ATX",0.24887999999998
"2046","LO","ELC","SF16","ATX",0.24887999999998
"2046","LO","ELC","SF17","ATX",0.24887999999998
"2046","LO","ELC","SF18","ATX",0.24887999999998
"2046","LO","ELC","SF19","ATX",0.24887999999998
"2046","LO","ELC","SF20","ATX",0.24887999999998
"2046","LO","ELC","SF21","ATX",0.24887999999998
"2046","LO","ELC","SF22","ATX",0.24887999999998
"2046","LO","ELC","SF23","ATX",0.24887999999998
"2046","LO","ELC","SF24","ATX",0.24887999999998
"2046","LO","ELC","S1","ATX",0.12647999999999
"2046","LO","ELC","S2","ATX",0.12647999999999
"2046","LO","ELC","S3","ATX",0.12647999999999
"2046","LO","ELC","S4","ATX",0.12647999999999
"2046","LO","ELC","S5","ATX",0.12647999999999
"2046","LO","ELC","S6","ATX",0.12647999999999
"2046","LO","ELC","S7","ATX",0.12647999999999
"2046","LO","ELC","S8","ATX",0.12647999999999
"2046","LO","ELC","S9","ATX",0.12647999999999
"2046","LO","ELC","S10","ATX",0.12647999999999
"2046","LO","ELC","S11","ATX",0.12647999999999
"2046","LO","ELC","S12","ATX",0.12647999999999
"2046","LO","ELC","S13","ATX",0.12647999999999
"2046","LO","ELC","S14","ATX",0.12647999999999
"2046","LO","ELC","S15","ATX",0.12647999999999
"2046","LO","ELC","S16","ATX",0.12647999999999
"2046","LO","ELC","S17","ATX",0.12647999999999
"2046","LO","ELC","S18","ATX",0.12647999999999
"2046","LO","ELC","S19","ATX",0.12647999999999
"2046","LO","ELC","S20","ATX",0.12647999999999
"2046","LO","ELC","S21","ATX",0.12647999999999
"2046","LO","ELC","S22","ATX",0.12647999999999
"2046","LO","ELC","S23","ATX",0.12647999999999
"2046","LO","ELC","S24","ATX",0.12647999999999
"2046","MED","ELC","W1","ATX",0.12103999999999
"2046","MED","ELC","W2","ATX",0.12103999999999
"2046","MED","ELC","W3","ATX",0.12103999999999
"2046","MED","ELC","W4","ATX",0.12103999999999
"2046","MED","ELC","W5","ATX",0.12103999999999
"2046","MED","ELC","W6","ATX",0.12103999999999
"2046","MED","ELC","W7","ATX",0.12103999999999
"2046","MED","ELC","W8","ATX",0.12103999999999
"2046","MED","ELC","W9","ATX",0.12103999999999
"2046","MED","ELC","W10","ATX",0.12103999999999
"2046","MED","ELC","W11","ATX",0.12103999999999
"2046","MED","ELC","W12","ATX",0.12103999999999
"2046","MED","ELC","W13","ATX",0.12103999999999
"2046","MED","ELC","W14","ATX",0.12103999999999
"2046","MED","ELC","W15","ATX",0.12103999999999
"2046","MED","ELC","W16","ATX",0.12103999999999
"2046","MED","ELC","W17","ATX",0.12103999999999
"2046","MED","ELC","W18","ATX",0.12103999999999
"2046","MED","ELC","W19","ATX",0.12103999999999
"2046","MED","ELC","W20","ATX",0.12103999999999
"2046","MED","ELC","W21","ATX",0.12103999999999
"2046","MED","ELC","W22","ATX",0.12103999999999
"2046","MED","ELC","W23","ATX",0.12103999999999
"2046","MED","ELC","W24","ATX",0.12103999999999
"2046","MED","ELC","SF1","ATX",0.24887999999998
"2046","MED","ELC","SF2","ATX",0.24887999999998
"2046","MED","ELC","SF3","ATX",0.24887999999998
"2046","MED","ELC","SF4","ATX",0.24887999999998
"2046","MED","ELC","SF5","ATX",0.24887999999998
"2046","MED","ELC","SF6","ATX",0.24887999999998
"2046","MED","ELC","SF7","ATX",0.24887999999998
"2046","MED","ELC","SF8","ATX",0.24887999999998
"2046","MED","ELC","SF9","ATX",0.24887999999998
"2046","MED","ELC","SF10","ATX",0.24887999999998
"2046","MED","ELC","SF11","ATX",0.24887999999998
"2046","MED","ELC","SF12","ATX",0.24887999999998
"2046","MED","ELC","SF13","ATX",0.24887999999998
"2046","MED","ELC","SF14","ATX",0.24887999999998
"2046","MED","ELC","SF15","ATX",0.24887999999998
"2046","MED","ELC","SF16","ATX",0.24887999999998
"2046","MED","ELC","SF17","ATX",0.24887999999998
"2046","MED","ELC","SF18","ATX",0.24887999999998
"2046","MED","ELC","SF19","ATX",0.24887999999998
"2046","MED","ELC","SF20","ATX",0.24887999999998
"2046","MED","ELC","SF21","ATX",0.24887999999998
"2046","MED","ELC","SF22","ATX",0.24887999999998
"2046","MED","ELC","SF23","ATX",0.24887999999998
"2046","MED","ELC","SF24","ATX",0.24887999999998
"2046","MED","ELC","S1","ATX",0.12647999999999
"2046","MED","ELC","S2","ATX",0.12647999999999
"2046","MED","ELC","S3","ATX",0.12647999999999
"2046","MED","ELC","S4","ATX",0.12647999999999
"2046","MED","ELC","S5","ATX",0.12647999999999
"2046","MED","ELC","S6","ATX",0.12647999999999
"2046","MED","ELC","S7","ATX",0.12647999999999
"2046","MED","ELC","S8","ATX",0.12647999999999
"2046","MED","ELC","S9","ATX",0.12647999999999
"2046","MED","ELC","S10","ATX",0.12647999999999
"2046","MED","ELC","S11","ATX",0.12647999999999
"2046","MED","ELC","S12","ATX",0.12647999999999
"2046","MED","ELC","S13","ATX",0.12647999999999
"2046","MED","ELC","S14","ATX",0.12647999999999
"2046","MED","ELC","S15","ATX",0.12647999999999
"2046","MED","ELC","S16","ATX",0.12647999999999
"2046","MED","ELC","S17","ATX",0.12647999999999
"2046","MED","ELC","S18","ATX",0.12647999999999
"2046","MED","ELC","S19","ATX",0.12647999999999
"2046","MED","ELC","S20","ATX",0.12647999999999
"2046","MED","ELC","S21","ATX",0.12647999999999
"2046","MED","ELC","S22","ATX",0.12647999999999
"2046","MED","ELC","S23","ATX",0.12647999999999
"2046","MED","ELC","S24","ATX",0.12647999999999
"2046","HI","ELC","W1","ATX",0.12103999999999
"2046","HI","ELC","W2","ATX",0.12103999999999
"2046","HI","ELC","W3","ATX",0.12103999999999
"2046","HI","ELC","W4","ATX",0.12103999999999
"2046","HI","ELC","W5","ATX",0.12103999999999
"2046","HI","ELC","W6","ATX",0.12103999999999
"2046","HI","ELC","W7","ATX",0.12103999999999
"2046","HI","ELC","W8","ATX",0.12103999999999
"2046","HI","ELC","W9","ATX",0.12103999999999
"2046","HI","ELC","W10","ATX",0.12103999999999
"2046","HI","ELC","W11","ATX",0.12103999999999
"2046","HI","ELC","W12","ATX",0.12103999999999
"2046","HI","ELC","W13","ATX",0.12103999999999
"2046","HI","ELC","W14","ATX",0.12103999999999
"2046","HI","ELC","W15","ATX",0.12103999999999
"2046","HI","ELC","W16","ATX",0.12103999999999
"2046","HI","ELC","W17","ATX",0.12103999999999
"2046","HI","ELC","W18","ATX",0.12103999999999
"2046","HI","ELC","W19","ATX",0.12103999999999
"2046","HI","ELC","W20","ATX",0.12103999999999
"2046","HI","ELC","W21","ATX",0.12103999999999
"2046","HI","ELC","W22","ATX",0.12103999999999
"2046","HI","ELC","W23","ATX",0.12103999999999
"2046","HI","ELC","W24","ATX",0.12103999999999
"2046","HI","ELC","SF1","ATX",0.24887999999998
"2046","HI","ELC","SF2","ATX",0.24887999999998
"2046","HI","ELC","SF3","ATX",0.24887999999998
"2046","HI","ELC","SF4","ATX",0.24887999999998
"2046","HI","ELC","SF5","ATX",0.24887999999998
"2046","HI","ELC","SF6","ATX",0.24887999999998
"2046","HI","ELC","SF7","ATX",0.24887999999998
"2046","HI","ELC","SF8","ATX",0.24887999999998
"2046","HI","ELC","SF9","ATX",0.24887999999998
"2046","HI","ELC","SF10","ATX",0.24887999999998
"2046","HI","ELC","SF11","ATX",0.24887999999998
"2046","HI","ELC","SF12","ATX",0.24887999999998
"2046","HI","ELC","SF13","ATX",0.24887999999998
"2046","HI","ELC","SF14","ATX",0.24887999999998
"2046","HI","ELC","SF15","ATX",0.24887999999998
"2046","HI","ELC","SF16","ATX",0.24887999999998
"2046","HI","ELC","SF17","ATX",0.24887999999998
"2046","HI","ELC","SF18","ATX",0.24887999999998
"2046","HI","ELC","SF19","ATX",0.24887999999998
"2046","HI","ELC","SF20","ATX",0.24887999999998
"2046","HI","ELC","SF21","ATX",0.24887999999998
"2046","HI","ELC","SF22","ATX",0.24887999999998
"2046","HI","ELC","SF23","ATX",0.24887999999998
"2046","HI","ELC","SF24","ATX",0.24887999999998
"2046","HI","ELC","S1","ATX",0.12647999999999
"2046","HI","ELC","S2","ATX",0.12647999999999
"2046","HI","ELC","S3","ATX",0.12647999999999
"2046","HI","ELC","S4","ATX",0.12647999999999
"2046","HI","ELC","S5","ATX",0.12647999999999
"2046","HI","ELC","S6","ATX",0.12647999999999
"2046","HI","ELC","S7","ATX",0.12647999999999
"2046","HI","ELC","S8","ATX",0.12647999999999
"2046","HI","ELC","S9","ATX",0.12647999999999
"2046","HI","ELC","S10","ATX",0.12647999999999
"2046","HI","ELC","S11","ATX",0.12647999999999
"2046","HI","ELC","S12","ATX",0.12647999999999
"2046","HI","ELC","S13","ATX",0.12647999999999
"2046","HI","ELC","S14","ATX",0.12647999999999
"2046","HI","ELC","S15","ATX",0.12647999999999
"2046","HI","ELC","S16","ATX",0.12647999999999
"2046","HI","ELC","S17","ATX",0.12647999999999
"2046","HI","ELC","S18","ATX",0.12647999999999
"2046","HI","ELC","S19","ATX",0.12647999999999
"2046","HI","ELC","S20","ATX",0.12647999999999
"2046","HI","ELC","S21","ATX",0.12647999999999
"2046","HI","ELC","S22","ATX",0.12647999999999
"2046","HI","ELC","S23","ATX",0.12647999999999
"2046","HI","ELC","S24","ATX",0.12647999999999
"2047","LO","ELC","W1","ATX",0.12281999999999
"2047","LO","ELC","W2","ATX",0.12281999999999
"2047","LO","ELC","W3","ATX",0.12281999999999
"2047","LO","ELC","W4","ATX",0.12281999999999
"2047","LO","ELC","W5","ATX",0.12281999999999
"2047","LO","ELC","W6","ATX",0.12281999999999
"2047","LO","ELC","W7","ATX",0.12281999999999
"2047","LO","ELC","W8","ATX",0.12281999999999
"2047","LO","ELC","W9","ATX",0.12281999999999
"2047","LO","ELC","W10","ATX",0.12281999999999
"2047","LO","ELC","W11","ATX",0.12281999999999
"2047","LO","ELC","W12","ATX",0.12281999999999
"2047","LO","ELC","W13","ATX",0.12281999999999
"2047","LO","ELC","W14","ATX",0.12281999999999
"2047","LO","ELC","W15","ATX",0.12281999999999
"2047","LO","ELC","W16","ATX",0.12281999999999
"2047","LO","ELC","W17","ATX",0.12281999999999
"2047","LO","ELC","W18","ATX",0.12281999999999
"2047","LO","ELC","W19","ATX",0.12281999999999
"2047","LO","ELC","W20","ATX",0.12281999999999
"2047","LO","ELC","W21","ATX",0.12281999999999
"2047","LO","ELC","W22","ATX",0.12281999999999
"2047","LO","ELC","W23","ATX",0.12281999999999
"2047","LO","ELC","W24","ATX",0.12281999999999
"2047","LO","ELC","SF1","ATX",0.25253999999998
"2047","LO","ELC","SF2","ATX",0.25253999999998
"2047","LO","ELC","SF3","ATX",0.25253999999998
"2047","LO","ELC","SF4","ATX",0.25253999999998
"2047","LO","ELC","SF5","ATX",0.25253999999998
"2047","LO","ELC","SF6","ATX",0.25253999999998
"2047","LO","ELC","SF7","ATX",0.25253999999998
"2047","LO","ELC","SF8","ATX",0.25253999999998
"2047","LO","ELC","SF9","ATX",0.25253999999998
"2047","LO","ELC","SF10","ATX",0.25253999999998
"2047","LO","ELC","SF11","ATX",0.25253999999998
"2047","LO","ELC","SF12","ATX",0.25253999999998
"2047","LO","ELC","SF13","ATX",0.25253999999998
"2047","LO","ELC","SF14","ATX",0.25253999999998
"2047","LO","ELC","SF15","ATX",0.25253999999998
"2047","LO","ELC","SF16","ATX",0.25253999999998
"2047","LO","ELC","SF17","ATX",0.25253999999998
"2047","LO","ELC","SF18","ATX",0.25253999999998
"2047","LO","ELC","SF19","ATX",0.25253999999998
"2047","LO","ELC","SF20","ATX",0.25253999999998
"2047","LO","ELC","SF21","ATX",0.25253999999998
"2047","LO","ELC","SF22","ATX",0.25253999999998
"2047","LO","ELC","SF23","ATX",0.25253999999998
"2047","LO","ELC","SF24","ATX",0.25253999999998
"2047","LO","ELC","S1","ATX",0.12833999999999
"2047","LO","ELC","S2","ATX",0.12833999999999
"2047","LO","ELC","S3","ATX",0.12833999999999
"2047","LO","ELC","S4","ATX",0.12833999999999
"2047","LO","ELC","S5","ATX",0.12833999999999
"2047","LO","ELC","S6","ATX",0.12833999999999
"2047","LO","ELC","S7","ATX",0.12833999999999
"2047","LO","ELC","S8","ATX",0.12833999999999
"2047","LO","ELC","S9","ATX",0.12833999999999
"2047","LO","ELC","S10","ATX",0.12833999999999
"2047","LO","ELC","S11","ATX",0.12833999999999
"2047","LO","ELC","S12","ATX",0.12833999999999
"2047","LO","ELC","S13","ATX",0.12833999999999
"2047","LO","ELC","S14","ATX",0.12833999999999
"2047","LO","ELC","S15","ATX",0.12833999999999
"2047","LO","ELC","S16","ATX",0.12833999999999
"2047","LO","ELC","S17","ATX",0.12833999999999
"2047","LO","ELC","S18","ATX",0.12833999999999
"2047","LO","ELC","S19","ATX",0.12833999999999
"2047","LO","ELC","S20","ATX",0.12833999999999
"2047","LO","ELC","S21","ATX",0.12833999999999
"2047","LO","ELC","S22","ATX",0.12833999999999
"2047","LO","ELC","S23","ATX",0.12833999999999
"2047","LO","ELC","S24","ATX",0.12833999999999
"2047","MED","ELC","W1","ATX",0.12281999999999
"2047","MED","ELC","W2","ATX",0.12281999999999
"2047","MED","ELC","W3","ATX",0.12281999999999
"2047","MED","ELC","W4","ATX",0.12281999999999
"2047","MED","ELC","W5","ATX",0.12281999999999
"2047","MED","ELC","W6","ATX",0.12281999999999
"2047","MED","ELC","W7","ATX",0.12281999999999
"2047","MED","ELC","W8","ATX",0.12281999999999
"2047","MED","ELC","W9","ATX",0.12281999999999
"2047","MED","ELC","W10","ATX",0.12281999999999
"2047","MED","ELC","W11","ATX",0.12281999999999
"2047","MED","ELC","W12","ATX",0.12281999999999
"2047","MED","ELC","W13","ATX",0.12281999999999
"2047","MED","ELC","W14","ATX",0.12281999999999
"2047","MED","ELC","W15","ATX",0.12281999999999
"2047","MED","ELC","W16","ATX",0.12281999999999
"2047","MED","ELC","W17","ATX",0.12281999999999
"2047","MED","ELC","W18","ATX",0.12281999999999
"2047","MED","ELC","W19","ATX",0.12281999999999
"2047","MED","ELC","W20","ATX",0.12281999999999
"2047","MED","ELC","W21","ATX",0.12281999999999
"2047","MED","ELC","W22","ATX",0.12281999999999
"2047","MED","ELC","W23","ATX",0.12281999999999
"2047","MED","ELC","W24","ATX",0.12281999999999
"2047","MED","ELC","SF1","ATX",0.25253999999998
"2047","MED","ELC","SF2","ATX",0.25253999999998
"2047","MED","ELC","SF3","ATX",0.25253999999998
"2047","MED","ELC","SF4","ATX",0.25253999999998
"2047","MED","ELC","SF5","ATX",0.25253999999998
"2047","MED","ELC","SF6","ATX",0.25253999999998
"2047","MED","ELC","SF7","ATX",0.25253999999998
"2047","MED","ELC","SF8","ATX",0.25253999999998
"2047","MED","ELC","SF9","ATX",0.25253999999998
"2047","MED","ELC","SF10","ATX",0.25253999999998
"2047","MED","ELC","SF11","ATX",0.25253999999998
"2047","MED","ELC","SF12","ATX",0.25253999999998
"2047","MED","ELC","SF13","ATX",0.25253999999998
"2047","MED","ELC","SF14","ATX",0.25253999999998
"2047","MED","ELC","SF15","ATX",0.25253999999998
"2047","MED","ELC","SF16","ATX",0.25253999999998
"2047","MED","ELC","SF17","ATX",0.25253999999998
"2047","MED","ELC","SF18","ATX",0.25253999999998
"2047","MED","ELC","SF19","ATX",0.25253999999998
"2047","MED","ELC","SF20","ATX",0.25253999999998
"2047","MED","ELC","SF21","ATX",0.25253999999998
"2047","MED","ELC","SF22","ATX",0.25253999999998
"2047","MED","ELC","SF23","ATX",0.25253999999998
"2047","MED","ELC","SF24","ATX",0.25253999999998
"2047","MED","ELC","S1","ATX",0.12833999999999
"2047","MED","ELC","S2","ATX",0.12833999999999
"2047","MED","ELC","S3","ATX",0.12833999999999
"2047","MED","ELC","S4","ATX",0.12833999999999
"2047","MED","ELC","S5","ATX",0.12833999999999
"2047","MED","ELC","S6","ATX",0.12833999999999
"2047","MED","ELC","S7","ATX",0.12833999999999
"2047","MED","ELC","S8","ATX",0.12833999999999
"2047","MED","ELC","S9","ATX",0.12833999999999
"2047","MED","ELC","S10","ATX",0.12833999999999
"2047","MED","ELC","S11","ATX",0.12833999999999
"2047","MED","ELC","S12","ATX",0.12833999999999
"2047","MED","ELC","S13","ATX",0.12833999999999
"2047","MED","ELC","S14","ATX",0.12833999999999
"2047","MED","ELC","S15","ATX",0.12833999999999
"2047","MED","ELC","S16","ATX",0.12833999999999
"2047","MED","ELC","S17","ATX",0.12833999999999
"2047","MED","ELC","S18","ATX",0.12833999999999
"2047","MED","ELC","S19","ATX",0.12833999999999
"2047","MED","ELC","S20","ATX",0.12833999999999
"2047","MED","ELC","S21","ATX",0.12833999999999
"2047","MED","ELC","S22","ATX",0.12833999999999
"2047","MED","ELC","S23","ATX",0.12833999999999
"2047","MED","ELC","S24","ATX",0.12833999999999
"2047","HI","ELC","W1","ATX",0.12281999999999
"2047","HI","ELC","W2","ATX",0.12281999999999
"2047","HI","ELC","W3","ATX",0.12281999999999
"2047","HI","ELC","W4","ATX",0.12281999999999
"2047","HI","ELC","W5","ATX",0.12281999999999
"2047","HI","ELC","W6","ATX",0.12281999999999
"2047","HI","ELC","W7","ATX",0.12281999999999
"2047","HI","ELC","W8","ATX",0.12281999999999
"2047","HI","ELC","W9","ATX",0.12281999999999
"2047","HI","ELC","W10","ATX",0.12281999999999
"2047","HI","ELC","W11","ATX",0.12281999999999
"2047","HI","ELC","W12","ATX",0.12281999999999
"2047","HI","ELC","W13","ATX",0.12281999999999
"2047","HI","ELC","W14","ATX",0.12281999999999
"2047","HI","ELC","W15","ATX",0.12281999999999
"2047","HI","ELC","W16","ATX",0.12281999999999
"2047","HI","ELC","W17","ATX",0.12281999999999
"2047","HI","ELC","W18","ATX",0.12281999999999
"2047","HI","ELC","W19","ATX",0.12281999999999
"2047","HI","ELC","W20","ATX",0.12281999999999
"2047","HI","ELC","W21","ATX",0.12281999999999
"2047","HI","ELC","W22","ATX",0.12281999999999
"2047","HI","ELC","W23","ATX",0.12281999999999
"2047","HI","ELC","W24","ATX",0.12281999999999
"2047","HI","ELC","SF1","ATX",0.25253999999998
"2047","HI","ELC","SF2","ATX",0.25253999999998
"2047","HI","ELC","SF3","ATX",0.25253999999998
"2047","HI","ELC","SF4","ATX",0.25253999999998
"2047","HI","ELC","SF5","ATX",0.25253999999998
"2047","HI","ELC","SF6","ATX",0.25253999999998
"2047","HI","ELC","SF7","ATX",0.25253999999998
"2047","HI","ELC","SF8","ATX",0.25253999999998
"2047","HI","ELC","SF9","ATX",0.25253999999998
"2047","HI","ELC","SF10","ATX",0.25253999999998
"2047","HI","ELC","SF11","ATX",0.25253999999998
"2047","HI","ELC","SF12","ATX",0.25253999999998
"2047","HI","ELC","SF13","ATX",0.25253999999998
"2047","HI","ELC","SF14","ATX",0.25253999999998
"2047","HI","ELC","SF15","ATX",0.25253999999998
"2047","HI","ELC","SF16","ATX",0.25253999999998
"2047","HI","ELC","SF17","ATX",0.25253999999998
"2047","HI","ELC","SF18","ATX",0.25253999999998
"2047","HI","ELC","SF19","ATX",0.25253999999998
"2047","HI","ELC","SF20","ATX",0.25253999999998
"2047","HI","ELC","SF21","ATX",0.25253999999998
"2047","HI","ELC","SF22","ATX",0.25253999999998
"2047","HI","ELC","SF23","ATX",0.25253999999998
"2047","HI","ELC","SF24","ATX",0.25253999999998
"2047","HI","ELC","S1","ATX",0.12833999999999
"2047","HI","ELC","S2","ATX",0.12833999999999
"2047","HI","ELC","S3","ATX",0.12833999999999
"2047","HI","ELC","S4","ATX",0.12833999999999
"2047","HI","ELC","S5","ATX",0.12833999999999
"2047","HI","ELC","S6","ATX",0.12833999999999
"2047","HI","ELC","S7","ATX",0.12833999999999
"2047","HI","ELC","S8","ATX",0.12833999999999
"2047","HI","ELC","S9","ATX",0.12833999999999
"2047","HI","ELC","S10","ATX",0.12833999999999
"2047","HI","ELC","S11","ATX",0.12833999999999
"2047","HI","ELC","S12","ATX",0.12833999999999
"2047","HI","ELC","S13","ATX",0.12833999999999
"2047","HI","ELC","S14","ATX",0.12833999999999
"2047","HI","ELC","S15","ATX",0.12833999999999
"2047","HI","ELC","S16","ATX",0.12833999999999
"2047","HI","ELC","S17","ATX",0.12833999999999
"2047","HI","ELC","S18","ATX",0.12833999999999
"2047","HI","ELC","S19","ATX",0.12833999999999
"2047","HI","ELC","S20","ATX",0.12833999999999
"2047","HI","ELC","S21","ATX",0.12833999999999
"2047","HI","ELC","S22","ATX",0.12833999999999
"2047","HI","ELC","S23","ATX",0.12833999999999
"2047","HI","ELC","S24","ATX",0.12833999999999
"2048","LO","ELC","W1","ATX",0.12459999999999
"2048","LO","ELC","W2","ATX",0.12459999999999
"2048","LO","ELC","W3","ATX",0.12459999999999
"2048","LO","ELC","W4","ATX",0.12459999999999
"2048","LO","ELC","W5","ATX",0.12459999999999
"2048","LO","ELC","W6","ATX",0.12459999999999
"2048","LO","ELC","W7","ATX",0.12459999999999
"2048","LO","ELC","W8","ATX",0.12459999999999
"2048","LO","ELC","W9","ATX",0.12459999999999
"2048","LO","ELC","W10","ATX",0.12459999999999
"2048","LO","ELC","W11","ATX",0.12459999999999
"2048","LO","ELC","W12","ATX",0.12459999999999
"2048","LO","ELC","W13","ATX",0.12459999999999
"2048","LO","ELC","W14","ATX",0.12459999999999
"2048","LO","ELC","W15","ATX",0.12459999999999
"2048","LO","ELC","W16","ATX",0.12459999999999
"2048","LO","ELC","W17","ATX",0.12459999999999
"2048","LO","ELC","W18","ATX",0.12459999999999
"2048","LO","ELC","W19","ATX",0.12459999999999
"2048","LO","ELC","W20","ATX",0.12459999999999
"2048","LO","ELC","W21","ATX",0.12459999999999
"2048","LO","ELC","W22","ATX",0.12459999999999
"2048","LO","ELC","W23","ATX",0.12459999999999
"2048","LO","ELC","W24","ATX",0.12459999999999
"2048","LO","ELC","SF1","ATX",0.256199999999979
"2048","LO","ELC","SF2","ATX",0.256199999999979
"2048","LO","ELC","SF3","ATX",0.256199999999979
"2048","LO","ELC","SF4","ATX",0.256199999999979
"2048","LO","ELC","SF5","ATX",0.256199999999979
"2048","LO","ELC","SF6","ATX",0.256199999999979
"2048","LO","ELC","SF7","ATX",0.256199999999979
"2048","LO","ELC","SF8","ATX",0.256199999999979
"2048","LO","ELC","SF9","ATX",0.256199999999979
"2048","LO","ELC","SF10","ATX",0.256199999999979
"2048","LO","ELC","SF11","ATX",0.256199999999979
"2048","LO","ELC","SF12","ATX",0.256199999999979
"2048","LO","ELC","SF13","ATX",0.256199999999979
"2048","LO","ELC","SF14","ATX",0.256199999999979
"2048","LO","ELC","SF15","ATX",0.256199999999979
"2048","LO","ELC","SF16","ATX",0.256199999999979
"2048","LO","ELC","SF17","ATX",0.256199999999979
"2048","LO","ELC","SF18","ATX",0.256199999999979
"2048","LO","ELC","SF19","ATX",0.256199999999979
"2048","LO","ELC","SF20","ATX",0.256199999999979
"2048","LO","ELC","SF21","ATX",0.256199999999979
"2048","LO","ELC","SF22","ATX",0.256199999999979
"2048","LO","ELC","SF23","ATX",0.256199999999979
"2048","LO","ELC","SF24","ATX",0.256199999999979
"2048","LO","ELC","S1","ATX",0.13019999999999
"2048","LO","ELC","S2","ATX",0.13019999999999
"2048","LO","ELC","S3","ATX",0.13019999999999
"2048","LO","ELC","S4","ATX",0.13019999999999
"2048","LO","ELC","S5","ATX",0.13019999999999
"2048","LO","ELC","S6","ATX",0.13019999999999
"2048","LO","ELC","S7","ATX",0.13019999999999
"2048","LO","ELC","S8","ATX",0.13019999999999
"2048","LO","ELC","S9","ATX",0.13019999999999
"2048","LO","ELC","S10","ATX",0.13019999999999
"2048","LO","ELC","S11","ATX",0.13019999999999
"2048","LO","ELC","S12","ATX",0.13019999999999
"2048","LO","ELC","S13","ATX",0.13019999999999
"2048","LO","ELC","S14","ATX",0.13019999999999
"2048","LO","ELC","S15","ATX",0.13019999999999
"2048","LO","ELC","S16","ATX",0.13019999999999
"2048","LO","ELC","S17","ATX",0.13019999999999
"2048","LO","ELC","S18","ATX",0.13019999999999
"2048","LO","ELC","S19","ATX",0.13019999999999
"2048","LO","ELC","S20","ATX",0.13019999999999
"2048","LO","ELC","S21","ATX",0.13019999999999
"2048","LO","ELC","S22","ATX",0.13019999999999
"2048","LO","ELC","S23","ATX",0.13019999999999
"2048","LO","ELC","S24","ATX",0.13019999999999
"2048","MED","ELC","W1","ATX",0.12459999999999
"2048","MED","ELC","W2","ATX",0.12459999999999
"2048","MED","ELC","W3","ATX",0.12459999999999
"2048","MED","ELC","W4","ATX",0.12459999999999
"2048","MED","ELC","W5","ATX",0.12459999999999
"2048","MED","ELC","W6","ATX",0.12459999999999
"2048","MED","ELC","W7","ATX",0.12459999999999
"2048","MED","ELC","W8","ATX",0.12459999999999
"2048","MED","ELC","W9","ATX",0.12459999999999
"2048","MED","ELC","W10","ATX",0.12459999999999
"2048","MED","ELC","W11","ATX",0.12459999999999
"2048","MED","ELC","W12","ATX",0.12459999999999
"2048","MED","ELC","W13","ATX",0.12459999999999
"2048","MED","ELC","W14","ATX",0.12459999999999
"2048","MED","ELC","W15","ATX",0.12459999999999
"2048","MED","ELC","W16","ATX",0.12459999999999
"2048","MED","ELC","W17","ATX",0.12459999999999
"2048","MED","ELC","W18","ATX",0.12459999999999
"2048","MED","ELC","W19","ATX",0.12459999999999
"2048","MED","ELC","W20","ATX",0.12459999999999
"2048","MED","ELC","W21","ATX",0.12459999999999
"2048","MED","ELC","W22","ATX",0.12459999999999
"2048","MED","ELC","W23","ATX",0.12459999999999
"2048","MED","ELC","W24","ATX",0.12459999999999
"2048","MED","ELC","SF1","ATX",0.256199999999979
"2048","MED","ELC","SF2","ATX",0.256199999999979
"2048","MED","ELC","SF3","ATX",0.256199999999979
"2048","MED","ELC","SF4","ATX",0.256199999999979
"2048","MED","ELC","SF5","ATX",0.256199999999979
"2048","MED","ELC","SF6","ATX",0.256199999999979
"2048","MED","ELC","SF7","ATX",0.256199999999979
"2048","MED","ELC","SF8","ATX",0.256199999999979
"2048","MED","ELC","SF9","ATX",0.256199999999979
"2048","MED","ELC","SF10","ATX",0.256199999999979
"2048","MED","ELC","SF11","ATX",0.256199999999979
"2048","MED","ELC","SF12","ATX",0.256199999999979
"2048","MED","ELC","SF13","ATX",0.256199999999979
"2048","MED","ELC","SF14","ATX",0.256199999999979
"2048","MED","ELC","SF15","ATX",0.256199999999979
"2048","MED","ELC","SF16","ATX",0.256199999999979
"2048","MED","ELC","SF17","ATX",0.256199999999979
"2048","MED","ELC","SF18","ATX",0.256199999999979
"2048","MED","ELC","SF19","ATX",0.256199999999979
"2048","MED","ELC","SF20","ATX",0.256199999999979
"2048","MED","ELC","SF21","ATX",0.256199999999979
"2048","MED","ELC","SF22","ATX",0.256199999999979
"2048","MED","ELC","SF23","ATX",0.256199999999979
"2048","MED","ELC","SF24","ATX",0.256199999999979
"2048","MED","ELC","S1","ATX",0.13019999999999
"2048","MED","ELC","S2","ATX",0.13019999999999
"2048","MED","ELC","S3","ATX",0.13019999999999
"2048","MED","ELC","S4","ATX",0.13019999999999
"2048","MED","ELC","S5","ATX",0.13019999999999
"2048","MED","ELC","S6","ATX",0.13019999999999
"2048","MED","ELC","S7","ATX",0.13019999999999
"2048","MED","ELC","S8","ATX",0.13019999999999
"2048","MED","ELC","S9","ATX",0.13019999999999
"2048","MED","ELC","S10","ATX",0.13019999999999
"2048","MED","ELC","S11","ATX",0.13019999999999
"2048","MED","ELC","S12","ATX",0.13019999999999
"2048","MED","ELC","S13","ATX",0.13019999999999
"2048","MED","ELC","S14","ATX",0.13019999999999
"2048","MED","ELC","S15","ATX",0.13019999999999
"2048","MED","ELC","S16","ATX",0.13019999999999
"2048","MED","ELC","S17","ATX",0.13019999999999
"2048","MED","ELC","S18","ATX",0.13019999999999
"2048","MED","ELC","S19","ATX",0.13019999999999
"2048","MED","ELC","S20","ATX",0.13019999999999
"2048","MED","ELC","S21","ATX",0.13019999999999
"2048","MED","ELC","S22","ATX",0.13019999999999
"2048","MED","ELC","S23","ATX",0.13019999999999
"2048","MED","ELC","S24","ATX",0.13019999999999
"2048","HI","ELC","W1","ATX",0.12459999999999
"2048","HI","ELC","W2","ATX",0.12459999999999
"2048","HI","ELC","W3","ATX",0.12459999999999
"2048","HI","ELC","W4","ATX",0.12459999999999
"2048","HI","ELC","W5","ATX",0.12459999999999
"2048","HI","ELC","W6","ATX",0.12459999999999
"2048","HI","ELC","W7","ATX",0.12459999999999
"2048","HI","ELC","W8","ATX",0.12459999999999
"2048","HI","ELC","W9","ATX",0.12459999999999
"2048","HI","ELC","W10","ATX",0.12459999999999
"2048","HI","ELC","W11","ATX",0.12459999999999
"2048","HI","ELC","W12","ATX",0.12459999999999
"2048","HI","ELC","W13","ATX",0.12459999999999
"2048","HI","ELC","W14","ATX",0.12459999999999
"2048","HI","ELC","W15","ATX",0.12459999999999
"2048","HI","ELC","W16","ATX",0.12459999999999
"2048","HI","ELC","W17","ATX",0.12459999999999
"2048","HI","ELC","W18","ATX",0.12459999999999
"2048","HI","ELC","W19","ATX",0.12459999999999
"2048","HI","ELC","W20","ATX",0.12459999999999
"2048","HI","ELC","W21","ATX",0.12459999999999
"2048","HI","ELC","W22","ATX",0.12459999999999
"2048","HI","ELC","W23","ATX",0.12459999999999
"2048","HI","ELC","W24","ATX",0.12459999999999
"2048","HI","ELC","SF1","ATX",0.256199999999979
"2048","HI","ELC","SF2","ATX",0.256199999999979
"2048","HI","ELC","SF3","ATX",0.256199999999979
"2048","HI","ELC","SF4","ATX",0.256199999999979
"2048","HI","ELC","SF5","ATX",0.256199999999979
"2048","HI","ELC","SF6","ATX",0.256199999999979
"2048","HI","ELC","SF7","ATX",0.256199999999979
"2048","HI","ELC","SF8","ATX",0.256199999999979
"2048","HI","ELC","SF9","ATX",0.256199999999979
"2048","HI","ELC","SF10","ATX",0.256199999999979
"2048","HI","ELC","SF11","ATX",0.256199999999979
"2048","HI","ELC","SF12","ATX",0.256199999999979
"2048","HI","ELC","SF13","ATX",0.256199999999979
"2048","HI","ELC","SF14","ATX",0.256199999999979
"2048","HI","ELC","SF15","ATX",0.256199999999979
"2048","HI","ELC","SF16","ATX",0.256199999999979
"2048","HI","ELC","SF17","ATX",0.256199999999979
"2048","HI","ELC","SF18","ATX",0.256199999999979
"2048","HI","ELC","SF19","ATX",0.256199999999979
"2048","HI","ELC","SF20","ATX",0.256199999999979
"2048","HI","ELC","SF21","ATX",0.256199999999979
"2048","HI","ELC","SF22","ATX",0.256199999999979
"2048","HI","ELC","SF23","ATX",0.256199999999979
"2048","HI","ELC","SF24","ATX",0.256199999999979
"2048","HI","ELC","S1","ATX",0.13019999999999
"2048","HI","ELC","S2","ATX",0.13019999999999
"2048","HI","ELC","S3","ATX",0.13019999999999
"2048","HI","ELC","S4","ATX",0.13019999999999
"2048","HI","ELC","S5","ATX",0.13019999999999
"2048","HI","ELC","S6","ATX",0.13019999999999
"2048","HI","ELC","S7","ATX",0.13019999999999
"2048","HI","ELC","S8","ATX",0.13019999999999
"2048","HI","ELC","S9","ATX",0.13019999999999
"2048","HI","ELC","S10","ATX",0.13019999999999
"2048","HI","ELC","S11","ATX",0.13019999999999
"2048","HI","ELC","S12","ATX",0.13019999999999
"2048","HI","ELC","S13","ATX",0.13019999999999
"2048","HI","ELC","S14","ATX",0.13019999999999
"2048","HI","ELC","S15","ATX",0.13019999999999
"2048","HI","ELC","S16","ATX",0.13019999999999
"2048","HI","ELC","S17","ATX",0.13019999999999
"2048","HI","ELC","S18","ATX",0.13019999999999
"2048","HI","ELC","S19","ATX",0.13019999999999
"2048","HI","ELC","S20","ATX",0.13019999999999
"2048","HI","ELC","S21","ATX",0.13019999999999
"2048","HI","ELC","S22","ATX",0.13019999999999
"2048","HI","ELC","S23","ATX",0.13019999999999
"2048","HI","ELC","S24","ATX",0.13019999999999
"2049","LO","ELC","W1","ATX",0.12637999999999
"2049","LO","ELC","W2","ATX",0.12637999999999
"2049","LO","ELC","W3","ATX",0.12637999999999
"2049","LO","ELC","W4","ATX",0.12637999999999
"2049","LO","ELC","W5","ATX",0.12637999999999
"2049","LO","ELC","W6","ATX",0.12637999999999
"2049","LO","ELC","W7","ATX",0.12637999999999
"2049","LO","ELC","W8","ATX",0.12637999999999
"2049","LO","ELC","W9","ATX",0.12637999999999
"2049","LO","ELC","W10","ATX",0.12637999999999
"2049","LO","ELC","W11","ATX",0.12637999999999
"2049","LO","ELC","W12","ATX",0.12637999999999
"2049","LO","ELC","W13","ATX",0.12637999999999
"2049","LO","ELC","W14","ATX",0.12637999999999
"2049","LO","ELC","W15","ATX",0.12637999999999
"2049","LO","ELC","W16","ATX",0.12637999999999
"2049","LO","ELC","W17","ATX",0.12637999999999
"2049","LO","ELC","W18","ATX",0.12637999999999
"2049","LO","ELC","W19","ATX",0.12637999999999
"2049","LO","ELC","W20","ATX",0.12637999999999
"2049","LO","ELC","W21","ATX",0.12637999999999
"2049","LO","ELC","W22","ATX",0.12637999999999
"2049","LO","ELC","W23","ATX",0.12637999999999
"2049","LO","ELC","W24","ATX",0.12637999999999
"2049","LO","ELC","SF1","ATX",0.259859999999979
"2049","LO","ELC","SF2","ATX",0.259859999999979
"2049","LO","ELC","SF3","ATX",0.259859999999979
"2049","LO","ELC","SF4","ATX",0.259859999999979
"2049","LO","ELC","SF5","ATX",0.259859999999979
"2049","LO","ELC","SF6","ATX",0.259859999999979
"2049","LO","ELC","SF7","ATX",0.259859999999979
"2049","LO","ELC","SF8","ATX",0.259859999999979
"2049","LO","ELC","SF9","ATX",0.259859999999979
"2049","LO","ELC","SF10","ATX",0.259859999999979
"2049","LO","ELC","SF11","ATX",0.259859999999979
"2049","LO","ELC","SF12","ATX",0.259859999999979
"2049","LO","ELC","SF13","ATX",0.259859999999979
"2049","LO","ELC","SF14","ATX",0.259859999999979
"2049","LO","ELC","SF15","ATX",0.259859999999979
"2049","LO","ELC","SF16","ATX",0.259859999999979
"2049","LO","ELC","SF17","ATX",0.259859999999979
"2049","LO","ELC","SF18","ATX",0.259859999999979
"2049","LO","ELC","SF19","ATX",0.259859999999979
"2049","LO","ELC","SF20","ATX",0.259859999999979
"2049","LO","ELC","SF21","ATX",0.259859999999979
"2049","LO","ELC","SF22","ATX",0.259859999999979
"2049","LO","ELC","SF23","ATX",0.259859999999979
"2049","LO","ELC","SF24","ATX",0.259859999999979
"2049","LO","ELC","S1","ATX",0.132059999999989
"2049","LO","ELC","S2","ATX",0.132059999999989
"2049","LO","ELC","S3","ATX",0.132059999999989
"2049","LO","ELC","S4","ATX",0.132059999999989
"2049","LO","ELC","S5","ATX",0.132059999999989
"2049","LO","ELC","S6","ATX",0.132059999999989
"2049","LO","ELC","S7","ATX",0.132059999999989
"2049","LO","ELC","S8","ATX",0.132059999999989
"2049","LO","ELC","S9","ATX",0.132059999999989
"2049","LO","ELC","S10","ATX",0.132059999999989
"2049","LO","ELC","S11","ATX",0.132059999999989
"2049","LO","ELC","S12","ATX",0.132059999999989
"2049","LO","ELC","S13","ATX",0.132059999999989
"2049","LO","ELC","S14","ATX",0.132059999999989
"2049","LO","ELC","S15","ATX",0.132059999999989
"2049","LO","ELC","S16","ATX",0.132059999999989
"2049","LO","ELC","S17","ATX",0.132059999999989
"2049","LO","ELC","S18","ATX",0.132059999999989
"2049","LO","ELC","S19","ATX",0.132059999999989
"2049","LO","ELC","S20","ATX",0.132059999999989
"2049","LO","ELC","S21","ATX",0.132059999999989
"2049","LO","ELC","S22","ATX",0.132059999999989
"2049","LO","ELC","S23","ATX",0.132059999999989
"2049","LO","ELC","S24","ATX",0.132059999999989
"2049","MED","ELC","W1","ATX",0.12637999999999
"2049","MED","ELC","W2","ATX",0.12637999999999
"2049","MED","ELC","W3","ATX",0.12637999999999
"2049","MED","ELC","W4","ATX",0.12637999999999
"2049","MED","ELC","W5","ATX",0.12637999999999
"2049","MED","ELC","W6","ATX",0.12637999999999
"2049","MED","ELC","W7","ATX",0.12637999999999
"2049","MED","ELC","W8","ATX",0.12637999999999
"2049","MED","ELC","W9","ATX",0.12637999999999
"2049","MED","ELC","W10","ATX",0.12637999999999
"2049","MED","ELC","W11","ATX",0.12637999999999
"2049","MED","ELC","W12","ATX",0.12637999999999
"2049","MED","ELC","W13","ATX",0.12637999999999
"2049","MED","ELC","W14","ATX",0.12637999999999
"2049","MED","ELC","W15","ATX",0.12637999999999
"2049","MED","ELC","W16","ATX",0.12637999999999
"2049","MED","ELC","W17","ATX",0.12637999999999
"2049","MED","ELC","W18","ATX",0.12637999999999
"2049","MED","ELC","W19","ATX",0.12637999999999
"2049","MED","ELC","W20","ATX",0.12637999999999
"2049","MED","ELC","W21","ATX",0.12637999999999
"2049","MED","ELC","W22","ATX",0.12637999999999
"2049","MED","ELC","W23","ATX",0.12637999999999
"2049","MED","ELC","W24","ATX",0.12637999999999
"2049","MED","ELC","SF1","ATX",0.259859999999979
"2049","MED","ELC","SF2","ATX",0.259859999999979
"2049","MED","ELC","SF3","ATX",0.259859999999979
"2049","MED","ELC","SF4","ATX",0.259859999999979
"2049","MED","ELC","SF5","ATX",0.259859999999979
"2049","MED","ELC","SF6","ATX",0.259859999999979
"2049","MED","ELC","SF7","ATX",0.259859999999979
"2049","MED","ELC","SF8","ATX",0.259859999999979
"2049","MED","ELC","SF9","ATX",0.259859999999979
"2049","MED","ELC","SF10","ATX",0.259859999999979
"2049","MED","ELC","SF11","ATX",0.259859999999979
"2049","MED","ELC","SF12","ATX",0.259859999999979
"2049","MED","ELC","SF13","ATX",0.259859999999979
"2049","MED","ELC","SF14","ATX",0.259859999999979
"2049","MED","ELC","SF15","ATX",0.259859999999979
"2049","MED","ELC","SF16","ATX",0.259859999999979
"2049","MED","ELC","SF17","ATX",0.259859999999979
"2049","MED","ELC","SF18","ATX",0.259859999999979
"2049","MED","ELC","SF19","ATX",0.259859999999979
"2049","MED","ELC","SF20","ATX",0.259859999999979
"2049","MED","ELC","SF21","ATX",0.259859999999979
"2049","MED","ELC","SF22","ATX",0.259859999999979
"2049","MED","ELC","SF23","ATX",0.259859999999979
"2049","MED","ELC","SF24","ATX",0.259859999999979
"2049","MED","ELC","S1","ATX",0.132059999999989
"2049","MED","ELC","S2","ATX",0.132059999999989
"2049","MED","ELC","S3","ATX",0.132059999999989
"2049","MED","ELC","S4","ATX",0.132059999999989
"2049","MED","ELC","S5","ATX",0.132059999999989
"2049","MED","ELC","S6","ATX",0.132059999999989
"2049","MED","ELC","S7","ATX",0.132059999999989
"2049","MED","ELC","S8","ATX",0.132059999999989
"2049","MED","ELC","S9","ATX",0.132059999999989
"2049","MED","ELC","S10","ATX",0.132059999999989
"2049","MED","ELC","S11","ATX",0.132059999999989
"2049","MED","ELC","S12","ATX",0.132059999999989
"2049","MED","ELC","S13","ATX",0.132059999999989
"2049","MED","ELC","S14","ATX",0.132059999999989
"2049","MED","ELC","S15","ATX",0.132059999999989
"2049","MED","ELC","S16","ATX",0.132059999999989
"2049","MED","ELC","S17","ATX",0.132059999999989
"2049","MED","ELC","S18","ATX",0.132059999999989
"2049","MED","ELC","S19","ATX",0.132059999999989
"2049","MED","ELC","S20","ATX",0.132059999999989
"2049","MED","ELC","S21","ATX",0.132059999999989
"2049","MED","ELC","S22","ATX",0.132059999999989
"2049","MED","ELC","S23","ATX",0.132059999999989
"2049","MED","ELC","S24","ATX",0.132059999999989
"2049","HI","ELC","W1","ATX",0.12637999999999
"2049","HI","ELC","W2","ATX",0.12637999999999
"2049","HI","ELC","W3","ATX",0.12637999999999
"2049","HI","ELC","W4","ATX",0.12637999999999
"2049","HI","ELC","W5","ATX",0.12637999999999
"2049","HI","ELC","W6","ATX",0.12637999999999
"2049","HI","ELC","W7","ATX",0.12637999999999
"2049","HI","ELC","W8","ATX",0.12637999999999
"2049","HI","ELC","W9","ATX",0.12637999999999
"2049","HI","ELC","W10","ATX",0.12637999999999
"2049","HI","ELC","W11","ATX",0.12637999999999
"2049","HI","ELC","W12","ATX",0.12637999999999
"2049","HI","ELC","W13","ATX",0.12637999999999
"2049","HI","ELC","W14","ATX",0.12637999999999
"2049","HI","ELC","W15","ATX",0.12637999999999
"2049","HI","ELC","W16","ATX",0.12637999999999
"2049","HI","ELC","W17","ATX",0.12637999999999
"2049","HI","ELC","W18","ATX",0.12637999999999
"2049","HI","ELC","W19","ATX",0.12637999999999
"2049","HI","ELC","W20","ATX",0.12637999999999
"2049","HI","ELC","W21","ATX",0.12637999999999
"2049","HI","ELC","W22","ATX",0.12637999999999
"2049","HI","ELC","W23","ATX",0.12637999999999
"2049","HI","ELC","W24","ATX",0.12637999999999
"2049","HI","ELC","SF1","ATX",0.259859999999979
"2049","HI","ELC","SF2","ATX",0.259859999999979
"2049","HI","ELC","SF3","ATX",0.259859999999979
"2049","HI","ELC","SF4","ATX",0.259859999999979
"2049","HI","ELC","SF5","ATX",0.259859999999979
"2049","HI","ELC","SF6","ATX",0.259859999999979
"2049","HI","ELC","SF7","ATX",0.259859999999979
"2049","HI","ELC","SF8","ATX",0.259859999999979
"2049","HI","ELC","SF9","ATX",0.259859999999979
"2049","HI","ELC","SF10","ATX",0.259859999999979
"2049","HI","ELC","SF11","ATX",0.259859999999979
"2049","HI","ELC","SF12","ATX",0.259859999999979
"2049","HI","ELC","SF13","ATX",0.259859999999979
"2049","HI","ELC","SF14","ATX",0.259859999999979
"2049","HI","ELC","SF15","ATX",0.259859999999979
"2049","HI","ELC","SF16","ATX",0.259859999999979
"2049","HI","ELC","SF17","ATX",0.259859999999979
"2049","HI","ELC","SF18","ATX",0.259859999999979
"2049","HI","ELC","SF19","ATX",0.259859999999979
"2049","HI","ELC","SF20","ATX",0.259859999999979
"2049","HI","ELC","SF21","ATX",0.259859999999979
"2049","HI","ELC","SF22","ATX",0.259859999999979
"2049","HI","ELC","SF23","ATX",0.259859999999979
"2049","HI","ELC","SF24","ATX",0.259859999999979
"2049","HI","ELC","S1","ATX",0.132059999999989
"2049","HI","ELC","S2","ATX",0.132059999999989
"2049","HI","ELC","S3","ATX",0.132059999999989
"2049","HI","ELC","S4","ATX",0.132059999999989
"2049","HI","ELC","S5","ATX",0.132059999999989
"2049","HI","ELC","S6","ATX",0.132059999999989
"2049","HI","ELC","S7","ATX",0.132059999999989
"2049","HI","ELC","S8","ATX",0.132059999999989
"2049","HI","ELC","S9","ATX",0.132059999999989
"2049","HI","ELC","S10","ATX",0.132059999999989
"2049","HI","ELC","S11","ATX",0.132059999999989
"2049","HI","ELC","S12","ATX",0.132059999999989
"2049","HI","ELC","S13","ATX",0.132059999999989
"2049","HI","ELC","S14","ATX",0.132059999999989
"2049","HI","ELC","S15","ATX",0.132059999999989
"2049","HI","ELC","S16","ATX",0.132059999999989
"2049","HI","ELC","S17","ATX",0.132059999999989
"2049","HI","ELC","S18","ATX",0.132059999999989
"2049","HI","ELC","S19","ATX",0.132059999999989
"2049","HI","ELC","S20","ATX",0.132059999999989
"2049","HI","ELC","S21","ATX",0.132059999999989
"2049","HI","ELC","S22","ATX",0.132059999999989
"2049","HI","ELC","S23","ATX",0.132059999999989
"2049","HI","ELC","S24","ATX",0.132059999999989
"2050","LO","ELC","W1","ATX",0.12815999999999
"2050","LO","ELC","W2","ATX",0.12815999999999
"2050","LO","ELC","W3","ATX",0.12815999999999
"2050","LO","ELC","W4","ATX",0.12815999999999
"2050","LO","ELC","W5","ATX",0.12815999999999
"2050","LO","ELC","W6","ATX",0.12815999999999
"2050","LO","ELC","W7","ATX",0.12815999999999
"2050","LO","ELC","W8","ATX",0.12815999999999
"2050","LO","ELC","W9","ATX",0.12815999999999
"2050","LO","ELC","W10","ATX",0.12815999999999
"2050","LO","ELC","W11","ATX",0.12815999999999
"2050","LO","ELC","W12","ATX",0.12815999999999
"2050","LO","ELC","W13","ATX",0.12815999999999
"2050","LO","ELC","W14","ATX",0.12815999999999
"2050","LO","ELC","W15","ATX",0.12815999999999
"2050","LO","ELC","W16","ATX",0.12815999999999
"2050","LO","ELC","W17","ATX",0.12815999999999
"2050","LO","ELC","W18","ATX",0.12815999999999
"2050","LO","ELC","W19","ATX",0.12815999999999
"2050","LO","ELC","W20","ATX",0.12815999999999
"2050","LO","ELC","W21","ATX",0.12815999999999
"2050","LO","ELC","W22","ATX",0.12815999999999
"2050","LO","ELC","W23","ATX",0.12815999999999
"2050","LO","ELC","W24","ATX",0.12815999999999
"2050","LO","ELC","SF1","ATX",0.263519999999979
"2050","LO","ELC","SF2","ATX",0.263519999999979
"2050","LO","ELC","SF3","ATX",0.263519999999979
"2050","LO","ELC","SF4","ATX",0.263519999999979
"2050","LO","ELC","SF5","ATX",0.263519999999979
"2050","LO","ELC","SF6","ATX",0.263519999999979
"2050","LO","ELC","SF7","ATX",0.263519999999979
"2050","LO","ELC","SF8","ATX",0.263519999999979
"2050","LO","ELC","SF9","ATX",0.263519999999979
"2050","LO","ELC","SF10","ATX",0.263519999999979
"2050","LO","ELC","SF11","ATX",0.263519999999979
"2050","LO","ELC","SF12","ATX",0.263519999999979
"2050","LO","ELC","SF13","ATX",0.263519999999979
"2050","LO","ELC","SF14","ATX",0.263519999999979
"2050","LO","ELC","SF15","ATX",0.263519999999979
"2050","LO","ELC","SF16","ATX",0.263519999999979
"2050","LO","ELC","SF17","ATX",0.263519999999979
"2050","LO","ELC","SF18","ATX",0.263519999999979
"2050","LO","ELC","SF19","ATX",0.263519999999979
"2050","LO","ELC","SF20","ATX",0.263519999999979
"2050","LO","ELC","SF21","ATX",0.263519999999979
"2050","LO","ELC","SF22","ATX",0.263519999999979
"2050","LO","ELC","SF23","ATX",0.263519999999979
"2050","LO","ELC","SF24","ATX",0.263519999999979
"2050","LO","ELC","S1","ATX",0.133919999999989
"2050","LO","ELC","S2","ATX",0.133919999999989
"2050","LO","ELC","S3","ATX",0.133919999999989
"2050","LO","ELC","S4","ATX",0.133919999999989
"2050","LO","ELC","S5","ATX",0.133919999999989
"2050","LO","ELC","S6","ATX",0.133919999999989
"2050","LO","ELC","S7","ATX",0.133919999999989
"2050","LO","ELC","S8","ATX",0.133919999999989
"2050","LO","ELC","S9","ATX",0.133919999999989
"2050","LO","ELC","S10","ATX",0.133919999999989
"2050","LO","ELC","S11","ATX",0.133919999999989
"2050","LO","ELC","S12","ATX",0.133919999999989
"2050","LO","ELC","S13","ATX",0.133919999999989
"2050","LO","ELC","S14","ATX",0.133919999999989
"2050","LO","ELC","S15","ATX",0.133919999999989
"2050","LO","ELC","S16","ATX",0.133919999999989
"2050","LO","ELC","S17","ATX",0.133919999999989
"2050","LO","ELC","S18","ATX",0.133919999999989
"2050","LO","ELC","S19","ATX",0.133919999999989
"2050","LO","ELC","S20","ATX",0.133919999999989
"2050","LO","ELC","S21","ATX",0.133919999999989
"2050","LO","ELC","S22","ATX",0.133919999999989
"2050","LO","ELC","S23","ATX",0.133919999999989
"2050","LO","ELC","S24","ATX",0.133919999999989
"2050","MED","ELC","W1","ATX",0.12815999999999
"2050","MED","ELC","W2","ATX",0.12815999999999
"2050","MED","ELC","W3","ATX",0.12815999999999
"2050","MED","ELC","W4","ATX",0.12815999999999
"2050","MED","ELC","W5","ATX",0.12815999999999
"2050","MED","ELC","W6","ATX",0.12815999999999
"2050","MED","ELC","W7","ATX",0.12815999999999
"2050","MED","ELC","W8","ATX",0.12815999999999
"2050","MED","ELC","W9","ATX",0.12815999999999
"2050","MED","ELC","W10","ATX",0.12815999999999
"2050","MED","ELC","W11","ATX",0.12815999999999
"2050","MED","ELC","W12","ATX",0.12815999999999
"2050","MED","ELC","W13","ATX",0.12815999999999
"2050","MED","ELC","W14","ATX",0.12815999999999
"2050","MED","ELC","W15","ATX",0.12815999999999
"2050","MED","ELC","W16","ATX",0.12815999999999
"2050","MED","ELC","W17","ATX",0.12815999999999
"2050","MED","ELC","W18","ATX",0.12815999999999
"2050","MED","ELC","W19","ATX",0.12815999999999
"2050","MED","ELC","W20","ATX",0.12815999999999
"2050","MED","ELC","W21","ATX",0.12815999999999
"2050","MED","ELC","W22","ATX",0.12815999999999
"2050","MED","ELC","W23","ATX",0.12815999999999
"2050","MED","ELC","W24","ATX",0.12815999999999
"2050","MED","ELC","SF1","ATX",0.263519999999979
"2050","MED","ELC","SF2","ATX",0.263519999999979
"2050","MED","ELC","SF3","ATX",0.263519999999979
"2050","MED","ELC","SF4","ATX",0.263519999999979
"2050","MED","ELC","SF5","ATX",0.263519999999979
"2050","MED","ELC","SF6","ATX",0.263519999999979
"2050","MED","ELC","SF7","ATX",0.263519999999979
"2050","MED","ELC","SF8","ATX",0.263519999999979
"2050","MED","ELC","SF9","ATX",0.263519999999979
"2050","MED","ELC","SF10","ATX",0.263519999999979
"2050","MED","ELC","SF11","ATX",0.263519999999979
"2050","MED","ELC","SF12","ATX",0.263519999999979
"2050","MED","ELC","SF13","ATX",0.263519999999979
"2050","MED","ELC","SF14","ATX",0.263519999999979
"2050","MED","ELC","SF15","ATX",0.263519999999979
"2050","MED","ELC","SF16","ATX",0.263519999999979
"2050","MED","ELC","SF17","ATX",0.263519999999979
"2050","MED","ELC","SF18","ATX",0.263519999999979
"2050","MED","ELC","SF19","ATX",0.263519999999979
"2050","MED","ELC","SF20","ATX",0.263519999999979
"2050","MED","ELC","SF21","ATX",0.263519999999979
"2050","MED","ELC","SF22","ATX",0.263519999999979
"2050","MED","ELC","SF23","ATX",0.263519999999979
"2050","MED","ELC","SF24","ATX",0.263519999999979
"2050","MED","ELC","S1","ATX",0.133919999999989
"2050","MED","ELC","S2","ATX",0.133919999999989
"2050","MED","ELC","S3","ATX",0.133919999999989
"2050","MED","ELC","S4","ATX",0.133919999999989
"2050","MED","ELC","S5","ATX",0.133919999999989
"2050","MED","ELC","S6","ATX",0.133919999999989
"2050","MED","ELC","S7","ATX",0.133919999999989
"2050","MED","ELC","S8","ATX",0.133919999999989
"2050","MED","ELC","S9","ATX",0.133919999999989
"2050","MED","ELC","S10","ATX",0.133919999999989
"2050","MED","ELC","S11","ATX",0.133919999999989
"2050","MED","ELC","S12","ATX",0.133919999999989
"2050","MED","ELC","S13","ATX",0.133919999999989
"2050","MED","ELC","S14","ATX",0.133919999999989
"2050","MED","ELC","S15","ATX",0.133919999999989
"2050","MED","ELC","S16","ATX",0.133919999999989
"2050","MED","ELC","S17","ATX",0.133919999999989
"2050","MED","ELC","S18","ATX",0.133919999999989
"2050","MED","ELC","S19","ATX",0.133919999999989
"2050","MED","ELC","S20","ATX",0.133919999999989
"2050","MED","ELC","S21","ATX",0.133919999999989
"2050","MED","ELC","S22","ATX",0.133919999999989
"2050","MED","ELC","S23","ATX",0.133919999999989
"2050","MED","ELC","S24","ATX",0.133919999999989
"2050","HI","ELC","W1","ATX",0.12815999999999
"2050","HI","ELC","W2","ATX",0.12815999999999
"2050","HI","ELC","W3","ATX",0.12815999999999
"2050","HI","ELC","W4","ATX",0.12815999999999
"2050","HI","ELC","W5","ATX",0.12815999999999
"2050","HI","ELC","W6","ATX",0.12815999999999
"2050","HI","ELC","W7","ATX",0.12815999999999
"2050","HI","ELC","W8","ATX",0.12815999999999
"2050","HI","ELC","W9","ATX",0.12815999999999
"2050","HI","ELC","W10","ATX",0.12815999999999
"2050","HI","ELC","W11","ATX",0.12815999999999
"2050","HI","ELC","W12","ATX",0.12815999999999
"2050","HI","ELC","W13","ATX",0.12815999999999
"2050","HI","ELC","W14","ATX",0.12815999999999
"2050","HI","ELC","W15","ATX",0.12815999999999
"2050","HI","ELC","W16","ATX",0.12815999999999
"2050","HI","ELC","W17","ATX",0.12815999999999
"2050","HI","ELC","W18","ATX",0.12815999999999
"2050","HI","ELC","W19","ATX",0.12815999999999
"2050","HI","ELC","W20","ATX",0.12815999999999
"2050","HI","ELC","W21","ATX",0.12815999999999
"2050","HI","ELC","W22","ATX",0.12815999999999
"2050","HI","ELC","W23","ATX",0.12815999999999
"2050","HI","ELC","W24","ATX",0.12815999999999
"2050","HI","ELC","SF1","ATX",0.263519999999979
"2050","HI","ELC","SF2","ATX",0.263519999999979
"2050","HI","ELC","SF3","ATX",0.263519999999979
"2050","HI","ELC","SF4","ATX",0.263519999999979
"2050","HI","ELC","SF5","ATX",0.263519999999979
"2050","HI","ELC","SF6","ATX",0.263519999999979
"2050","HI","ELC","SF7","ATX",0.263519999999979
"2050","HI","ELC","SF8","ATX",0.263519999999979
"2050","HI","ELC","SF9","ATX",0.263519999999979
"2050","HI","ELC","SF10","ATX",0.263519999999979
"2050","HI","ELC","SF11","ATX",0.263519999999979
"2050","HI","ELC","SF12","ATX",0.263519999999979
"2050","HI","ELC","SF13","ATX",0.263519999999979
"2050","HI","ELC","SF14","ATX",0.263519999999979
"2050","HI","ELC","SF15","ATX",0.263519999999979
"2050","HI","ELC","SF16","ATX",0.263519999999979
"2050","HI","ELC","SF17","ATX",0.263519999999979
"2050","HI","ELC","SF18","ATX",0.263519999999979
"2050","HI","ELC","SF19","ATX",0.263519999999979
"2050","HI","ELC","SF20","ATX",0.263519999999979
"2050","HI","ELC","SF21","ATX",0.263519999999979
"2050","HI","ELC","SF22","ATX",0.263519999999979
"2050","HI","ELC","SF23","ATX",0.263519999999979
"2050","HI","ELC","SF24","ATX",0.263519999999979
"2050","HI","ELC","S1","ATX",0.133919999999989
"2050","HI","ELC","S2","ATX",0.133919999999989
"2050","HI","ELC","S3","ATX",0.133919999999989
"2050","HI","ELC","S4","ATX",0.133919999999989
"2050","HI","ELC","S5","ATX",0.133919999999989
"2050","HI","ELC","S6","ATX",0.133919999999989
"2050","HI","ELC","S7","ATX",0.133919999999989
"2050","HI","ELC","S8","ATX",0.133919999999989
"2050","HI","ELC","S9","ATX",0.133919999999989
"2050","HI","ELC","S10","ATX",0.133919999999989
"2050","HI","ELC","S11","ATX",0.133919999999989
"2050","HI","ELC","S12","ATX",0.133919999999989
"2050","HI","ELC","S13","ATX",0.133919999999989
"2050","HI","ELC","S14","ATX",0.133919999999989
"2050","HI","ELC","S15","ATX",0.133919999999989
"2050","HI","ELC","S16","ATX",0.133919999999989
"2050","HI","ELC","S17","ATX",0.133919999999989
"2050","HI","ELC","S18","ATX",0.133919999999989
"2050","HI","ELC","S19","ATX",0.133919999999989
"2050","HI","ELC","S20","ATX",0.133919999999989
"2050","HI","ELC","S21","ATX",0.133919999999989
"2050","HI","ELC","S22","ATX",0.133919999999989
"2050","HI","ELC","S23","ATX",0.133919999999989
"2050","HI","ELC","S24","ATX",0.133919999999989
