"REGION","FUEL","TIMESLICE","YEAR","Val"
"ATX","ELC","W1","2015",0.00881209077445789
"ATX","ELC","W1","2016",0.00881209077445789
"ATX","ELC","W1","2017",0.00881209077445789
"ATX","ELC","W1","2018",0.00881209077445789
"ATX","ELC","W1","2019",0.00881209077445789
"ATX","ELC","W1","2020",0.00881209077445789
"ATX","ELC","W1","2021",0.00881209077445789
"ATX","ELC","W1","2022",0.00881209077445789
"ATX","ELC","W1","2023",0.00881209077445789
"ATX","ELC","W1","2024",0.00881209077445789
"ATX","ELC","W1","2025",0.00881209077445789
"ATX","ELC","W1","2026",0.00881209077445789
"ATX","ELC","W1","2027",0.00881209077445789
"ATX","ELC","W1","2028",0.00881209077445789
"ATX","ELC","W1","2029",0.00881209077445789
"ATX","ELC","W1","2030",0.00881209077445789
"ATX","ELC","W1","2031",0.00881209077445789
"ATX","ELC","W1","2032",0.00881209077445789
"ATX","ELC","W1","2033",0.00881209077445789
"ATX","ELC","W1","2034",0.00881209077445789
"ATX","ELC","W1","2035",0.00881209077445789
"ATX","ELC","W1","2036",0.00881209077445789
"ATX","ELC","W1","2037",0.00881209077445789
"ATX","ELC","W1","2038",0.00881209077445789
"ATX","ELC","W1","2039",0.00881209077445789
"ATX","ELC","W1","2040",0.00881209077445789
"ATX","ELC","W1","2041",0.00881209077445789
"ATX","ELC","W1","2042",0.00881209077445789
"ATX","ELC","W1","2043",0.00881209077445789
"ATX","ELC","W1","2044",0.00881209077445789
"ATX","ELC","W1","2045",0.00881209077445789
"ATX","ELC","W1","2046",0.00881209077445789
"ATX","ELC","W1","2047",0.00881209077445789
"ATX","ELC","W1","2048",0.00881209077445789
"ATX","ELC","W1","2049",0.00881209077445789
"ATX","ELC","W1","2050",0.00881209077445789
"ATX","ELC","W2","2015",0.00841409137009381
"ATX","ELC","W2","2016",0.00841409137009381
"ATX","ELC","W2","2017",0.00841409137009381
"ATX","ELC","W2","2018",0.00841409137009381
"ATX","ELC","W2","2019",0.00841409137009381
"ATX","ELC","W2","2020",0.00841409137009381
"ATX","ELC","W2","2021",0.00841409137009381
"ATX","ELC","W2","2022",0.00841409137009381
"ATX","ELC","W2","2023",0.00841409137009381
"ATX","ELC","W2","2024",0.00841409137009381
"ATX","ELC","W2","2025",0.00841409137009381
"ATX","ELC","W2","2026",0.00841409137009381
"ATX","ELC","W2","2027",0.00841409137009381
"ATX","ELC","W2","2028",0.00841409137009381
"ATX","ELC","W2","2029",0.00841409137009381
"ATX","ELC","W2","2030",0.00841409137009381
"ATX","ELC","W2","2031",0.00841409137009381
"ATX","ELC","W2","2032",0.00841409137009381
"ATX","ELC","W2","2033",0.00841409137009381
"ATX","ELC","W2","2034",0.00841409137009381
"ATX","ELC","W2","2035",0.00841409137009381
"ATX","ELC","W2","2036",0.00841409137009381
"ATX","ELC","W2","2037",0.00841409137009381
"ATX","ELC","W2","2038",0.00841409137009381
"ATX","ELC","W2","2039",0.00841409137009381
"ATX","ELC","W2","2040",0.00841409137009381
"ATX","ELC","W2","2041",0.00841409137009381
"ATX","ELC","W2","2042",0.00841409137009381
"ATX","ELC","W2","2043",0.00841409137009381
"ATX","ELC","W2","2044",0.00841409137009381
"ATX","ELC","W2","2045",0.00841409137009381
"ATX","ELC","W2","2046",0.00841409137009381
"ATX","ELC","W2","2047",0.00841409137009381
"ATX","ELC","W2","2048",0.00841409137009381
"ATX","ELC","W2","2049",0.00841409137009381
"ATX","ELC","W2","2050",0.00841409137009381
"ATX","ELC","W3","2015",0.00820311433283876
"ATX","ELC","W3","2016",0.00820311433283876
"ATX","ELC","W3","2017",0.00820311433283876
"ATX","ELC","W3","2018",0.00820311433283876
"ATX","ELC","W3","2019",0.00820311433283876
"ATX","ELC","W3","2020",0.00820311433283876
"ATX","ELC","W3","2021",0.00820311433283876
"ATX","ELC","W3","2022",0.00820311433283876
"ATX","ELC","W3","2023",0.00820311433283876
"ATX","ELC","W3","2024",0.00820311433283876
"ATX","ELC","W3","2025",0.00820311433283876
"ATX","ELC","W3","2026",0.00820311433283876
"ATX","ELC","W3","2027",0.00820311433283876
"ATX","ELC","W3","2028",0.00820311433283876
"ATX","ELC","W3","2029",0.00820311433283876
"ATX","ELC","W3","2030",0.00820311433283876
"ATX","ELC","W3","2031",0.00820311433283876
"ATX","ELC","W3","2032",0.00820311433283876
"ATX","ELC","W3","2033",0.00820311433283876
"ATX","ELC","W3","2034",0.00820311433283876
"ATX","ELC","W3","2035",0.00820311433283876
"ATX","ELC","W3","2036",0.00820311433283876
"ATX","ELC","W3","2037",0.00820311433283876
"ATX","ELC","W3","2038",0.00820311433283876
"ATX","ELC","W3","2039",0.00820311433283876
"ATX","ELC","W3","2040",0.00820311433283876
"ATX","ELC","W3","2041",0.00820311433283876
"ATX","ELC","W3","2042",0.00820311433283876
"ATX","ELC","W3","2043",0.00820311433283876
"ATX","ELC","W3","2044",0.00820311433283876
"ATX","ELC","W3","2045",0.00820311433283876
"ATX","ELC","W3","2046",0.00820311433283876
"ATX","ELC","W3","2047",0.00820311433283876
"ATX","ELC","W3","2048",0.00820311433283876
"ATX","ELC","W3","2049",0.00820311433283876
"ATX","ELC","W3","2050",0.00820311433283876
"ATX","ELC","W4","2015",0.0081269159814074
"ATX","ELC","W4","2016",0.0081269159814074
"ATX","ELC","W4","2017",0.0081269159814074
"ATX","ELC","W4","2018",0.0081269159814074
"ATX","ELC","W4","2019",0.0081269159814074
"ATX","ELC","W4","2020",0.0081269159814074
"ATX","ELC","W4","2021",0.0081269159814074
"ATX","ELC","W4","2022",0.0081269159814074
"ATX","ELC","W4","2023",0.0081269159814074
"ATX","ELC","W4","2024",0.0081269159814074
"ATX","ELC","W4","2025",0.0081269159814074
"ATX","ELC","W4","2026",0.0081269159814074
"ATX","ELC","W4","2027",0.0081269159814074
"ATX","ELC","W4","2028",0.0081269159814074
"ATX","ELC","W4","2029",0.0081269159814074
"ATX","ELC","W4","2030",0.0081269159814074
"ATX","ELC","W4","2031",0.0081269159814074
"ATX","ELC","W4","2032",0.0081269159814074
"ATX","ELC","W4","2033",0.0081269159814074
"ATX","ELC","W4","2034",0.0081269159814074
"ATX","ELC","W4","2035",0.0081269159814074
"ATX","ELC","W4","2036",0.0081269159814074
"ATX","ELC","W4","2037",0.0081269159814074
"ATX","ELC","W4","2038",0.0081269159814074
"ATX","ELC","W4","2039",0.0081269159814074
"ATX","ELC","W4","2040",0.0081269159814074
"ATX","ELC","W4","2041",0.0081269159814074
"ATX","ELC","W4","2042",0.0081269159814074
"ATX","ELC","W4","2043",0.0081269159814074
"ATX","ELC","W4","2044",0.0081269159814074
"ATX","ELC","W4","2045",0.0081269159814074
"ATX","ELC","W4","2046",0.0081269159814074
"ATX","ELC","W4","2047",0.0081269159814074
"ATX","ELC","W4","2048",0.0081269159814074
"ATX","ELC","W4","2049",0.0081269159814074
"ATX","ELC","W4","2050",0.0081269159814074
"ATX","ELC","W5","2015",0.00818805296206696
"ATX","ELC","W5","2016",0.00818805296206696
"ATX","ELC","W5","2017",0.00818805296206696
"ATX","ELC","W5","2018",0.00818805296206696
"ATX","ELC","W5","2019",0.00818805296206696
"ATX","ELC","W5","2020",0.00818805296206696
"ATX","ELC","W5","2021",0.00818805296206696
"ATX","ELC","W5","2022",0.00818805296206696
"ATX","ELC","W5","2023",0.00818805296206696
"ATX","ELC","W5","2024",0.00818805296206696
"ATX","ELC","W5","2025",0.00818805296206696
"ATX","ELC","W5","2026",0.00818805296206696
"ATX","ELC","W5","2027",0.00818805296206696
"ATX","ELC","W5","2028",0.00818805296206696
"ATX","ELC","W5","2029",0.00818805296206696
"ATX","ELC","W5","2030",0.00818805296206696
"ATX","ELC","W5","2031",0.00818805296206696
"ATX","ELC","W5","2032",0.00818805296206696
"ATX","ELC","W5","2033",0.00818805296206696
"ATX","ELC","W5","2034",0.00818805296206696
"ATX","ELC","W5","2035",0.00818805296206696
"ATX","ELC","W5","2036",0.00818805296206696
"ATX","ELC","W5","2037",0.00818805296206696
"ATX","ELC","W5","2038",0.00818805296206696
"ATX","ELC","W5","2039",0.00818805296206696
"ATX","ELC","W5","2040",0.00818805296206696
"ATX","ELC","W5","2041",0.00818805296206696
"ATX","ELC","W5","2042",0.00818805296206696
"ATX","ELC","W5","2043",0.00818805296206696
"ATX","ELC","W5","2044",0.00818805296206696
"ATX","ELC","W5","2045",0.00818805296206696
"ATX","ELC","W5","2046",0.00818805296206696
"ATX","ELC","W5","2047",0.00818805296206696
"ATX","ELC","W5","2048",0.00818805296206696
"ATX","ELC","W5","2049",0.00818805296206696
"ATX","ELC","W5","2050",0.00818805296206696
"ATX","ELC","W6","2015",0.00844855621354717
"ATX","ELC","W6","2016",0.00844855621354717
"ATX","ELC","W6","2017",0.00844855621354717
"ATX","ELC","W6","2018",0.00844855621354717
"ATX","ELC","W6","2019",0.00844855621354717
"ATX","ELC","W6","2020",0.00844855621354717
"ATX","ELC","W6","2021",0.00844855621354717
"ATX","ELC","W6","2022",0.00844855621354717
"ATX","ELC","W6","2023",0.00844855621354717
"ATX","ELC","W6","2024",0.00844855621354717
"ATX","ELC","W6","2025",0.00844855621354717
"ATX","ELC","W6","2026",0.00844855621354717
"ATX","ELC","W6","2027",0.00844855621354717
"ATX","ELC","W6","2028",0.00844855621354717
"ATX","ELC","W6","2029",0.00844855621354717
"ATX","ELC","W6","2030",0.00844855621354717
"ATX","ELC","W6","2031",0.00844855621354717
"ATX","ELC","W6","2032",0.00844855621354717
"ATX","ELC","W6","2033",0.00844855621354717
"ATX","ELC","W6","2034",0.00844855621354717
"ATX","ELC","W6","2035",0.00844855621354717
"ATX","ELC","W6","2036",0.00844855621354717
"ATX","ELC","W6","2037",0.00844855621354717
"ATX","ELC","W6","2038",0.00844855621354717
"ATX","ELC","W6","2039",0.00844855621354717
"ATX","ELC","W6","2040",0.00844855621354717
"ATX","ELC","W6","2041",0.00844855621354717
"ATX","ELC","W6","2042",0.00844855621354717
"ATX","ELC","W6","2043",0.00844855621354717
"ATX","ELC","W6","2044",0.00844855621354717
"ATX","ELC","W6","2045",0.00844855621354717
"ATX","ELC","W6","2046",0.00844855621354717
"ATX","ELC","W6","2047",0.00844855621354717
"ATX","ELC","W6","2048",0.00844855621354717
"ATX","ELC","W6","2049",0.00844855621354717
"ATX","ELC","W6","2050",0.00844855621354717
"ATX","ELC","W7","2015",0.00911006750907696
"ATX","ELC","W7","2016",0.00911006750907696
"ATX","ELC","W7","2017",0.00911006750907696
"ATX","ELC","W7","2018",0.00911006750907696
"ATX","ELC","W7","2019",0.00911006750907696
"ATX","ELC","W7","2020",0.00911006750907696
"ATX","ELC","W7","2021",0.00911006750907696
"ATX","ELC","W7","2022",0.00911006750907696
"ATX","ELC","W7","2023",0.00911006750907696
"ATX","ELC","W7","2024",0.00911006750907696
"ATX","ELC","W7","2025",0.00911006750907696
"ATX","ELC","W7","2026",0.00911006750907696
"ATX","ELC","W7","2027",0.00911006750907696
"ATX","ELC","W7","2028",0.00911006750907696
"ATX","ELC","W7","2029",0.00911006750907696
"ATX","ELC","W7","2030",0.00911006750907696
"ATX","ELC","W7","2031",0.00911006750907696
"ATX","ELC","W7","2032",0.00911006750907696
"ATX","ELC","W7","2033",0.00911006750907696
"ATX","ELC","W7","2034",0.00911006750907696
"ATX","ELC","W7","2035",0.00911006750907696
"ATX","ELC","W7","2036",0.00911006750907696
"ATX","ELC","W7","2037",0.00911006750907696
"ATX","ELC","W7","2038",0.00911006750907696
"ATX","ELC","W7","2039",0.00911006750907696
"ATX","ELC","W7","2040",0.00911006750907696
"ATX","ELC","W7","2041",0.00911006750907696
"ATX","ELC","W7","2042",0.00911006750907696
"ATX","ELC","W7","2043",0.00911006750907696
"ATX","ELC","W7","2044",0.00911006750907696
"ATX","ELC","W7","2045",0.00911006750907696
"ATX","ELC","W7","2046",0.00911006750907696
"ATX","ELC","W7","2047",0.00911006750907696
"ATX","ELC","W7","2048",0.00911006750907696
"ATX","ELC","W7","2049",0.00911006750907696
"ATX","ELC","W7","2050",0.00911006750907696
"ATX","ELC","W8","2015",0.0100995362108464
"ATX","ELC","W8","2016",0.0100995362108464
"ATX","ELC","W8","2017",0.0100995362108464
"ATX","ELC","W8","2018",0.0100995362108464
"ATX","ELC","W8","2019",0.0100995362108464
"ATX","ELC","W8","2020",0.0100995362108464
"ATX","ELC","W8","2021",0.0100995362108464
"ATX","ELC","W8","2022",0.0100995362108464
"ATX","ELC","W8","2023",0.0100995362108464
"ATX","ELC","W8","2024",0.0100995362108464
"ATX","ELC","W8","2025",0.0100995362108464
"ATX","ELC","W8","2026",0.0100995362108464
"ATX","ELC","W8","2027",0.0100995362108464
"ATX","ELC","W8","2028",0.0100995362108464
"ATX","ELC","W8","2029",0.0100995362108464
"ATX","ELC","W8","2030",0.0100995362108464
"ATX","ELC","W8","2031",0.0100995362108464
"ATX","ELC","W8","2032",0.0100995362108464
"ATX","ELC","W8","2033",0.0100995362108464
"ATX","ELC","W8","2034",0.0100995362108464
"ATX","ELC","W8","2035",0.0100995362108464
"ATX","ELC","W8","2036",0.0100995362108464
"ATX","ELC","W8","2037",0.0100995362108464
"ATX","ELC","W8","2038",0.0100995362108464
"ATX","ELC","W8","2039",0.0100995362108464
"ATX","ELC","W8","2040",0.0100995362108464
"ATX","ELC","W8","2041",0.0100995362108464
"ATX","ELC","W8","2042",0.0100995362108464
"ATX","ELC","W8","2043",0.0100995362108464
"ATX","ELC","W8","2044",0.0100995362108464
"ATX","ELC","W8","2045",0.0100995362108464
"ATX","ELC","W8","2046",0.0100995362108464
"ATX","ELC","W8","2047",0.0100995362108464
"ATX","ELC","W8","2048",0.0100995362108464
"ATX","ELC","W8","2049",0.0100995362108464
"ATX","ELC","W8","2050",0.0100995362108464
"ATX","ELC","W9","2015",0.0104787356977286
"ATX","ELC","W9","2016",0.0104787356977286
"ATX","ELC","W9","2017",0.0104787356977286
"ATX","ELC","W9","2018",0.0104787356977286
"ATX","ELC","W9","2019",0.0104787356977286
"ATX","ELC","W9","2020",0.0104787356977286
"ATX","ELC","W9","2021",0.0104787356977286
"ATX","ELC","W9","2022",0.0104787356977286
"ATX","ELC","W9","2023",0.0104787356977286
"ATX","ELC","W9","2024",0.0104787356977286
"ATX","ELC","W9","2025",0.0104787356977286
"ATX","ELC","W9","2026",0.0104787356977286
"ATX","ELC","W9","2027",0.0104787356977286
"ATX","ELC","W9","2028",0.0104787356977286
"ATX","ELC","W9","2029",0.0104787356977286
"ATX","ELC","W9","2030",0.0104787356977286
"ATX","ELC","W9","2031",0.0104787356977286
"ATX","ELC","W9","2032",0.0104787356977286
"ATX","ELC","W9","2033",0.0104787356977286
"ATX","ELC","W9","2034",0.0104787356977286
"ATX","ELC","W9","2035",0.0104787356977286
"ATX","ELC","W9","2036",0.0104787356977286
"ATX","ELC","W9","2037",0.0104787356977286
"ATX","ELC","W9","2038",0.0104787356977286
"ATX","ELC","W9","2039",0.0104787356977286
"ATX","ELC","W9","2040",0.0104787356977286
"ATX","ELC","W9","2041",0.0104787356977286
"ATX","ELC","W9","2042",0.0104787356977286
"ATX","ELC","W9","2043",0.0104787356977286
"ATX","ELC","W9","2044",0.0104787356977286
"ATX","ELC","W9","2045",0.0104787356977286
"ATX","ELC","W9","2046",0.0104787356977286
"ATX","ELC","W9","2047",0.0104787356977286
"ATX","ELC","W9","2048",0.0104787356977286
"ATX","ELC","W9","2049",0.0104787356977286
"ATX","ELC","W9","2050",0.0104787356977286
"ATX","ELC","W10","2015",0.0103412376915389
"ATX","ELC","W10","2016",0.0103412376915389
"ATX","ELC","W10","2017",0.0103412376915389
"ATX","ELC","W10","2018",0.0103412376915389
"ATX","ELC","W10","2019",0.0103412376915389
"ATX","ELC","W10","2020",0.0103412376915389
"ATX","ELC","W10","2021",0.0103412376915389
"ATX","ELC","W10","2022",0.0103412376915389
"ATX","ELC","W10","2023",0.0103412376915389
"ATX","ELC","W10","2024",0.0103412376915389
"ATX","ELC","W10","2025",0.0103412376915389
"ATX","ELC","W10","2026",0.0103412376915389
"ATX","ELC","W10","2027",0.0103412376915389
"ATX","ELC","W10","2028",0.0103412376915389
"ATX","ELC","W10","2029",0.0103412376915389
"ATX","ELC","W10","2030",0.0103412376915389
"ATX","ELC","W10","2031",0.0103412376915389
"ATX","ELC","W10","2032",0.0103412376915389
"ATX","ELC","W10","2033",0.0103412376915389
"ATX","ELC","W10","2034",0.0103412376915389
"ATX","ELC","W10","2035",0.0103412376915389
"ATX","ELC","W10","2036",0.0103412376915389
"ATX","ELC","W10","2037",0.0103412376915389
"ATX","ELC","W10","2038",0.0103412376915389
"ATX","ELC","W10","2039",0.0103412376915389
"ATX","ELC","W10","2040",0.0103412376915389
"ATX","ELC","W10","2041",0.0103412376915389
"ATX","ELC","W10","2042",0.0103412376915389
"ATX","ELC","W10","2043",0.0103412376915389
"ATX","ELC","W10","2044",0.0103412376915389
"ATX","ELC","W10","2045",0.0103412376915389
"ATX","ELC","W10","2046",0.0103412376915389
"ATX","ELC","W10","2047",0.0103412376915389
"ATX","ELC","W10","2048",0.0103412376915389
"ATX","ELC","W10","2049",0.0103412376915389
"ATX","ELC","W10","2050",0.0103412376915389
"ATX","ELC","W11","2015",0.0102041196633245
"ATX","ELC","W11","2016",0.0102041196633245
"ATX","ELC","W11","2017",0.0102041196633245
"ATX","ELC","W11","2018",0.0102041196633245
"ATX","ELC","W11","2019",0.0102041196633245
"ATX","ELC","W11","2020",0.0102041196633245
"ATX","ELC","W11","2021",0.0102041196633245
"ATX","ELC","W11","2022",0.0102041196633245
"ATX","ELC","W11","2023",0.0102041196633245
"ATX","ELC","W11","2024",0.0102041196633245
"ATX","ELC","W11","2025",0.0102041196633245
"ATX","ELC","W11","2026",0.0102041196633245
"ATX","ELC","W11","2027",0.0102041196633245
"ATX","ELC","W11","2028",0.0102041196633245
"ATX","ELC","W11","2029",0.0102041196633245
"ATX","ELC","W11","2030",0.0102041196633245
"ATX","ELC","W11","2031",0.0102041196633245
"ATX","ELC","W11","2032",0.0102041196633245
"ATX","ELC","W11","2033",0.0102041196633245
"ATX","ELC","W11","2034",0.0102041196633245
"ATX","ELC","W11","2035",0.0102041196633245
"ATX","ELC","W11","2036",0.0102041196633245
"ATX","ELC","W11","2037",0.0102041196633245
"ATX","ELC","W11","2038",0.0102041196633245
"ATX","ELC","W11","2039",0.0102041196633245
"ATX","ELC","W11","2040",0.0102041196633245
"ATX","ELC","W11","2041",0.0102041196633245
"ATX","ELC","W11","2042",0.0102041196633245
"ATX","ELC","W11","2043",0.0102041196633245
"ATX","ELC","W11","2044",0.0102041196633245
"ATX","ELC","W11","2045",0.0102041196633245
"ATX","ELC","W11","2046",0.0102041196633245
"ATX","ELC","W11","2047",0.0102041196633245
"ATX","ELC","W11","2048",0.0102041196633245
"ATX","ELC","W11","2049",0.0102041196633245
"ATX","ELC","W11","2050",0.0102041196633245
"ATX","ELC","W12","2015",0.010021320856274
"ATX","ELC","W12","2016",0.010021320856274
"ATX","ELC","W12","2017",0.010021320856274
"ATX","ELC","W12","2018",0.010021320856274
"ATX","ELC","W12","2019",0.010021320856274
"ATX","ELC","W12","2020",0.010021320856274
"ATX","ELC","W12","2021",0.010021320856274
"ATX","ELC","W12","2022",0.010021320856274
"ATX","ELC","W12","2023",0.010021320856274
"ATX","ELC","W12","2024",0.010021320856274
"ATX","ELC","W12","2025",0.010021320856274
"ATX","ELC","W12","2026",0.010021320856274
"ATX","ELC","W12","2027",0.010021320856274
"ATX","ELC","W12","2028",0.010021320856274
"ATX","ELC","W12","2029",0.010021320856274
"ATX","ELC","W12","2030",0.010021320856274
"ATX","ELC","W12","2031",0.010021320856274
"ATX","ELC","W12","2032",0.010021320856274
"ATX","ELC","W12","2033",0.010021320856274
"ATX","ELC","W12","2034",0.010021320856274
"ATX","ELC","W12","2035",0.010021320856274
"ATX","ELC","W12","2036",0.010021320856274
"ATX","ELC","W12","2037",0.010021320856274
"ATX","ELC","W12","2038",0.010021320856274
"ATX","ELC","W12","2039",0.010021320856274
"ATX","ELC","W12","2040",0.010021320856274
"ATX","ELC","W12","2041",0.010021320856274
"ATX","ELC","W12","2042",0.010021320856274
"ATX","ELC","W12","2043",0.010021320856274
"ATX","ELC","W12","2044",0.010021320856274
"ATX","ELC","W12","2045",0.010021320856274
"ATX","ELC","W12","2046",0.010021320856274
"ATX","ELC","W12","2047",0.010021320856274
"ATX","ELC","W12","2048",0.010021320856274
"ATX","ELC","W12","2049",0.010021320856274
"ATX","ELC","W12","2050",0.010021320856274
"ATX","ELC","W13","2015",0.00980035812690779
"ATX","ELC","W13","2016",0.00980035812690779
"ATX","ELC","W13","2017",0.00980035812690779
"ATX","ELC","W13","2018",0.00980035812690779
"ATX","ELC","W13","2019",0.00980035812690779
"ATX","ELC","W13","2020",0.00980035812690779
"ATX","ELC","W13","2021",0.00980035812690779
"ATX","ELC","W13","2022",0.00980035812690779
"ATX","ELC","W13","2023",0.00980035812690779
"ATX","ELC","W13","2024",0.00980035812690779
"ATX","ELC","W13","2025",0.00980035812690779
"ATX","ELC","W13","2026",0.00980035812690779
"ATX","ELC","W13","2027",0.00980035812690779
"ATX","ELC","W13","2028",0.00980035812690779
"ATX","ELC","W13","2029",0.00980035812690779
"ATX","ELC","W13","2030",0.00980035812690779
"ATX","ELC","W13","2031",0.00980035812690779
"ATX","ELC","W13","2032",0.00980035812690779
"ATX","ELC","W13","2033",0.00980035812690779
"ATX","ELC","W13","2034",0.00980035812690779
"ATX","ELC","W13","2035",0.00980035812690779
"ATX","ELC","W13","2036",0.00980035812690779
"ATX","ELC","W13","2037",0.00980035812690779
"ATX","ELC","W13","2038",0.00980035812690779
"ATX","ELC","W13","2039",0.00980035812690779
"ATX","ELC","W13","2040",0.00980035812690779
"ATX","ELC","W13","2041",0.00980035812690779
"ATX","ELC","W13","2042",0.00980035812690779
"ATX","ELC","W13","2043",0.00980035812690779
"ATX","ELC","W13","2044",0.00980035812690779
"ATX","ELC","W13","2045",0.00980035812690779
"ATX","ELC","W13","2046",0.00980035812690779
"ATX","ELC","W13","2047",0.00980035812690779
"ATX","ELC","W13","2048",0.00980035812690779
"ATX","ELC","W13","2049",0.00980035812690779
"ATX","ELC","W13","2050",0.00980035812690779
"ATX","ELC","W14","2015",0.00958575604080087
"ATX","ELC","W14","2016",0.00958575604080087
"ATX","ELC","W14","2017",0.00958575604080087
"ATX","ELC","W14","2018",0.00958575604080087
"ATX","ELC","W14","2019",0.00958575604080087
"ATX","ELC","W14","2020",0.00958575604080087
"ATX","ELC","W14","2021",0.00958575604080087
"ATX","ELC","W14","2022",0.00958575604080087
"ATX","ELC","W14","2023",0.00958575604080087
"ATX","ELC","W14","2024",0.00958575604080087
"ATX","ELC","W14","2025",0.00958575604080087
"ATX","ELC","W14","2026",0.00958575604080087
"ATX","ELC","W14","2027",0.00958575604080087
"ATX","ELC","W14","2028",0.00958575604080087
"ATX","ELC","W14","2029",0.00958575604080087
"ATX","ELC","W14","2030",0.00958575604080087
"ATX","ELC","W14","2031",0.00958575604080087
"ATX","ELC","W14","2032",0.00958575604080087
"ATX","ELC","W14","2033",0.00958575604080087
"ATX","ELC","W14","2034",0.00958575604080087
"ATX","ELC","W14","2035",0.00958575604080087
"ATX","ELC","W14","2036",0.00958575604080087
"ATX","ELC","W14","2037",0.00958575604080087
"ATX","ELC","W14","2038",0.00958575604080087
"ATX","ELC","W14","2039",0.00958575604080087
"ATX","ELC","W14","2040",0.00958575604080087
"ATX","ELC","W14","2041",0.00958575604080087
"ATX","ELC","W14","2042",0.00958575604080087
"ATX","ELC","W14","2043",0.00958575604080087
"ATX","ELC","W14","2044",0.00958575604080087
"ATX","ELC","W14","2045",0.00958575604080087
"ATX","ELC","W14","2046",0.00958575604080087
"ATX","ELC","W14","2047",0.00958575604080087
"ATX","ELC","W14","2048",0.00958575604080087
"ATX","ELC","W14","2049",0.00958575604080087
"ATX","ELC","W14","2050",0.00958575604080087
"ATX","ELC","W15","2015",0.00941569606486843
"ATX","ELC","W15","2016",0.00941569606486843
"ATX","ELC","W15","2017",0.00941569606486843
"ATX","ELC","W15","2018",0.00941569606486843
"ATX","ELC","W15","2019",0.00941569606486843
"ATX","ELC","W15","2020",0.00941569606486843
"ATX","ELC","W15","2021",0.00941569606486843
"ATX","ELC","W15","2022",0.00941569606486843
"ATX","ELC","W15","2023",0.00941569606486843
"ATX","ELC","W15","2024",0.00941569606486843
"ATX","ELC","W15","2025",0.00941569606486843
"ATX","ELC","W15","2026",0.00941569606486843
"ATX","ELC","W15","2027",0.00941569606486843
"ATX","ELC","W15","2028",0.00941569606486843
"ATX","ELC","W15","2029",0.00941569606486843
"ATX","ELC","W15","2030",0.00941569606486843
"ATX","ELC","W15","2031",0.00941569606486843
"ATX","ELC","W15","2032",0.00941569606486843
"ATX","ELC","W15","2033",0.00941569606486843
"ATX","ELC","W15","2034",0.00941569606486843
"ATX","ELC","W15","2035",0.00941569606486843
"ATX","ELC","W15","2036",0.00941569606486843
"ATX","ELC","W15","2037",0.00941569606486843
"ATX","ELC","W15","2038",0.00941569606486843
"ATX","ELC","W15","2039",0.00941569606486843
"ATX","ELC","W15","2040",0.00941569606486843
"ATX","ELC","W15","2041",0.00941569606486843
"ATX","ELC","W15","2042",0.00941569606486843
"ATX","ELC","W15","2043",0.00941569606486843
"ATX","ELC","W15","2044",0.00941569606486843
"ATX","ELC","W15","2045",0.00941569606486843
"ATX","ELC","W15","2046",0.00941569606486843
"ATX","ELC","W15","2047",0.00941569606486843
"ATX","ELC","W15","2048",0.00941569606486843
"ATX","ELC","W15","2049",0.00941569606486843
"ATX","ELC","W15","2050",0.00941569606486843
"ATX","ELC","W16","2015",0.00929110449701335
"ATX","ELC","W16","2016",0.00929110449701335
"ATX","ELC","W16","2017",0.00929110449701335
"ATX","ELC","W16","2018",0.00929110449701335
"ATX","ELC","W16","2019",0.00929110449701335
"ATX","ELC","W16","2020",0.00929110449701335
"ATX","ELC","W16","2021",0.00929110449701335
"ATX","ELC","W16","2022",0.00929110449701335
"ATX","ELC","W16","2023",0.00929110449701335
"ATX","ELC","W16","2024",0.00929110449701335
"ATX","ELC","W16","2025",0.00929110449701335
"ATX","ELC","W16","2026",0.00929110449701335
"ATX","ELC","W16","2027",0.00929110449701335
"ATX","ELC","W16","2028",0.00929110449701335
"ATX","ELC","W16","2029",0.00929110449701335
"ATX","ELC","W16","2030",0.00929110449701335
"ATX","ELC","W16","2031",0.00929110449701335
"ATX","ELC","W16","2032",0.00929110449701335
"ATX","ELC","W16","2033",0.00929110449701335
"ATX","ELC","W16","2034",0.00929110449701335
"ATX","ELC","W16","2035",0.00929110449701335
"ATX","ELC","W16","2036",0.00929110449701335
"ATX","ELC","W16","2037",0.00929110449701335
"ATX","ELC","W16","2038",0.00929110449701335
"ATX","ELC","W16","2039",0.00929110449701335
"ATX","ELC","W16","2040",0.00929110449701335
"ATX","ELC","W16","2041",0.00929110449701335
"ATX","ELC","W16","2042",0.00929110449701335
"ATX","ELC","W16","2043",0.00929110449701335
"ATX","ELC","W16","2044",0.00929110449701335
"ATX","ELC","W16","2045",0.00929110449701335
"ATX","ELC","W16","2046",0.00929110449701335
"ATX","ELC","W16","2047",0.00929110449701335
"ATX","ELC","W16","2048",0.00929110449701335
"ATX","ELC","W16","2049",0.00929110449701335
"ATX","ELC","W16","2050",0.00929110449701335
"ATX","ELC","W17","2015",0.0092684216889391
"ATX","ELC","W17","2016",0.0092684216889391
"ATX","ELC","W17","2017",0.0092684216889391
"ATX","ELC","W17","2018",0.0092684216889391
"ATX","ELC","W17","2019",0.0092684216889391
"ATX","ELC","W17","2020",0.0092684216889391
"ATX","ELC","W17","2021",0.0092684216889391
"ATX","ELC","W17","2022",0.0092684216889391
"ATX","ELC","W17","2023",0.0092684216889391
"ATX","ELC","W17","2024",0.0092684216889391
"ATX","ELC","W17","2025",0.0092684216889391
"ATX","ELC","W17","2026",0.0092684216889391
"ATX","ELC","W17","2027",0.0092684216889391
"ATX","ELC","W17","2028",0.0092684216889391
"ATX","ELC","W17","2029",0.0092684216889391
"ATX","ELC","W17","2030",0.0092684216889391
"ATX","ELC","W17","2031",0.0092684216889391
"ATX","ELC","W17","2032",0.0092684216889391
"ATX","ELC","W17","2033",0.0092684216889391
"ATX","ELC","W17","2034",0.0092684216889391
"ATX","ELC","W17","2035",0.0092684216889391
"ATX","ELC","W17","2036",0.0092684216889391
"ATX","ELC","W17","2037",0.0092684216889391
"ATX","ELC","W17","2038",0.0092684216889391
"ATX","ELC","W17","2039",0.0092684216889391
"ATX","ELC","W17","2040",0.0092684216889391
"ATX","ELC","W17","2041",0.0092684216889391
"ATX","ELC","W17","2042",0.0092684216889391
"ATX","ELC","W17","2043",0.0092684216889391
"ATX","ELC","W17","2044",0.0092684216889391
"ATX","ELC","W17","2045",0.0092684216889391
"ATX","ELC","W17","2046",0.0092684216889391
"ATX","ELC","W17","2047",0.0092684216889391
"ATX","ELC","W17","2048",0.0092684216889391
"ATX","ELC","W17","2049",0.0092684216889391
"ATX","ELC","W17","2050",0.0092684216889391
"ATX","ELC","W18","2015",0.00937770270725529
"ATX","ELC","W18","2016",0.00937770270725529
"ATX","ELC","W18","2017",0.00937770270725529
"ATX","ELC","W18","2018",0.00937770270725529
"ATX","ELC","W18","2019",0.00937770270725529
"ATX","ELC","W18","2020",0.00937770270725529
"ATX","ELC","W18","2021",0.00937770270725529
"ATX","ELC","W18","2022",0.00937770270725529
"ATX","ELC","W18","2023",0.00937770270725529
"ATX","ELC","W18","2024",0.00937770270725529
"ATX","ELC","W18","2025",0.00937770270725529
"ATX","ELC","W18","2026",0.00937770270725529
"ATX","ELC","W18","2027",0.00937770270725529
"ATX","ELC","W18","2028",0.00937770270725529
"ATX","ELC","W18","2029",0.00937770270725529
"ATX","ELC","W18","2030",0.00937770270725529
"ATX","ELC","W18","2031",0.00937770270725529
"ATX","ELC","W18","2032",0.00937770270725529
"ATX","ELC","W18","2033",0.00937770270725529
"ATX","ELC","W18","2034",0.00937770270725529
"ATX","ELC","W18","2035",0.00937770270725529
"ATX","ELC","W18","2036",0.00937770270725529
"ATX","ELC","W18","2037",0.00937770270725529
"ATX","ELC","W18","2038",0.00937770270725529
"ATX","ELC","W18","2039",0.00937770270725529
"ATX","ELC","W18","2040",0.00937770270725529
"ATX","ELC","W18","2041",0.00937770270725529
"ATX","ELC","W18","2042",0.00937770270725529
"ATX","ELC","W18","2043",0.00937770270725529
"ATX","ELC","W18","2044",0.00937770270725529
"ATX","ELC","W18","2045",0.00937770270725529
"ATX","ELC","W18","2046",0.00937770270725529
"ATX","ELC","W18","2047",0.00937770270725529
"ATX","ELC","W18","2048",0.00937770270725529
"ATX","ELC","W18","2049",0.00937770270725529
"ATX","ELC","W18","2050",0.00937770270725529
"ATX","ELC","W19","2015",0.00977516239144087
"ATX","ELC","W19","2016",0.00977516239144087
"ATX","ELC","W19","2017",0.00977516239144087
"ATX","ELC","W19","2018",0.00977516239144087
"ATX","ELC","W19","2019",0.00977516239144087
"ATX","ELC","W19","2020",0.00977516239144087
"ATX","ELC","W19","2021",0.00977516239144087
"ATX","ELC","W19","2022",0.00977516239144087
"ATX","ELC","W19","2023",0.00977516239144087
"ATX","ELC","W19","2024",0.00977516239144087
"ATX","ELC","W19","2025",0.00977516239144087
"ATX","ELC","W19","2026",0.00977516239144087
"ATX","ELC","W19","2027",0.00977516239144087
"ATX","ELC","W19","2028",0.00977516239144087
"ATX","ELC","W19","2029",0.00977516239144087
"ATX","ELC","W19","2030",0.00977516239144087
"ATX","ELC","W19","2031",0.00977516239144087
"ATX","ELC","W19","2032",0.00977516239144087
"ATX","ELC","W19","2033",0.00977516239144087
"ATX","ELC","W19","2034",0.00977516239144087
"ATX","ELC","W19","2035",0.00977516239144087
"ATX","ELC","W19","2036",0.00977516239144087
"ATX","ELC","W19","2037",0.00977516239144087
"ATX","ELC","W19","2038",0.00977516239144087
"ATX","ELC","W19","2039",0.00977516239144087
"ATX","ELC","W19","2040",0.00977516239144087
"ATX","ELC","W19","2041",0.00977516239144087
"ATX","ELC","W19","2042",0.00977516239144087
"ATX","ELC","W19","2043",0.00977516239144087
"ATX","ELC","W19","2044",0.00977516239144087
"ATX","ELC","W19","2045",0.00977516239144087
"ATX","ELC","W19","2046",0.00977516239144087
"ATX","ELC","W19","2047",0.00977516239144087
"ATX","ELC","W19","2048",0.00977516239144087
"ATX","ELC","W19","2049",0.00977516239144087
"ATX","ELC","W19","2050",0.00977516239144087
"ATX","ELC","W20","2015",0.0104345056929535
"ATX","ELC","W20","2016",0.0104345056929535
"ATX","ELC","W20","2017",0.0104345056929535
"ATX","ELC","W20","2018",0.0104345056929535
"ATX","ELC","W20","2019",0.0104345056929535
"ATX","ELC","W20","2020",0.0104345056929535
"ATX","ELC","W20","2021",0.0104345056929535
"ATX","ELC","W20","2022",0.0104345056929535
"ATX","ELC","W20","2023",0.0104345056929535
"ATX","ELC","W20","2024",0.0104345056929535
"ATX","ELC","W20","2025",0.0104345056929535
"ATX","ELC","W20","2026",0.0104345056929535
"ATX","ELC","W20","2027",0.0104345056929535
"ATX","ELC","W20","2028",0.0104345056929535
"ATX","ELC","W20","2029",0.0104345056929535
"ATX","ELC","W20","2030",0.0104345056929535
"ATX","ELC","W20","2031",0.0104345056929535
"ATX","ELC","W20","2032",0.0104345056929535
"ATX","ELC","W20","2033",0.0104345056929535
"ATX","ELC","W20","2034",0.0104345056929535
"ATX","ELC","W20","2035",0.0104345056929535
"ATX","ELC","W20","2036",0.0104345056929535
"ATX","ELC","W20","2037",0.0104345056929535
"ATX","ELC","W20","2038",0.0104345056929535
"ATX","ELC","W20","2039",0.0104345056929535
"ATX","ELC","W20","2040",0.0104345056929535
"ATX","ELC","W20","2041",0.0104345056929535
"ATX","ELC","W20","2042",0.0104345056929535
"ATX","ELC","W20","2043",0.0104345056929535
"ATX","ELC","W20","2044",0.0104345056929535
"ATX","ELC","W20","2045",0.0104345056929535
"ATX","ELC","W20","2046",0.0104345056929535
"ATX","ELC","W20","2047",0.0104345056929535
"ATX","ELC","W20","2048",0.0104345056929535
"ATX","ELC","W20","2049",0.0104345056929535
"ATX","ELC","W20","2050",0.0104345056929535
"ATX","ELC","W21","2015",0.0105419500357659
"ATX","ELC","W21","2016",0.0105419500357659
"ATX","ELC","W21","2017",0.0105419500357659
"ATX","ELC","W21","2018",0.0105419500357659
"ATX","ELC","W21","2019",0.0105419500357659
"ATX","ELC","W21","2020",0.0105419500357659
"ATX","ELC","W21","2021",0.0105419500357659
"ATX","ELC","W21","2022",0.0105419500357659
"ATX","ELC","W21","2023",0.0105419500357659
"ATX","ELC","W21","2024",0.0105419500357659
"ATX","ELC","W21","2025",0.0105419500357659
"ATX","ELC","W21","2026",0.0105419500357659
"ATX","ELC","W21","2027",0.0105419500357659
"ATX","ELC","W21","2028",0.0105419500357659
"ATX","ELC","W21","2029",0.0105419500357659
"ATX","ELC","W21","2030",0.0105419500357659
"ATX","ELC","W21","2031",0.0105419500357659
"ATX","ELC","W21","2032",0.0105419500357659
"ATX","ELC","W21","2033",0.0105419500357659
"ATX","ELC","W21","2034",0.0105419500357659
"ATX","ELC","W21","2035",0.0105419500357659
"ATX","ELC","W21","2036",0.0105419500357659
"ATX","ELC","W21","2037",0.0105419500357659
"ATX","ELC","W21","2038",0.0105419500357659
"ATX","ELC","W21","2039",0.0105419500357659
"ATX","ELC","W21","2040",0.0105419500357659
"ATX","ELC","W21","2041",0.0105419500357659
"ATX","ELC","W21","2042",0.0105419500357659
"ATX","ELC","W21","2043",0.0105419500357659
"ATX","ELC","W21","2044",0.0105419500357659
"ATX","ELC","W21","2045",0.0105419500357659
"ATX","ELC","W21","2046",0.0105419500357659
"ATX","ELC","W21","2047",0.0105419500357659
"ATX","ELC","W21","2048",0.0105419500357659
"ATX","ELC","W21","2049",0.0105419500357659
"ATX","ELC","W21","2050",0.0105419500357659
"ATX","ELC","W22","2015",0.0104177838465335
"ATX","ELC","W22","2016",0.0104177838465335
"ATX","ELC","W22","2017",0.0104177838465335
"ATX","ELC","W22","2018",0.0104177838465335
"ATX","ELC","W22","2019",0.0104177838465335
"ATX","ELC","W22","2020",0.0104177838465335
"ATX","ELC","W22","2021",0.0104177838465335
"ATX","ELC","W22","2022",0.0104177838465335
"ATX","ELC","W22","2023",0.0104177838465335
"ATX","ELC","W22","2024",0.0104177838465335
"ATX","ELC","W22","2025",0.0104177838465335
"ATX","ELC","W22","2026",0.0104177838465335
"ATX","ELC","W22","2027",0.0104177838465335
"ATX","ELC","W22","2028",0.0104177838465335
"ATX","ELC","W22","2029",0.0104177838465335
"ATX","ELC","W22","2030",0.0104177838465335
"ATX","ELC","W22","2031",0.0104177838465335
"ATX","ELC","W22","2032",0.0104177838465335
"ATX","ELC","W22","2033",0.0104177838465335
"ATX","ELC","W22","2034",0.0104177838465335
"ATX","ELC","W22","2035",0.0104177838465335
"ATX","ELC","W22","2036",0.0104177838465335
"ATX","ELC","W22","2037",0.0104177838465335
"ATX","ELC","W22","2038",0.0104177838465335
"ATX","ELC","W22","2039",0.0104177838465335
"ATX","ELC","W22","2040",0.0104177838465335
"ATX","ELC","W22","2041",0.0104177838465335
"ATX","ELC","W22","2042",0.0104177838465335
"ATX","ELC","W22","2043",0.0104177838465335
"ATX","ELC","W22","2044",0.0104177838465335
"ATX","ELC","W22","2045",0.0104177838465335
"ATX","ELC","W22","2046",0.0104177838465335
"ATX","ELC","W22","2047",0.0104177838465335
"ATX","ELC","W22","2048",0.0104177838465335
"ATX","ELC","W22","2049",0.0104177838465335
"ATX","ELC","W22","2050",0.0104177838465335
"ATX","ELC","W23","2015",0.0100709926545032
"ATX","ELC","W23","2016",0.0100709926545032
"ATX","ELC","W23","2017",0.0100709926545032
"ATX","ELC","W23","2018",0.0100709926545032
"ATX","ELC","W23","2019",0.0100709926545032
"ATX","ELC","W23","2020",0.0100709926545032
"ATX","ELC","W23","2021",0.0100709926545032
"ATX","ELC","W23","2022",0.0100709926545032
"ATX","ELC","W23","2023",0.0100709926545032
"ATX","ELC","W23","2024",0.0100709926545032
"ATX","ELC","W23","2025",0.0100709926545032
"ATX","ELC","W23","2026",0.0100709926545032
"ATX","ELC","W23","2027",0.0100709926545032
"ATX","ELC","W23","2028",0.0100709926545032
"ATX","ELC","W23","2029",0.0100709926545032
"ATX","ELC","W23","2030",0.0100709926545032
"ATX","ELC","W23","2031",0.0100709926545032
"ATX","ELC","W23","2032",0.0100709926545032
"ATX","ELC","W23","2033",0.0100709926545032
"ATX","ELC","W23","2034",0.0100709926545032
"ATX","ELC","W23","2035",0.0100709926545032
"ATX","ELC","W23","2036",0.0100709926545032
"ATX","ELC","W23","2037",0.0100709926545032
"ATX","ELC","W23","2038",0.0100709926545032
"ATX","ELC","W23","2039",0.0100709926545032
"ATX","ELC","W23","2040",0.0100709926545032
"ATX","ELC","W23","2041",0.0100709926545032
"ATX","ELC","W23","2042",0.0100709926545032
"ATX","ELC","W23","2043",0.0100709926545032
"ATX","ELC","W23","2044",0.0100709926545032
"ATX","ELC","W23","2045",0.0100709926545032
"ATX","ELC","W23","2046",0.0100709926545032
"ATX","ELC","W23","2047",0.0100709926545032
"ATX","ELC","W23","2048",0.0100709926545032
"ATX","ELC","W23","2049",0.0100709926545032
"ATX","ELC","W23","2050",0.0100709926545032
"ATX","ELC","W24","2015",0.00948167400456741
"ATX","ELC","W24","2016",0.00948167400456741
"ATX","ELC","W24","2017",0.00948167400456741
"ATX","ELC","W24","2018",0.00948167400456741
"ATX","ELC","W24","2019",0.00948167400456741
"ATX","ELC","W24","2020",0.00948167400456741
"ATX","ELC","W24","2021",0.00948167400456741
"ATX","ELC","W24","2022",0.00948167400456741
"ATX","ELC","W24","2023",0.00948167400456741
"ATX","ELC","W24","2024",0.00948167400456741
"ATX","ELC","W24","2025",0.00948167400456741
"ATX","ELC","W24","2026",0.00948167400456741
"ATX","ELC","W24","2027",0.00948167400456741
"ATX","ELC","W24","2028",0.00948167400456741
"ATX","ELC","W24","2029",0.00948167400456741
"ATX","ELC","W24","2030",0.00948167400456741
"ATX","ELC","W24","2031",0.00948167400456741
"ATX","ELC","W24","2032",0.00948167400456741
"ATX","ELC","W24","2033",0.00948167400456741
"ATX","ELC","W24","2034",0.00948167400456741
"ATX","ELC","W24","2035",0.00948167400456741
"ATX","ELC","W24","2036",0.00948167400456741
"ATX","ELC","W24","2037",0.00948167400456741
"ATX","ELC","W24","2038",0.00948167400456741
"ATX","ELC","W24","2039",0.00948167400456741
"ATX","ELC","W24","2040",0.00948167400456741
"ATX","ELC","W24","2041",0.00948167400456741
"ATX","ELC","W24","2042",0.00948167400456741
"ATX","ELC","W24","2043",0.00948167400456741
"ATX","ELC","W24","2044",0.00948167400456741
"ATX","ELC","W24","2045",0.00948167400456741
"ATX","ELC","W24","2046",0.00948167400456741
"ATX","ELC","W24","2047",0.00948167400456741
"ATX","ELC","W24","2048",0.00948167400456741
"ATX","ELC","W24","2049",0.00948167400456741
"ATX","ELC","W24","2050",0.00948167400456741
"ATX","ELC","SF1","2015",0.0179156945916863
"ATX","ELC","SF1","2016",0.0179156945916863
"ATX","ELC","SF1","2017",0.0179156945916863
"ATX","ELC","SF1","2018",0.0179156945916863
"ATX","ELC","SF1","2019",0.0179156945916863
"ATX","ELC","SF1","2020",0.0179156945916863
"ATX","ELC","SF1","2021",0.0179156945916863
"ATX","ELC","SF1","2022",0.0179156945916863
"ATX","ELC","SF1","2023",0.0179156945916863
"ATX","ELC","SF1","2024",0.0179156945916863
"ATX","ELC","SF1","2025",0.0179156945916863
"ATX","ELC","SF1","2026",0.0179156945916863
"ATX","ELC","SF1","2027",0.0179156945916863
"ATX","ELC","SF1","2028",0.0179156945916863
"ATX","ELC","SF1","2029",0.0179156945916863
"ATX","ELC","SF1","2030",0.0179156945916863
"ATX","ELC","SF1","2031",0.0179156945916863
"ATX","ELC","SF1","2032",0.0179156945916863
"ATX","ELC","SF1","2033",0.0179156945916863
"ATX","ELC","SF1","2034",0.0179156945916863
"ATX","ELC","SF1","2035",0.0179156945916863
"ATX","ELC","SF1","2036",0.0179156945916863
"ATX","ELC","SF1","2037",0.0179156945916863
"ATX","ELC","SF1","2038",0.0179156945916863
"ATX","ELC","SF1","2039",0.0179156945916863
"ATX","ELC","SF1","2040",0.0179156945916863
"ATX","ELC","SF1","2041",0.0179156945916863
"ATX","ELC","SF1","2042",0.0179156945916863
"ATX","ELC","SF1","2043",0.0179156945916863
"ATX","ELC","SF1","2044",0.0179156945916863
"ATX","ELC","SF1","2045",0.0179156945916863
"ATX","ELC","SF1","2046",0.0179156945916863
"ATX","ELC","SF1","2047",0.0179156945916863
"ATX","ELC","SF1","2048",0.0179156945916863
"ATX","ELC","SF1","2049",0.0179156945916863
"ATX","ELC","SF1","2050",0.0179156945916863
"ATX","ELC","SF2","2015",0.0164489318452153
"ATX","ELC","SF2","2016",0.0164489318452153
"ATX","ELC","SF2","2017",0.0164489318452153
"ATX","ELC","SF2","2018",0.0164489318452153
"ATX","ELC","SF2","2019",0.0164489318452153
"ATX","ELC","SF2","2020",0.0164489318452153
"ATX","ELC","SF2","2021",0.0164489318452153
"ATX","ELC","SF2","2022",0.0164489318452153
"ATX","ELC","SF2","2023",0.0164489318452153
"ATX","ELC","SF2","2024",0.0164489318452153
"ATX","ELC","SF2","2025",0.0164489318452153
"ATX","ELC","SF2","2026",0.0164489318452153
"ATX","ELC","SF2","2027",0.0164489318452153
"ATX","ELC","SF2","2028",0.0164489318452153
"ATX","ELC","SF2","2029",0.0164489318452153
"ATX","ELC","SF2","2030",0.0164489318452153
"ATX","ELC","SF2","2031",0.0164489318452153
"ATX","ELC","SF2","2032",0.0164489318452153
"ATX","ELC","SF2","2033",0.0164489318452153
"ATX","ELC","SF2","2034",0.0164489318452153
"ATX","ELC","SF2","2035",0.0164489318452153
"ATX","ELC","SF2","2036",0.0164489318452153
"ATX","ELC","SF2","2037",0.0164489318452153
"ATX","ELC","SF2","2038",0.0164489318452153
"ATX","ELC","SF2","2039",0.0164489318452153
"ATX","ELC","SF2","2040",0.0164489318452153
"ATX","ELC","SF2","2041",0.0164489318452153
"ATX","ELC","SF2","2042",0.0164489318452153
"ATX","ELC","SF2","2043",0.0164489318452153
"ATX","ELC","SF2","2044",0.0164489318452153
"ATX","ELC","SF2","2045",0.0164489318452153
"ATX","ELC","SF2","2046",0.0164489318452153
"ATX","ELC","SF2","2047",0.0164489318452153
"ATX","ELC","SF2","2048",0.0164489318452153
"ATX","ELC","SF2","2049",0.0164489318452153
"ATX","ELC","SF2","2050",0.0164489318452153
"ATX","ELC","SF3","2015",0.0154679767554694
"ATX","ELC","SF3","2016",0.0154679767554694
"ATX","ELC","SF3","2017",0.0154679767554694
"ATX","ELC","SF3","2018",0.0154679767554694
"ATX","ELC","SF3","2019",0.0154679767554694
"ATX","ELC","SF3","2020",0.0154679767554694
"ATX","ELC","SF3","2021",0.0154679767554694
"ATX","ELC","SF3","2022",0.0154679767554694
"ATX","ELC","SF3","2023",0.0154679767554694
"ATX","ELC","SF3","2024",0.0154679767554694
"ATX","ELC","SF3","2025",0.0154679767554694
"ATX","ELC","SF3","2026",0.0154679767554694
"ATX","ELC","SF3","2027",0.0154679767554694
"ATX","ELC","SF3","2028",0.0154679767554694
"ATX","ELC","SF3","2029",0.0154679767554694
"ATX","ELC","SF3","2030",0.0154679767554694
"ATX","ELC","SF3","2031",0.0154679767554694
"ATX","ELC","SF3","2032",0.0154679767554694
"ATX","ELC","SF3","2033",0.0154679767554694
"ATX","ELC","SF3","2034",0.0154679767554694
"ATX","ELC","SF3","2035",0.0154679767554694
"ATX","ELC","SF3","2036",0.0154679767554694
"ATX","ELC","SF3","2037",0.0154679767554694
"ATX","ELC","SF3","2038",0.0154679767554694
"ATX","ELC","SF3","2039",0.0154679767554694
"ATX","ELC","SF3","2040",0.0154679767554694
"ATX","ELC","SF3","2041",0.0154679767554694
"ATX","ELC","SF3","2042",0.0154679767554694
"ATX","ELC","SF3","2043",0.0154679767554694
"ATX","ELC","SF3","2044",0.0154679767554694
"ATX","ELC","SF3","2045",0.0154679767554694
"ATX","ELC","SF3","2046",0.0154679767554694
"ATX","ELC","SF3","2047",0.0154679767554694
"ATX","ELC","SF3","2048",0.0154679767554694
"ATX","ELC","SF3","2049",0.0154679767554694
"ATX","ELC","SF3","2050",0.0154679767554694
"ATX","ELC","SF4","2015",0.0148875402357804
"ATX","ELC","SF4","2016",0.0148875402357804
"ATX","ELC","SF4","2017",0.0148875402357804
"ATX","ELC","SF4","2018",0.0148875402357804
"ATX","ELC","SF4","2019",0.0148875402357804
"ATX","ELC","SF4","2020",0.0148875402357804
"ATX","ELC","SF4","2021",0.0148875402357804
"ATX","ELC","SF4","2022",0.0148875402357804
"ATX","ELC","SF4","2023",0.0148875402357804
"ATX","ELC","SF4","2024",0.0148875402357804
"ATX","ELC","SF4","2025",0.0148875402357804
"ATX","ELC","SF4","2026",0.0148875402357804
"ATX","ELC","SF4","2027",0.0148875402357804
"ATX","ELC","SF4","2028",0.0148875402357804
"ATX","ELC","SF4","2029",0.0148875402357804
"ATX","ELC","SF4","2030",0.0148875402357804
"ATX","ELC","SF4","2031",0.0148875402357804
"ATX","ELC","SF4","2032",0.0148875402357804
"ATX","ELC","SF4","2033",0.0148875402357804
"ATX","ELC","SF4","2034",0.0148875402357804
"ATX","ELC","SF4","2035",0.0148875402357804
"ATX","ELC","SF4","2036",0.0148875402357804
"ATX","ELC","SF4","2037",0.0148875402357804
"ATX","ELC","SF4","2038",0.0148875402357804
"ATX","ELC","SF4","2039",0.0148875402357804
"ATX","ELC","SF4","2040",0.0148875402357804
"ATX","ELC","SF4","2041",0.0148875402357804
"ATX","ELC","SF4","2042",0.0148875402357804
"ATX","ELC","SF4","2043",0.0148875402357804
"ATX","ELC","SF4","2044",0.0148875402357804
"ATX","ELC","SF4","2045",0.0148875402357804
"ATX","ELC","SF4","2046",0.0148875402357804
"ATX","ELC","SF4","2047",0.0148875402357804
"ATX","ELC","SF4","2048",0.0148875402357804
"ATX","ELC","SF4","2049",0.0148875402357804
"ATX","ELC","SF4","2050",0.0148875402357804
"ATX","ELC","SF5","2015",0.0145915320530283
"ATX","ELC","SF5","2016",0.0145915320530283
"ATX","ELC","SF5","2017",0.0145915320530283
"ATX","ELC","SF5","2018",0.0145915320530283
"ATX","ELC","SF5","2019",0.0145915320530283
"ATX","ELC","SF5","2020",0.0145915320530283
"ATX","ELC","SF5","2021",0.0145915320530283
"ATX","ELC","SF5","2022",0.0145915320530283
"ATX","ELC","SF5","2023",0.0145915320530283
"ATX","ELC","SF5","2024",0.0145915320530283
"ATX","ELC","SF5","2025",0.0145915320530283
"ATX","ELC","SF5","2026",0.0145915320530283
"ATX","ELC","SF5","2027",0.0145915320530283
"ATX","ELC","SF5","2028",0.0145915320530283
"ATX","ELC","SF5","2029",0.0145915320530283
"ATX","ELC","SF5","2030",0.0145915320530283
"ATX","ELC","SF5","2031",0.0145915320530283
"ATX","ELC","SF5","2032",0.0145915320530283
"ATX","ELC","SF5","2033",0.0145915320530283
"ATX","ELC","SF5","2034",0.0145915320530283
"ATX","ELC","SF5","2035",0.0145915320530283
"ATX","ELC","SF5","2036",0.0145915320530283
"ATX","ELC","SF5","2037",0.0145915320530283
"ATX","ELC","SF5","2038",0.0145915320530283
"ATX","ELC","SF5","2039",0.0145915320530283
"ATX","ELC","SF5","2040",0.0145915320530283
"ATX","ELC","SF5","2041",0.0145915320530283
"ATX","ELC","SF5","2042",0.0145915320530283
"ATX","ELC","SF5","2043",0.0145915320530283
"ATX","ELC","SF5","2044",0.0145915320530283
"ATX","ELC","SF5","2045",0.0145915320530283
"ATX","ELC","SF5","2046",0.0145915320530283
"ATX","ELC","SF5","2047",0.0145915320530283
"ATX","ELC","SF5","2048",0.0145915320530283
"ATX","ELC","SF5","2049",0.0145915320530283
"ATX","ELC","SF5","2050",0.0145915320530283
"ATX","ELC","SF6","2015",0.0146519139020302
"ATX","ELC","SF6","2016",0.0146519139020302
"ATX","ELC","SF6","2017",0.0146519139020302
"ATX","ELC","SF6","2018",0.0146519139020302
"ATX","ELC","SF6","2019",0.0146519139020302
"ATX","ELC","SF6","2020",0.0146519139020302
"ATX","ELC","SF6","2021",0.0146519139020302
"ATX","ELC","SF6","2022",0.0146519139020302
"ATX","ELC","SF6","2023",0.0146519139020302
"ATX","ELC","SF6","2024",0.0146519139020302
"ATX","ELC","SF6","2025",0.0146519139020302
"ATX","ELC","SF6","2026",0.0146519139020302
"ATX","ELC","SF6","2027",0.0146519139020302
"ATX","ELC","SF6","2028",0.0146519139020302
"ATX","ELC","SF6","2029",0.0146519139020302
"ATX","ELC","SF6","2030",0.0146519139020302
"ATX","ELC","SF6","2031",0.0146519139020302
"ATX","ELC","SF6","2032",0.0146519139020302
"ATX","ELC","SF6","2033",0.0146519139020302
"ATX","ELC","SF6","2034",0.0146519139020302
"ATX","ELC","SF6","2035",0.0146519139020302
"ATX","ELC","SF6","2036",0.0146519139020302
"ATX","ELC","SF6","2037",0.0146519139020302
"ATX","ELC","SF6","2038",0.0146519139020302
"ATX","ELC","SF6","2039",0.0146519139020302
"ATX","ELC","SF6","2040",0.0146519139020302
"ATX","ELC","SF6","2041",0.0146519139020302
"ATX","ELC","SF6","2042",0.0146519139020302
"ATX","ELC","SF6","2043",0.0146519139020302
"ATX","ELC","SF6","2044",0.0146519139020302
"ATX","ELC","SF6","2045",0.0146519139020302
"ATX","ELC","SF6","2046",0.0146519139020302
"ATX","ELC","SF6","2047",0.0146519139020302
"ATX","ELC","SF6","2048",0.0146519139020302
"ATX","ELC","SF6","2049",0.0146519139020302
"ATX","ELC","SF6","2050",0.0146519139020302
"ATX","ELC","SF7","2015",0.0154505234045412
"ATX","ELC","SF7","2016",0.0154505234045412
"ATX","ELC","SF7","2017",0.0154505234045412
"ATX","ELC","SF7","2018",0.0154505234045412
"ATX","ELC","SF7","2019",0.0154505234045412
"ATX","ELC","SF7","2020",0.0154505234045412
"ATX","ELC","SF7","2021",0.0154505234045412
"ATX","ELC","SF7","2022",0.0154505234045412
"ATX","ELC","SF7","2023",0.0154505234045412
"ATX","ELC","SF7","2024",0.0154505234045412
"ATX","ELC","SF7","2025",0.0154505234045412
"ATX","ELC","SF7","2026",0.0154505234045412
"ATX","ELC","SF7","2027",0.0154505234045412
"ATX","ELC","SF7","2028",0.0154505234045412
"ATX","ELC","SF7","2029",0.0154505234045412
"ATX","ELC","SF7","2030",0.0154505234045412
"ATX","ELC","SF7","2031",0.0154505234045412
"ATX","ELC","SF7","2032",0.0154505234045412
"ATX","ELC","SF7","2033",0.0154505234045412
"ATX","ELC","SF7","2034",0.0154505234045412
"ATX","ELC","SF7","2035",0.0154505234045412
"ATX","ELC","SF7","2036",0.0154505234045412
"ATX","ELC","SF7","2037",0.0154505234045412
"ATX","ELC","SF7","2038",0.0154505234045412
"ATX","ELC","SF7","2039",0.0154505234045412
"ATX","ELC","SF7","2040",0.0154505234045412
"ATX","ELC","SF7","2041",0.0154505234045412
"ATX","ELC","SF7","2042",0.0154505234045412
"ATX","ELC","SF7","2043",0.0154505234045412
"ATX","ELC","SF7","2044",0.0154505234045412
"ATX","ELC","SF7","2045",0.0154505234045412
"ATX","ELC","SF7","2046",0.0154505234045412
"ATX","ELC","SF7","2047",0.0154505234045412
"ATX","ELC","SF7","2048",0.0154505234045412
"ATX","ELC","SF7","2049",0.0154505234045412
"ATX","ELC","SF7","2050",0.0154505234045412
"ATX","ELC","SF8","2015",0.0170280662662261
"ATX","ELC","SF8","2016",0.0170280662662261
"ATX","ELC","SF8","2017",0.0170280662662261
"ATX","ELC","SF8","2018",0.0170280662662261
"ATX","ELC","SF8","2019",0.0170280662662261
"ATX","ELC","SF8","2020",0.0170280662662261
"ATX","ELC","SF8","2021",0.0170280662662261
"ATX","ELC","SF8","2022",0.0170280662662261
"ATX","ELC","SF8","2023",0.0170280662662261
"ATX","ELC","SF8","2024",0.0170280662662261
"ATX","ELC","SF8","2025",0.0170280662662261
"ATX","ELC","SF8","2026",0.0170280662662261
"ATX","ELC","SF8","2027",0.0170280662662261
"ATX","ELC","SF8","2028",0.0170280662662261
"ATX","ELC","SF8","2029",0.0170280662662261
"ATX","ELC","SF8","2030",0.0170280662662261
"ATX","ELC","SF8","2031",0.0170280662662261
"ATX","ELC","SF8","2032",0.0170280662662261
"ATX","ELC","SF8","2033",0.0170280662662261
"ATX","ELC","SF8","2034",0.0170280662662261
"ATX","ELC","SF8","2035",0.0170280662662261
"ATX","ELC","SF8","2036",0.0170280662662261
"ATX","ELC","SF8","2037",0.0170280662662261
"ATX","ELC","SF8","2038",0.0170280662662261
"ATX","ELC","SF8","2039",0.0170280662662261
"ATX","ELC","SF8","2040",0.0170280662662261
"ATX","ELC","SF8","2041",0.0170280662662261
"ATX","ELC","SF8","2042",0.0170280662662261
"ATX","ELC","SF8","2043",0.0170280662662261
"ATX","ELC","SF8","2044",0.0170280662662261
"ATX","ELC","SF8","2045",0.0170280662662261
"ATX","ELC","SF8","2046",0.0170280662662261
"ATX","ELC","SF8","2047",0.0170280662662261
"ATX","ELC","SF8","2048",0.0170280662662261
"ATX","ELC","SF8","2049",0.0170280662662261
"ATX","ELC","SF8","2050",0.0170280662662261
"ATX","ELC","SF9","2015",0.0176895226012784
"ATX","ELC","SF9","2016",0.0176895226012784
"ATX","ELC","SF9","2017",0.0176895226012784
"ATX","ELC","SF9","2018",0.0176895226012784
"ATX","ELC","SF9","2019",0.0176895226012784
"ATX","ELC","SF9","2020",0.0176895226012784
"ATX","ELC","SF9","2021",0.0176895226012784
"ATX","ELC","SF9","2022",0.0176895226012784
"ATX","ELC","SF9","2023",0.0176895226012784
"ATX","ELC","SF9","2024",0.0176895226012784
"ATX","ELC","SF9","2025",0.0176895226012784
"ATX","ELC","SF9","2026",0.0176895226012784
"ATX","ELC","SF9","2027",0.0176895226012784
"ATX","ELC","SF9","2028",0.0176895226012784
"ATX","ELC","SF9","2029",0.0176895226012784
"ATX","ELC","SF9","2030",0.0176895226012784
"ATX","ELC","SF9","2031",0.0176895226012784
"ATX","ELC","SF9","2032",0.0176895226012784
"ATX","ELC","SF9","2033",0.0176895226012784
"ATX","ELC","SF9","2034",0.0176895226012784
"ATX","ELC","SF9","2035",0.0176895226012784
"ATX","ELC","SF9","2036",0.0176895226012784
"ATX","ELC","SF9","2037",0.0176895226012784
"ATX","ELC","SF9","2038",0.0176895226012784
"ATX","ELC","SF9","2039",0.0176895226012784
"ATX","ELC","SF9","2040",0.0176895226012784
"ATX","ELC","SF9","2041",0.0176895226012784
"ATX","ELC","SF9","2042",0.0176895226012784
"ATX","ELC","SF9","2043",0.0176895226012784
"ATX","ELC","SF9","2044",0.0176895226012784
"ATX","ELC","SF9","2045",0.0176895226012784
"ATX","ELC","SF9","2046",0.0176895226012784
"ATX","ELC","SF9","2047",0.0176895226012784
"ATX","ELC","SF9","2048",0.0176895226012784
"ATX","ELC","SF9","2049",0.0176895226012784
"ATX","ELC","SF9","2050",0.0176895226012784
"ATX","ELC","SF10","2015",0.0180075082288978
"ATX","ELC","SF10","2016",0.0180075082288978
"ATX","ELC","SF10","2017",0.0180075082288978
"ATX","ELC","SF10","2018",0.0180075082288978
"ATX","ELC","SF10","2019",0.0180075082288978
"ATX","ELC","SF10","2020",0.0180075082288978
"ATX","ELC","SF10","2021",0.0180075082288978
"ATX","ELC","SF10","2022",0.0180075082288978
"ATX","ELC","SF10","2023",0.0180075082288978
"ATX","ELC","SF10","2024",0.0180075082288978
"ATX","ELC","SF10","2025",0.0180075082288978
"ATX","ELC","SF10","2026",0.0180075082288978
"ATX","ELC","SF10","2027",0.0180075082288978
"ATX","ELC","SF10","2028",0.0180075082288978
"ATX","ELC","SF10","2029",0.0180075082288978
"ATX","ELC","SF10","2030",0.0180075082288978
"ATX","ELC","SF10","2031",0.0180075082288978
"ATX","ELC","SF10","2032",0.0180075082288978
"ATX","ELC","SF10","2033",0.0180075082288978
"ATX","ELC","SF10","2034",0.0180075082288978
"ATX","ELC","SF10","2035",0.0180075082288978
"ATX","ELC","SF10","2036",0.0180075082288978
"ATX","ELC","SF10","2037",0.0180075082288978
"ATX","ELC","SF10","2038",0.0180075082288978
"ATX","ELC","SF10","2039",0.0180075082288978
"ATX","ELC","SF10","2040",0.0180075082288978
"ATX","ELC","SF10","2041",0.0180075082288978
"ATX","ELC","SF10","2042",0.0180075082288978
"ATX","ELC","SF10","2043",0.0180075082288978
"ATX","ELC","SF10","2044",0.0180075082288978
"ATX","ELC","SF10","2045",0.0180075082288978
"ATX","ELC","SF10","2046",0.0180075082288978
"ATX","ELC","SF10","2047",0.0180075082288978
"ATX","ELC","SF10","2048",0.0180075082288978
"ATX","ELC","SF10","2049",0.0180075082288978
"ATX","ELC","SF10","2050",0.0180075082288978
"ATX","ELC","SF11","2015",0.0187230090074772
"ATX","ELC","SF11","2016",0.0187230090074772
"ATX","ELC","SF11","2017",0.0187230090074772
"ATX","ELC","SF11","2018",0.0187230090074772
"ATX","ELC","SF11","2019",0.0187230090074772
"ATX","ELC","SF11","2020",0.0187230090074772
"ATX","ELC","SF11","2021",0.0187230090074772
"ATX","ELC","SF11","2022",0.0187230090074772
"ATX","ELC","SF11","2023",0.0187230090074772
"ATX","ELC","SF11","2024",0.0187230090074772
"ATX","ELC","SF11","2025",0.0187230090074772
"ATX","ELC","SF11","2026",0.0187230090074772
"ATX","ELC","SF11","2027",0.0187230090074772
"ATX","ELC","SF11","2028",0.0187230090074772
"ATX","ELC","SF11","2029",0.0187230090074772
"ATX","ELC","SF11","2030",0.0187230090074772
"ATX","ELC","SF11","2031",0.0187230090074772
"ATX","ELC","SF11","2032",0.0187230090074772
"ATX","ELC","SF11","2033",0.0187230090074772
"ATX","ELC","SF11","2034",0.0187230090074772
"ATX","ELC","SF11","2035",0.0187230090074772
"ATX","ELC","SF11","2036",0.0187230090074772
"ATX","ELC","SF11","2037",0.0187230090074772
"ATX","ELC","SF11","2038",0.0187230090074772
"ATX","ELC","SF11","2039",0.0187230090074772
"ATX","ELC","SF11","2040",0.0187230090074772
"ATX","ELC","SF11","2041",0.0187230090074772
"ATX","ELC","SF11","2042",0.0187230090074772
"ATX","ELC","SF11","2043",0.0187230090074772
"ATX","ELC","SF11","2044",0.0187230090074772
"ATX","ELC","SF11","2045",0.0187230090074772
"ATX","ELC","SF11","2046",0.0187230090074772
"ATX","ELC","SF11","2047",0.0187230090074772
"ATX","ELC","SF11","2048",0.0187230090074772
"ATX","ELC","SF11","2049",0.0187230090074772
"ATX","ELC","SF11","2050",0.0187230090074772
"ATX","ELC","SF12","2015",0.0195170531799759
"ATX","ELC","SF12","2016",0.0195170531799759
"ATX","ELC","SF12","2017",0.0195170531799759
"ATX","ELC","SF12","2018",0.0195170531799759
"ATX","ELC","SF12","2019",0.0195170531799759
"ATX","ELC","SF12","2020",0.0195170531799759
"ATX","ELC","SF12","2021",0.0195170531799759
"ATX","ELC","SF12","2022",0.0195170531799759
"ATX","ELC","SF12","2023",0.0195170531799759
"ATX","ELC","SF12","2024",0.0195170531799759
"ATX","ELC","SF12","2025",0.0195170531799759
"ATX","ELC","SF12","2026",0.0195170531799759
"ATX","ELC","SF12","2027",0.0195170531799759
"ATX","ELC","SF12","2028",0.0195170531799759
"ATX","ELC","SF12","2029",0.0195170531799759
"ATX","ELC","SF12","2030",0.0195170531799759
"ATX","ELC","SF12","2031",0.0195170531799759
"ATX","ELC","SF12","2032",0.0195170531799759
"ATX","ELC","SF12","2033",0.0195170531799759
"ATX","ELC","SF12","2034",0.0195170531799759
"ATX","ELC","SF12","2035",0.0195170531799759
"ATX","ELC","SF12","2036",0.0195170531799759
"ATX","ELC","SF12","2037",0.0195170531799759
"ATX","ELC","SF12","2038",0.0195170531799759
"ATX","ELC","SF12","2039",0.0195170531799759
"ATX","ELC","SF12","2040",0.0195170531799759
"ATX","ELC","SF12","2041",0.0195170531799759
"ATX","ELC","SF12","2042",0.0195170531799759
"ATX","ELC","SF12","2043",0.0195170531799759
"ATX","ELC","SF12","2044",0.0195170531799759
"ATX","ELC","SF12","2045",0.0195170531799759
"ATX","ELC","SF12","2046",0.0195170531799759
"ATX","ELC","SF12","2047",0.0195170531799759
"ATX","ELC","SF12","2048",0.0195170531799759
"ATX","ELC","SF12","2049",0.0195170531799759
"ATX","ELC","SF12","2050",0.0195170531799759
"ATX","ELC","SF13","2015",0.0202353969486849
"ATX","ELC","SF13","2016",0.0202353969486849
"ATX","ELC","SF13","2017",0.0202353969486849
"ATX","ELC","SF13","2018",0.0202353969486849
"ATX","ELC","SF13","2019",0.0202353969486849
"ATX","ELC","SF13","2020",0.0202353969486849
"ATX","ELC","SF13","2021",0.0202353969486849
"ATX","ELC","SF13","2022",0.0202353969486849
"ATX","ELC","SF13","2023",0.0202353969486849
"ATX","ELC","SF13","2024",0.0202353969486849
"ATX","ELC","SF13","2025",0.0202353969486849
"ATX","ELC","SF13","2026",0.0202353969486849
"ATX","ELC","SF13","2027",0.0202353969486849
"ATX","ELC","SF13","2028",0.0202353969486849
"ATX","ELC","SF13","2029",0.0202353969486849
"ATX","ELC","SF13","2030",0.0202353969486849
"ATX","ELC","SF13","2031",0.0202353969486849
"ATX","ELC","SF13","2032",0.0202353969486849
"ATX","ELC","SF13","2033",0.0202353969486849
"ATX","ELC","SF13","2034",0.0202353969486849
"ATX","ELC","SF13","2035",0.0202353969486849
"ATX","ELC","SF13","2036",0.0202353969486849
"ATX","ELC","SF13","2037",0.0202353969486849
"ATX","ELC","SF13","2038",0.0202353969486849
"ATX","ELC","SF13","2039",0.0202353969486849
"ATX","ELC","SF13","2040",0.0202353969486849
"ATX","ELC","SF13","2041",0.0202353969486849
"ATX","ELC","SF13","2042",0.0202353969486849
"ATX","ELC","SF13","2043",0.0202353969486849
"ATX","ELC","SF13","2044",0.0202353969486849
"ATX","ELC","SF13","2045",0.0202353969486849
"ATX","ELC","SF13","2046",0.0202353969486849
"ATX","ELC","SF13","2047",0.0202353969486849
"ATX","ELC","SF13","2048",0.0202353969486849
"ATX","ELC","SF13","2049",0.0202353969486849
"ATX","ELC","SF13","2050",0.0202353969486849
"ATX","ELC","SF14","2015",0.0209040288998419
"ATX","ELC","SF14","2016",0.0209040288998419
"ATX","ELC","SF14","2017",0.0209040288998419
"ATX","ELC","SF14","2018",0.0209040288998419
"ATX","ELC","SF14","2019",0.0209040288998419
"ATX","ELC","SF14","2020",0.0209040288998419
"ATX","ELC","SF14","2021",0.0209040288998419
"ATX","ELC","SF14","2022",0.0209040288998419
"ATX","ELC","SF14","2023",0.0209040288998419
"ATX","ELC","SF14","2024",0.0209040288998419
"ATX","ELC","SF14","2025",0.0209040288998419
"ATX","ELC","SF14","2026",0.0209040288998419
"ATX","ELC","SF14","2027",0.0209040288998419
"ATX","ELC","SF14","2028",0.0209040288998419
"ATX","ELC","SF14","2029",0.0209040288998419
"ATX","ELC","SF14","2030",0.0209040288998419
"ATX","ELC","SF14","2031",0.0209040288998419
"ATX","ELC","SF14","2032",0.0209040288998419
"ATX","ELC","SF14","2033",0.0209040288998419
"ATX","ELC","SF14","2034",0.0209040288998419
"ATX","ELC","SF14","2035",0.0209040288998419
"ATX","ELC","SF14","2036",0.0209040288998419
"ATX","ELC","SF14","2037",0.0209040288998419
"ATX","ELC","SF14","2038",0.0209040288998419
"ATX","ELC","SF14","2039",0.0209040288998419
"ATX","ELC","SF14","2040",0.0209040288998419
"ATX","ELC","SF14","2041",0.0209040288998419
"ATX","ELC","SF14","2042",0.0209040288998419
"ATX","ELC","SF14","2043",0.0209040288998419
"ATX","ELC","SF14","2044",0.0209040288998419
"ATX","ELC","SF14","2045",0.0209040288998419
"ATX","ELC","SF14","2046",0.0209040288998419
"ATX","ELC","SF14","2047",0.0209040288998419
"ATX","ELC","SF14","2048",0.0209040288998419
"ATX","ELC","SF14","2049",0.0209040288998419
"ATX","ELC","SF14","2050",0.0209040288998419
"ATX","ELC","SF15","2015",0.0215579821022833
"ATX","ELC","SF15","2016",0.0215579821022833
"ATX","ELC","SF15","2017",0.0215579821022833
"ATX","ELC","SF15","2018",0.0215579821022833
"ATX","ELC","SF15","2019",0.0215579821022833
"ATX","ELC","SF15","2020",0.0215579821022833
"ATX","ELC","SF15","2021",0.0215579821022833
"ATX","ELC","SF15","2022",0.0215579821022833
"ATX","ELC","SF15","2023",0.0215579821022833
"ATX","ELC","SF15","2024",0.0215579821022833
"ATX","ELC","SF15","2025",0.0215579821022833
"ATX","ELC","SF15","2026",0.0215579821022833
"ATX","ELC","SF15","2027",0.0215579821022833
"ATX","ELC","SF15","2028",0.0215579821022833
"ATX","ELC","SF15","2029",0.0215579821022833
"ATX","ELC","SF15","2030",0.0215579821022833
"ATX","ELC","SF15","2031",0.0215579821022833
"ATX","ELC","SF15","2032",0.0215579821022833
"ATX","ELC","SF15","2033",0.0215579821022833
"ATX","ELC","SF15","2034",0.0215579821022833
"ATX","ELC","SF15","2035",0.0215579821022833
"ATX","ELC","SF15","2036",0.0215579821022833
"ATX","ELC","SF15","2037",0.0215579821022833
"ATX","ELC","SF15","2038",0.0215579821022833
"ATX","ELC","SF15","2039",0.0215579821022833
"ATX","ELC","SF15","2040",0.0215579821022833
"ATX","ELC","SF15","2041",0.0215579821022833
"ATX","ELC","SF15","2042",0.0215579821022833
"ATX","ELC","SF15","2043",0.0215579821022833
"ATX","ELC","SF15","2044",0.0215579821022833
"ATX","ELC","SF15","2045",0.0215579821022833
"ATX","ELC","SF15","2046",0.0215579821022833
"ATX","ELC","SF15","2047",0.0215579821022833
"ATX","ELC","SF15","2048",0.0215579821022833
"ATX","ELC","SF15","2049",0.0215579821022833
"ATX","ELC","SF15","2050",0.0215579821022833
"ATX","ELC","SF16","2015",0.0220962154791736
"ATX","ELC","SF16","2016",0.0220962154791736
"ATX","ELC","SF16","2017",0.0220962154791736
"ATX","ELC","SF16","2018",0.0220962154791736
"ATX","ELC","SF16","2019",0.0220962154791736
"ATX","ELC","SF16","2020",0.0220962154791736
"ATX","ELC","SF16","2021",0.0220962154791736
"ATX","ELC","SF16","2022",0.0220962154791736
"ATX","ELC","SF16","2023",0.0220962154791736
"ATX","ELC","SF16","2024",0.0220962154791736
"ATX","ELC","SF16","2025",0.0220962154791736
"ATX","ELC","SF16","2026",0.0220962154791736
"ATX","ELC","SF16","2027",0.0220962154791736
"ATX","ELC","SF16","2028",0.0220962154791736
"ATX","ELC","SF16","2029",0.0220962154791736
"ATX","ELC","SF16","2030",0.0220962154791736
"ATX","ELC","SF16","2031",0.0220962154791736
"ATX","ELC","SF16","2032",0.0220962154791736
"ATX","ELC","SF16","2033",0.0220962154791736
"ATX","ELC","SF16","2034",0.0220962154791736
"ATX","ELC","SF16","2035",0.0220962154791736
"ATX","ELC","SF16","2036",0.0220962154791736
"ATX","ELC","SF16","2037",0.0220962154791736
"ATX","ELC","SF16","2038",0.0220962154791736
"ATX","ELC","SF16","2039",0.0220962154791736
"ATX","ELC","SF16","2040",0.0220962154791736
"ATX","ELC","SF16","2041",0.0220962154791736
"ATX","ELC","SF16","2042",0.0220962154791736
"ATX","ELC","SF16","2043",0.0220962154791736
"ATX","ELC","SF16","2044",0.0220962154791736
"ATX","ELC","SF16","2045",0.0220962154791736
"ATX","ELC","SF16","2046",0.0220962154791736
"ATX","ELC","SF16","2047",0.0220962154791736
"ATX","ELC","SF16","2048",0.0220962154791736
"ATX","ELC","SF16","2049",0.0220962154791736
"ATX","ELC","SF16","2050",0.0220962154791736
"ATX","ELC","SF17","2015",0.022580781095761
"ATX","ELC","SF17","2016",0.022580781095761
"ATX","ELC","SF17","2017",0.022580781095761
"ATX","ELC","SF17","2018",0.022580781095761
"ATX","ELC","SF17","2019",0.022580781095761
"ATX","ELC","SF17","2020",0.022580781095761
"ATX","ELC","SF17","2021",0.022580781095761
"ATX","ELC","SF17","2022",0.022580781095761
"ATX","ELC","SF17","2023",0.022580781095761
"ATX","ELC","SF17","2024",0.022580781095761
"ATX","ELC","SF17","2025",0.022580781095761
"ATX","ELC","SF17","2026",0.022580781095761
"ATX","ELC","SF17","2027",0.022580781095761
"ATX","ELC","SF17","2028",0.022580781095761
"ATX","ELC","SF17","2029",0.022580781095761
"ATX","ELC","SF17","2030",0.022580781095761
"ATX","ELC","SF17","2031",0.022580781095761
"ATX","ELC","SF17","2032",0.022580781095761
"ATX","ELC","SF17","2033",0.022580781095761
"ATX","ELC","SF17","2034",0.022580781095761
"ATX","ELC","SF17","2035",0.022580781095761
"ATX","ELC","SF17","2036",0.022580781095761
"ATX","ELC","SF17","2037",0.022580781095761
"ATX","ELC","SF17","2038",0.022580781095761
"ATX","ELC","SF17","2039",0.022580781095761
"ATX","ELC","SF17","2040",0.022580781095761
"ATX","ELC","SF17","2041",0.022580781095761
"ATX","ELC","SF17","2042",0.022580781095761
"ATX","ELC","SF17","2043",0.022580781095761
"ATX","ELC","SF17","2044",0.022580781095761
"ATX","ELC","SF17","2045",0.022580781095761
"ATX","ELC","SF17","2046",0.022580781095761
"ATX","ELC","SF17","2047",0.022580781095761
"ATX","ELC","SF17","2048",0.022580781095761
"ATX","ELC","SF17","2049",0.022580781095761
"ATX","ELC","SF17","2050",0.022580781095761
"ATX","ELC","SF18","2015",0.0229405628390174
"ATX","ELC","SF18","2016",0.0229405628390174
"ATX","ELC","SF18","2017",0.0229405628390174
"ATX","ELC","SF18","2018",0.0229405628390174
"ATX","ELC","SF18","2019",0.0229405628390174
"ATX","ELC","SF18","2020",0.0229405628390174
"ATX","ELC","SF18","2021",0.0229405628390174
"ATX","ELC","SF18","2022",0.0229405628390174
"ATX","ELC","SF18","2023",0.0229405628390174
"ATX","ELC","SF18","2024",0.0229405628390174
"ATX","ELC","SF18","2025",0.0229405628390174
"ATX","ELC","SF18","2026",0.0229405628390174
"ATX","ELC","SF18","2027",0.0229405628390174
"ATX","ELC","SF18","2028",0.0229405628390174
"ATX","ELC","SF18","2029",0.0229405628390174
"ATX","ELC","SF18","2030",0.0229405628390174
"ATX","ELC","SF18","2031",0.0229405628390174
"ATX","ELC","SF18","2032",0.0229405628390174
"ATX","ELC","SF18","2033",0.0229405628390174
"ATX","ELC","SF18","2034",0.0229405628390174
"ATX","ELC","SF18","2035",0.0229405628390174
"ATX","ELC","SF18","2036",0.0229405628390174
"ATX","ELC","SF18","2037",0.0229405628390174
"ATX","ELC","SF18","2038",0.0229405628390174
"ATX","ELC","SF18","2039",0.0229405628390174
"ATX","ELC","SF18","2040",0.0229405628390174
"ATX","ELC","SF18","2041",0.0229405628390174
"ATX","ELC","SF18","2042",0.0229405628390174
"ATX","ELC","SF18","2043",0.0229405628390174
"ATX","ELC","SF18","2044",0.0229405628390174
"ATX","ELC","SF18","2045",0.0229405628390174
"ATX","ELC","SF18","2046",0.0229405628390174
"ATX","ELC","SF18","2047",0.0229405628390174
"ATX","ELC","SF18","2048",0.0229405628390174
"ATX","ELC","SF18","2049",0.0229405628390174
"ATX","ELC","SF18","2050",0.0229405628390174
"ATX","ELC","SF19","2015",0.023127076568646
"ATX","ELC","SF19","2016",0.023127076568646
"ATX","ELC","SF19","2017",0.023127076568646
"ATX","ELC","SF19","2018",0.023127076568646
"ATX","ELC","SF19","2019",0.023127076568646
"ATX","ELC","SF19","2020",0.023127076568646
"ATX","ELC","SF19","2021",0.023127076568646
"ATX","ELC","SF19","2022",0.023127076568646
"ATX","ELC","SF19","2023",0.023127076568646
"ATX","ELC","SF19","2024",0.023127076568646
"ATX","ELC","SF19","2025",0.023127076568646
"ATX","ELC","SF19","2026",0.023127076568646
"ATX","ELC","SF19","2027",0.023127076568646
"ATX","ELC","SF19","2028",0.023127076568646
"ATX","ELC","SF19","2029",0.023127076568646
"ATX","ELC","SF19","2030",0.023127076568646
"ATX","ELC","SF19","2031",0.023127076568646
"ATX","ELC","SF19","2032",0.023127076568646
"ATX","ELC","SF19","2033",0.023127076568646
"ATX","ELC","SF19","2034",0.023127076568646
"ATX","ELC","SF19","2035",0.023127076568646
"ATX","ELC","SF19","2036",0.023127076568646
"ATX","ELC","SF19","2037",0.023127076568646
"ATX","ELC","SF19","2038",0.023127076568646
"ATX","ELC","SF19","2039",0.023127076568646
"ATX","ELC","SF19","2040",0.023127076568646
"ATX","ELC","SF19","2041",0.023127076568646
"ATX","ELC","SF19","2042",0.023127076568646
"ATX","ELC","SF19","2043",0.023127076568646
"ATX","ELC","SF19","2044",0.023127076568646
"ATX","ELC","SF19","2045",0.023127076568646
"ATX","ELC","SF19","2046",0.023127076568646
"ATX","ELC","SF19","2047",0.023127076568646
"ATX","ELC","SF19","2048",0.023127076568646
"ATX","ELC","SF19","2049",0.023127076568646
"ATX","ELC","SF19","2050",0.023127076568646
"ATX","ELC","SF20","2015",0.0229864928128649
"ATX","ELC","SF20","2016",0.0229864928128649
"ATX","ELC","SF20","2017",0.0229864928128649
"ATX","ELC","SF20","2018",0.0229864928128649
"ATX","ELC","SF20","2019",0.0229864928128649
"ATX","ELC","SF20","2020",0.0229864928128649
"ATX","ELC","SF20","2021",0.0229864928128649
"ATX","ELC","SF20","2022",0.0229864928128649
"ATX","ELC","SF20","2023",0.0229864928128649
"ATX","ELC","SF20","2024",0.0229864928128649
"ATX","ELC","SF20","2025",0.0229864928128649
"ATX","ELC","SF20","2026",0.0229864928128649
"ATX","ELC","SF20","2027",0.0229864928128649
"ATX","ELC","SF20","2028",0.0229864928128649
"ATX","ELC","SF20","2029",0.0229864928128649
"ATX","ELC","SF20","2030",0.0229864928128649
"ATX","ELC","SF20","2031",0.0229864928128649
"ATX","ELC","SF20","2032",0.0229864928128649
"ATX","ELC","SF20","2033",0.0229864928128649
"ATX","ELC","SF20","2034",0.0229864928128649
"ATX","ELC","SF20","2035",0.0229864928128649
"ATX","ELC","SF20","2036",0.0229864928128649
"ATX","ELC","SF20","2037",0.0229864928128649
"ATX","ELC","SF20","2038",0.0229864928128649
"ATX","ELC","SF20","2039",0.0229864928128649
"ATX","ELC","SF20","2040",0.0229864928128649
"ATX","ELC","SF20","2041",0.0229864928128649
"ATX","ELC","SF20","2042",0.0229864928128649
"ATX","ELC","SF20","2043",0.0229864928128649
"ATX","ELC","SF20","2044",0.0229864928128649
"ATX","ELC","SF20","2045",0.0229864928128649
"ATX","ELC","SF20","2046",0.0229864928128649
"ATX","ELC","SF20","2047",0.0229864928128649
"ATX","ELC","SF20","2048",0.0229864928128649
"ATX","ELC","SF20","2049",0.0229864928128649
"ATX","ELC","SF20","2050",0.0229864928128649
"ATX","ELC","SF21","2015",0.0226099128687166
"ATX","ELC","SF21","2016",0.0226099128687166
"ATX","ELC","SF21","2017",0.0226099128687166
"ATX","ELC","SF21","2018",0.0226099128687166
"ATX","ELC","SF21","2019",0.0226099128687166
"ATX","ELC","SF21","2020",0.0226099128687166
"ATX","ELC","SF21","2021",0.0226099128687166
"ATX","ELC","SF21","2022",0.0226099128687166
"ATX","ELC","SF21","2023",0.0226099128687166
"ATX","ELC","SF21","2024",0.0226099128687166
"ATX","ELC","SF21","2025",0.0226099128687166
"ATX","ELC","SF21","2026",0.0226099128687166
"ATX","ELC","SF21","2027",0.0226099128687166
"ATX","ELC","SF21","2028",0.0226099128687166
"ATX","ELC","SF21","2029",0.0226099128687166
"ATX","ELC","SF21","2030",0.0226099128687166
"ATX","ELC","SF21","2031",0.0226099128687166
"ATX","ELC","SF21","2032",0.0226099128687166
"ATX","ELC","SF21","2033",0.0226099128687166
"ATX","ELC","SF21","2034",0.0226099128687166
"ATX","ELC","SF21","2035",0.0226099128687166
"ATX","ELC","SF21","2036",0.0226099128687166
"ATX","ELC","SF21","2037",0.0226099128687166
"ATX","ELC","SF21","2038",0.0226099128687166
"ATX","ELC","SF21","2039",0.0226099128687166
"ATX","ELC","SF21","2040",0.0226099128687166
"ATX","ELC","SF21","2041",0.0226099128687166
"ATX","ELC","SF21","2042",0.0226099128687166
"ATX","ELC","SF21","2043",0.0226099128687166
"ATX","ELC","SF21","2044",0.0226099128687166
"ATX","ELC","SF21","2045",0.0226099128687166
"ATX","ELC","SF21","2046",0.0226099128687166
"ATX","ELC","SF21","2047",0.0226099128687166
"ATX","ELC","SF21","2048",0.0226099128687166
"ATX","ELC","SF21","2049",0.0226099128687166
"ATX","ELC","SF21","2050",0.0226099128687166
"ATX","ELC","SF22","2015",0.0223948914503962
"ATX","ELC","SF22","2016",0.0223948914503962
"ATX","ELC","SF22","2017",0.0223948914503962
"ATX","ELC","SF22","2018",0.0223948914503962
"ATX","ELC","SF22","2019",0.0223948914503962
"ATX","ELC","SF22","2020",0.0223948914503962
"ATX","ELC","SF22","2021",0.0223948914503962
"ATX","ELC","SF22","2022",0.0223948914503962
"ATX","ELC","SF22","2023",0.0223948914503962
"ATX","ELC","SF22","2024",0.0223948914503962
"ATX","ELC","SF22","2025",0.0223948914503962
"ATX","ELC","SF22","2026",0.0223948914503962
"ATX","ELC","SF22","2027",0.0223948914503962
"ATX","ELC","SF22","2028",0.0223948914503962
"ATX","ELC","SF22","2029",0.0223948914503962
"ATX","ELC","SF22","2030",0.0223948914503962
"ATX","ELC","SF22","2031",0.0223948914503962
"ATX","ELC","SF22","2032",0.0223948914503962
"ATX","ELC","SF22","2033",0.0223948914503962
"ATX","ELC","SF22","2034",0.0223948914503962
"ATX","ELC","SF22","2035",0.0223948914503962
"ATX","ELC","SF22","2036",0.0223948914503962
"ATX","ELC","SF22","2037",0.0223948914503962
"ATX","ELC","SF22","2038",0.0223948914503962
"ATX","ELC","SF22","2039",0.0223948914503962
"ATX","ELC","SF22","2040",0.0223948914503962
"ATX","ELC","SF22","2041",0.0223948914503962
"ATX","ELC","SF22","2042",0.0223948914503962
"ATX","ELC","SF22","2043",0.0223948914503962
"ATX","ELC","SF22","2044",0.0223948914503962
"ATX","ELC","SF22","2045",0.0223948914503962
"ATX","ELC","SF22","2046",0.0223948914503962
"ATX","ELC","SF22","2047",0.0223948914503962
"ATX","ELC","SF22","2048",0.0223948914503962
"ATX","ELC","SF22","2049",0.0223948914503962
"ATX","ELC","SF22","2050",0.0223948914503962
"ATX","ELC","SF23","2015",0.0213942971187149
"ATX","ELC","SF23","2016",0.0213942971187149
"ATX","ELC","SF23","2017",0.0213942971187149
"ATX","ELC","SF23","2018",0.0213942971187149
"ATX","ELC","SF23","2019",0.0213942971187149
"ATX","ELC","SF23","2020",0.0213942971187149
"ATX","ELC","SF23","2021",0.0213942971187149
"ATX","ELC","SF23","2022",0.0213942971187149
"ATX","ELC","SF23","2023",0.0213942971187149
"ATX","ELC","SF23","2024",0.0213942971187149
"ATX","ELC","SF23","2025",0.0213942971187149
"ATX","ELC","SF23","2026",0.0213942971187149
"ATX","ELC","SF23","2027",0.0213942971187149
"ATX","ELC","SF23","2028",0.0213942971187149
"ATX","ELC","SF23","2029",0.0213942971187149
"ATX","ELC","SF23","2030",0.0213942971187149
"ATX","ELC","SF23","2031",0.0213942971187149
"ATX","ELC","SF23","2032",0.0213942971187149
"ATX","ELC","SF23","2033",0.0213942971187149
"ATX","ELC","SF23","2034",0.0213942971187149
"ATX","ELC","SF23","2035",0.0213942971187149
"ATX","ELC","SF23","2036",0.0213942971187149
"ATX","ELC","SF23","2037",0.0213942971187149
"ATX","ELC","SF23","2038",0.0213942971187149
"ATX","ELC","SF23","2039",0.0213942971187149
"ATX","ELC","SF23","2040",0.0213942971187149
"ATX","ELC","SF23","2041",0.0213942971187149
"ATX","ELC","SF23","2042",0.0213942971187149
"ATX","ELC","SF23","2043",0.0213942971187149
"ATX","ELC","SF23","2044",0.0213942971187149
"ATX","ELC","SF23","2045",0.0213942971187149
"ATX","ELC","SF23","2046",0.0213942971187149
"ATX","ELC","SF23","2047",0.0213942971187149
"ATX","ELC","SF23","2048",0.0213942971187149
"ATX","ELC","SF23","2049",0.0213942971187149
"ATX","ELC","SF23","2050",0.0213942971187149
"ATX","ELC","SF24","2015",0.0197197180450751
"ATX","ELC","SF24","2016",0.0197197180450751
"ATX","ELC","SF24","2017",0.0197197180450751
"ATX","ELC","SF24","2018",0.0197197180450751
"ATX","ELC","SF24","2019",0.0197197180450751
"ATX","ELC","SF24","2020",0.0197197180450751
"ATX","ELC","SF24","2021",0.0197197180450751
"ATX","ELC","SF24","2022",0.0197197180450751
"ATX","ELC","SF24","2023",0.0197197180450751
"ATX","ELC","SF24","2024",0.0197197180450751
"ATX","ELC","SF24","2025",0.0197197180450751
"ATX","ELC","SF24","2026",0.0197197180450751
"ATX","ELC","SF24","2027",0.0197197180450751
"ATX","ELC","SF24","2028",0.0197197180450751
"ATX","ELC","SF24","2029",0.0197197180450751
"ATX","ELC","SF24","2030",0.0197197180450751
"ATX","ELC","SF24","2031",0.0197197180450751
"ATX","ELC","SF24","2032",0.0197197180450751
"ATX","ELC","SF24","2033",0.0197197180450751
"ATX","ELC","SF24","2034",0.0197197180450751
"ATX","ELC","SF24","2035",0.0197197180450751
"ATX","ELC","SF24","2036",0.0197197180450751
"ATX","ELC","SF24","2037",0.0197197180450751
"ATX","ELC","SF24","2038",0.0197197180450751
"ATX","ELC","SF24","2039",0.0197197180450751
"ATX","ELC","SF24","2040",0.0197197180450751
"ATX","ELC","SF24","2041",0.0197197180450751
"ATX","ELC","SF24","2042",0.0197197180450751
"ATX","ELC","SF24","2043",0.0197197180450751
"ATX","ELC","SF24","2044",0.0197197180450751
"ATX","ELC","SF24","2045",0.0197197180450751
"ATX","ELC","SF24","2046",0.0197197180450751
"ATX","ELC","SF24","2047",0.0197197180450751
"ATX","ELC","SF24","2048",0.0197197180450751
"ATX","ELC","SF24","2049",0.0197197180450751
"ATX","ELC","SF24","2050",0.0197197180450751
"ATX","ELC","S1","2015",0.0121407019136297
"ATX","ELC","S1","2016",0.0121407019136297
"ATX","ELC","S1","2017",0.0121407019136297
"ATX","ELC","S1","2018",0.0121407019136297
"ATX","ELC","S1","2019",0.0121407019136297
"ATX","ELC","S1","2020",0.0121407019136297
"ATX","ELC","S1","2021",0.0121407019136297
"ATX","ELC","S1","2022",0.0121407019136297
"ATX","ELC","S1","2023",0.0121407019136297
"ATX","ELC","S1","2024",0.0121407019136297
"ATX","ELC","S1","2025",0.0121407019136297
"ATX","ELC","S1","2026",0.0121407019136297
"ATX","ELC","S1","2027",0.0121407019136297
"ATX","ELC","S1","2028",0.0121407019136297
"ATX","ELC","S1","2029",0.0121407019136297
"ATX","ELC","S1","2030",0.0121407019136297
"ATX","ELC","S1","2031",0.0121407019136297
"ATX","ELC","S1","2032",0.0121407019136297
"ATX","ELC","S1","2033",0.0121407019136297
"ATX","ELC","S1","2034",0.0121407019136297
"ATX","ELC","S1","2035",0.0121407019136297
"ATX","ELC","S1","2036",0.0121407019136297
"ATX","ELC","S1","2037",0.0121407019136297
"ATX","ELC","S1","2038",0.0121407019136297
"ATX","ELC","S1","2039",0.0121407019136297
"ATX","ELC","S1","2040",0.0121407019136297
"ATX","ELC","S1","2041",0.0121407019136297
"ATX","ELC","S1","2042",0.0121407019136297
"ATX","ELC","S1","2043",0.0121407019136297
"ATX","ELC","S1","2044",0.0121407019136297
"ATX","ELC","S1","2045",0.0121407019136297
"ATX","ELC","S1","2046",0.0121407019136297
"ATX","ELC","S1","2047",0.0121407019136297
"ATX","ELC","S1","2048",0.0121407019136297
"ATX","ELC","S1","2049",0.0121407019136297
"ATX","ELC","S1","2050",0.0121407019136297
"ATX","ELC","S2","2015",0.0110806328557676
"ATX","ELC","S2","2016",0.0110806328557676
"ATX","ELC","S2","2017",0.0110806328557676
"ATX","ELC","S2","2018",0.0110806328557676
"ATX","ELC","S2","2019",0.0110806328557676
"ATX","ELC","S2","2020",0.0110806328557676
"ATX","ELC","S2","2021",0.0110806328557676
"ATX","ELC","S2","2022",0.0110806328557676
"ATX","ELC","S2","2023",0.0110806328557676
"ATX","ELC","S2","2024",0.0110806328557676
"ATX","ELC","S2","2025",0.0110806328557676
"ATX","ELC","S2","2026",0.0110806328557676
"ATX","ELC","S2","2027",0.0110806328557676
"ATX","ELC","S2","2028",0.0110806328557676
"ATX","ELC","S2","2029",0.0110806328557676
"ATX","ELC","S2","2030",0.0110806328557676
"ATX","ELC","S2","2031",0.0110806328557676
"ATX","ELC","S2","2032",0.0110806328557676
"ATX","ELC","S2","2033",0.0110806328557676
"ATX","ELC","S2","2034",0.0110806328557676
"ATX","ELC","S2","2035",0.0110806328557676
"ATX","ELC","S2","2036",0.0110806328557676
"ATX","ELC","S2","2037",0.0110806328557676
"ATX","ELC","S2","2038",0.0110806328557676
"ATX","ELC","S2","2039",0.0110806328557676
"ATX","ELC","S2","2040",0.0110806328557676
"ATX","ELC","S2","2041",0.0110806328557676
"ATX","ELC","S2","2042",0.0110806328557676
"ATX","ELC","S2","2043",0.0110806328557676
"ATX","ELC","S2","2044",0.0110806328557676
"ATX","ELC","S2","2045",0.0110806328557676
"ATX","ELC","S2","2046",0.0110806328557676
"ATX","ELC","S2","2047",0.0110806328557676
"ATX","ELC","S2","2048",0.0110806328557676
"ATX","ELC","S2","2049",0.0110806328557676
"ATX","ELC","S2","2050",0.0110806328557676
"ATX","ELC","S3","2015",0.010306049050825
"ATX","ELC","S3","2016",0.010306049050825
"ATX","ELC","S3","2017",0.010306049050825
"ATX","ELC","S3","2018",0.010306049050825
"ATX","ELC","S3","2019",0.010306049050825
"ATX","ELC","S3","2020",0.010306049050825
"ATX","ELC","S3","2021",0.010306049050825
"ATX","ELC","S3","2022",0.010306049050825
"ATX","ELC","S3","2023",0.010306049050825
"ATX","ELC","S3","2024",0.010306049050825
"ATX","ELC","S3","2025",0.010306049050825
"ATX","ELC","S3","2026",0.010306049050825
"ATX","ELC","S3","2027",0.010306049050825
"ATX","ELC","S3","2028",0.010306049050825
"ATX","ELC","S3","2029",0.010306049050825
"ATX","ELC","S3","2030",0.010306049050825
"ATX","ELC","S3","2031",0.010306049050825
"ATX","ELC","S3","2032",0.010306049050825
"ATX","ELC","S3","2033",0.010306049050825
"ATX","ELC","S3","2034",0.010306049050825
"ATX","ELC","S3","2035",0.010306049050825
"ATX","ELC","S3","2036",0.010306049050825
"ATX","ELC","S3","2037",0.010306049050825
"ATX","ELC","S3","2038",0.010306049050825
"ATX","ELC","S3","2039",0.010306049050825
"ATX","ELC","S3","2040",0.010306049050825
"ATX","ELC","S3","2041",0.010306049050825
"ATX","ELC","S3","2042",0.010306049050825
"ATX","ELC","S3","2043",0.010306049050825
"ATX","ELC","S3","2044",0.010306049050825
"ATX","ELC","S3","2045",0.010306049050825
"ATX","ELC","S3","2046",0.010306049050825
"ATX","ELC","S3","2047",0.010306049050825
"ATX","ELC","S3","2048",0.010306049050825
"ATX","ELC","S3","2049",0.010306049050825
"ATX","ELC","S3","2050",0.010306049050825
"ATX","ELC","S4","2015",0.00977097083757978
"ATX","ELC","S4","2016",0.00977097083757978
"ATX","ELC","S4","2017",0.00977097083757978
"ATX","ELC","S4","2018",0.00977097083757978
"ATX","ELC","S4","2019",0.00977097083757978
"ATX","ELC","S4","2020",0.00977097083757978
"ATX","ELC","S4","2021",0.00977097083757978
"ATX","ELC","S4","2022",0.00977097083757978
"ATX","ELC","S4","2023",0.00977097083757978
"ATX","ELC","S4","2024",0.00977097083757978
"ATX","ELC","S4","2025",0.00977097083757978
"ATX","ELC","S4","2026",0.00977097083757978
"ATX","ELC","S4","2027",0.00977097083757978
"ATX","ELC","S4","2028",0.00977097083757978
"ATX","ELC","S4","2029",0.00977097083757978
"ATX","ELC","S4","2030",0.00977097083757978
"ATX","ELC","S4","2031",0.00977097083757978
"ATX","ELC","S4","2032",0.00977097083757978
"ATX","ELC","S4","2033",0.00977097083757978
"ATX","ELC","S4","2034",0.00977097083757978
"ATX","ELC","S4","2035",0.00977097083757978
"ATX","ELC","S4","2036",0.00977097083757978
"ATX","ELC","S4","2037",0.00977097083757978
"ATX","ELC","S4","2038",0.00977097083757978
"ATX","ELC","S4","2039",0.00977097083757978
"ATX","ELC","S4","2040",0.00977097083757978
"ATX","ELC","S4","2041",0.00977097083757978
"ATX","ELC","S4","2042",0.00977097083757978
"ATX","ELC","S4","2043",0.00977097083757978
"ATX","ELC","S4","2044",0.00977097083757978
"ATX","ELC","S4","2045",0.00977097083757978
"ATX","ELC","S4","2046",0.00977097083757978
"ATX","ELC","S4","2047",0.00977097083757978
"ATX","ELC","S4","2048",0.00977097083757978
"ATX","ELC","S4","2049",0.00977097083757978
"ATX","ELC","S4","2050",0.00977097083757978
"ATX","ELC","S5","2015",0.0094335180937913
"ATX","ELC","S5","2016",0.0094335180937913
"ATX","ELC","S5","2017",0.0094335180937913
"ATX","ELC","S5","2018",0.0094335180937913
"ATX","ELC","S5","2019",0.0094335180937913
"ATX","ELC","S5","2020",0.0094335180937913
"ATX","ELC","S5","2021",0.0094335180937913
"ATX","ELC","S5","2022",0.0094335180937913
"ATX","ELC","S5","2023",0.0094335180937913
"ATX","ELC","S5","2024",0.0094335180937913
"ATX","ELC","S5","2025",0.0094335180937913
"ATX","ELC","S5","2026",0.0094335180937913
"ATX","ELC","S5","2027",0.0094335180937913
"ATX","ELC","S5","2028",0.0094335180937913
"ATX","ELC","S5","2029",0.0094335180937913
"ATX","ELC","S5","2030",0.0094335180937913
"ATX","ELC","S5","2031",0.0094335180937913
"ATX","ELC","S5","2032",0.0094335180937913
"ATX","ELC","S5","2033",0.0094335180937913
"ATX","ELC","S5","2034",0.0094335180937913
"ATX","ELC","S5","2035",0.0094335180937913
"ATX","ELC","S5","2036",0.0094335180937913
"ATX","ELC","S5","2037",0.0094335180937913
"ATX","ELC","S5","2038",0.0094335180937913
"ATX","ELC","S5","2039",0.0094335180937913
"ATX","ELC","S5","2040",0.0094335180937913
"ATX","ELC","S5","2041",0.0094335180937913
"ATX","ELC","S5","2042",0.0094335180937913
"ATX","ELC","S5","2043",0.0094335180937913
"ATX","ELC","S5","2044",0.0094335180937913
"ATX","ELC","S5","2045",0.0094335180937913
"ATX","ELC","S5","2046",0.0094335180937913
"ATX","ELC","S5","2047",0.0094335180937913
"ATX","ELC","S5","2048",0.0094335180937913
"ATX","ELC","S5","2049",0.0094335180937913
"ATX","ELC","S5","2050",0.0094335180937913
"ATX","ELC","S6","2015",0.00931350123576554
"ATX","ELC","S6","2016",0.00931350123576554
"ATX","ELC","S6","2017",0.00931350123576554
"ATX","ELC","S6","2018",0.00931350123576554
"ATX","ELC","S6","2019",0.00931350123576554
"ATX","ELC","S6","2020",0.00931350123576554
"ATX","ELC","S6","2021",0.00931350123576554
"ATX","ELC","S6","2022",0.00931350123576554
"ATX","ELC","S6","2023",0.00931350123576554
"ATX","ELC","S6","2024",0.00931350123576554
"ATX","ELC","S6","2025",0.00931350123576554
"ATX","ELC","S6","2026",0.00931350123576554
"ATX","ELC","S6","2027",0.00931350123576554
"ATX","ELC","S6","2028",0.00931350123576554
"ATX","ELC","S6","2029",0.00931350123576554
"ATX","ELC","S6","2030",0.00931350123576554
"ATX","ELC","S6","2031",0.00931350123576554
"ATX","ELC","S6","2032",0.00931350123576554
"ATX","ELC","S6","2033",0.00931350123576554
"ATX","ELC","S6","2034",0.00931350123576554
"ATX","ELC","S6","2035",0.00931350123576554
"ATX","ELC","S6","2036",0.00931350123576554
"ATX","ELC","S6","2037",0.00931350123576554
"ATX","ELC","S6","2038",0.00931350123576554
"ATX","ELC","S6","2039",0.00931350123576554
"ATX","ELC","S6","2040",0.00931350123576554
"ATX","ELC","S6","2041",0.00931350123576554
"ATX","ELC","S6","2042",0.00931350123576554
"ATX","ELC","S6","2043",0.00931350123576554
"ATX","ELC","S6","2044",0.00931350123576554
"ATX","ELC","S6","2045",0.00931350123576554
"ATX","ELC","S6","2046",0.00931350123576554
"ATX","ELC","S6","2047",0.00931350123576554
"ATX","ELC","S6","2048",0.00931350123576554
"ATX","ELC","S6","2049",0.00931350123576554
"ATX","ELC","S6","2050",0.00931350123576554
"ATX","ELC","S7","2015",0.00954132976322534
"ATX","ELC","S7","2016",0.00954132976322534
"ATX","ELC","S7","2017",0.00954132976322534
"ATX","ELC","S7","2018",0.00954132976322534
"ATX","ELC","S7","2019",0.00954132976322534
"ATX","ELC","S7","2020",0.00954132976322534
"ATX","ELC","S7","2021",0.00954132976322534
"ATX","ELC","S7","2022",0.00954132976322534
"ATX","ELC","S7","2023",0.00954132976322534
"ATX","ELC","S7","2024",0.00954132976322534
"ATX","ELC","S7","2025",0.00954132976322534
"ATX","ELC","S7","2026",0.00954132976322534
"ATX","ELC","S7","2027",0.00954132976322534
"ATX","ELC","S7","2028",0.00954132976322534
"ATX","ELC","S7","2029",0.00954132976322534
"ATX","ELC","S7","2030",0.00954132976322534
"ATX","ELC","S7","2031",0.00954132976322534
"ATX","ELC","S7","2032",0.00954132976322534
"ATX","ELC","S7","2033",0.00954132976322534
"ATX","ELC","S7","2034",0.00954132976322534
"ATX","ELC","S7","2035",0.00954132976322534
"ATX","ELC","S7","2036",0.00954132976322534
"ATX","ELC","S7","2037",0.00954132976322534
"ATX","ELC","S7","2038",0.00954132976322534
"ATX","ELC","S7","2039",0.00954132976322534
"ATX","ELC","S7","2040",0.00954132976322534
"ATX","ELC","S7","2041",0.00954132976322534
"ATX","ELC","S7","2042",0.00954132976322534
"ATX","ELC","S7","2043",0.00954132976322534
"ATX","ELC","S7","2044",0.00954132976322534
"ATX","ELC","S7","2045",0.00954132976322534
"ATX","ELC","S7","2046",0.00954132976322534
"ATX","ELC","S7","2047",0.00954132976322534
"ATX","ELC","S7","2048",0.00954132976322534
"ATX","ELC","S7","2049",0.00954132976322534
"ATX","ELC","S7","2050",0.00954132976322534
"ATX","ELC","S8","2015",0.0100213270338048
"ATX","ELC","S8","2016",0.0100213270338048
"ATX","ELC","S8","2017",0.0100213270338048
"ATX","ELC","S8","2018",0.0100213270338048
"ATX","ELC","S8","2019",0.0100213270338048
"ATX","ELC","S8","2020",0.0100213270338048
"ATX","ELC","S8","2021",0.0100213270338048
"ATX","ELC","S8","2022",0.0100213270338048
"ATX","ELC","S8","2023",0.0100213270338048
"ATX","ELC","S8","2024",0.0100213270338048
"ATX","ELC","S8","2025",0.0100213270338048
"ATX","ELC","S8","2026",0.0100213270338048
"ATX","ELC","S8","2027",0.0100213270338048
"ATX","ELC","S8","2028",0.0100213270338048
"ATX","ELC","S8","2029",0.0100213270338048
"ATX","ELC","S8","2030",0.0100213270338048
"ATX","ELC","S8","2031",0.0100213270338048
"ATX","ELC","S8","2032",0.0100213270338048
"ATX","ELC","S8","2033",0.0100213270338048
"ATX","ELC","S8","2034",0.0100213270338048
"ATX","ELC","S8","2035",0.0100213270338048
"ATX","ELC","S8","2036",0.0100213270338048
"ATX","ELC","S8","2037",0.0100213270338048
"ATX","ELC","S8","2038",0.0100213270338048
"ATX","ELC","S8","2039",0.0100213270338048
"ATX","ELC","S8","2040",0.0100213270338048
"ATX","ELC","S8","2041",0.0100213270338048
"ATX","ELC","S8","2042",0.0100213270338048
"ATX","ELC","S8","2043",0.0100213270338048
"ATX","ELC","S8","2044",0.0100213270338048
"ATX","ELC","S8","2045",0.0100213270338048
"ATX","ELC","S8","2046",0.0100213270338048
"ATX","ELC","S8","2047",0.0100213270338048
"ATX","ELC","S8","2048",0.0100213270338048
"ATX","ELC","S8","2049",0.0100213270338048
"ATX","ELC","S8","2050",0.0100213270338048
"ATX","ELC","S9","2015",0.010254374451314
"ATX","ELC","S9","2016",0.010254374451314
"ATX","ELC","S9","2017",0.010254374451314
"ATX","ELC","S9","2018",0.010254374451314
"ATX","ELC","S9","2019",0.010254374451314
"ATX","ELC","S9","2020",0.010254374451314
"ATX","ELC","S9","2021",0.010254374451314
"ATX","ELC","S9","2022",0.010254374451314
"ATX","ELC","S9","2023",0.010254374451314
"ATX","ELC","S9","2024",0.010254374451314
"ATX","ELC","S9","2025",0.010254374451314
"ATX","ELC","S9","2026",0.010254374451314
"ATX","ELC","S9","2027",0.010254374451314
"ATX","ELC","S9","2028",0.010254374451314
"ATX","ELC","S9","2029",0.010254374451314
"ATX","ELC","S9","2030",0.010254374451314
"ATX","ELC","S9","2031",0.010254374451314
"ATX","ELC","S9","2032",0.010254374451314
"ATX","ELC","S9","2033",0.010254374451314
"ATX","ELC","S9","2034",0.010254374451314
"ATX","ELC","S9","2035",0.010254374451314
"ATX","ELC","S9","2036",0.010254374451314
"ATX","ELC","S9","2037",0.010254374451314
"ATX","ELC","S9","2038",0.010254374451314
"ATX","ELC","S9","2039",0.010254374451314
"ATX","ELC","S9","2040",0.010254374451314
"ATX","ELC","S9","2041",0.010254374451314
"ATX","ELC","S9","2042",0.010254374451314
"ATX","ELC","S9","2043",0.010254374451314
"ATX","ELC","S9","2044",0.010254374451314
"ATX","ELC","S9","2045",0.010254374451314
"ATX","ELC","S9","2046",0.010254374451314
"ATX","ELC","S9","2047",0.010254374451314
"ATX","ELC","S9","2048",0.010254374451314
"ATX","ELC","S9","2049",0.010254374451314
"ATX","ELC","S9","2050",0.010254374451314
"ATX","ELC","S10","2015",0.0108140705967118
"ATX","ELC","S10","2016",0.0108140705967118
"ATX","ELC","S10","2017",0.0108140705967118
"ATX","ELC","S10","2018",0.0108140705967118
"ATX","ELC","S10","2019",0.0108140705967118
"ATX","ELC","S10","2020",0.0108140705967118
"ATX","ELC","S10","2021",0.0108140705967118
"ATX","ELC","S10","2022",0.0108140705967118
"ATX","ELC","S10","2023",0.0108140705967118
"ATX","ELC","S10","2024",0.0108140705967118
"ATX","ELC","S10","2025",0.0108140705967118
"ATX","ELC","S10","2026",0.0108140705967118
"ATX","ELC","S10","2027",0.0108140705967118
"ATX","ELC","S10","2028",0.0108140705967118
"ATX","ELC","S10","2029",0.0108140705967118
"ATX","ELC","S10","2030",0.0108140705967118
"ATX","ELC","S10","2031",0.0108140705967118
"ATX","ELC","S10","2032",0.0108140705967118
"ATX","ELC","S10","2033",0.0108140705967118
"ATX","ELC","S10","2034",0.0108140705967118
"ATX","ELC","S10","2035",0.0108140705967118
"ATX","ELC","S10","2036",0.0108140705967118
"ATX","ELC","S10","2037",0.0108140705967118
"ATX","ELC","S10","2038",0.0108140705967118
"ATX","ELC","S10","2039",0.0108140705967118
"ATX","ELC","S10","2040",0.0108140705967118
"ATX","ELC","S10","2041",0.0108140705967118
"ATX","ELC","S10","2042",0.0108140705967118
"ATX","ELC","S10","2043",0.0108140705967118
"ATX","ELC","S10","2044",0.0108140705967118
"ATX","ELC","S10","2045",0.0108140705967118
"ATX","ELC","S10","2046",0.0108140705967118
"ATX","ELC","S10","2047",0.0108140705967118
"ATX","ELC","S10","2048",0.0108140705967118
"ATX","ELC","S10","2049",0.0108140705967118
"ATX","ELC","S10","2050",0.0108140705967118
"ATX","ELC","S11","2015",0.0116576187113313
"ATX","ELC","S11","2016",0.0116576187113313
"ATX","ELC","S11","2017",0.0116576187113313
"ATX","ELC","S11","2018",0.0116576187113313
"ATX","ELC","S11","2019",0.0116576187113313
"ATX","ELC","S11","2020",0.0116576187113313
"ATX","ELC","S11","2021",0.0116576187113313
"ATX","ELC","S11","2022",0.0116576187113313
"ATX","ELC","S11","2023",0.0116576187113313
"ATX","ELC","S11","2024",0.0116576187113313
"ATX","ELC","S11","2025",0.0116576187113313
"ATX","ELC","S11","2026",0.0116576187113313
"ATX","ELC","S11","2027",0.0116576187113313
"ATX","ELC","S11","2028",0.0116576187113313
"ATX","ELC","S11","2029",0.0116576187113313
"ATX","ELC","S11","2030",0.0116576187113313
"ATX","ELC","S11","2031",0.0116576187113313
"ATX","ELC","S11","2032",0.0116576187113313
"ATX","ELC","S11","2033",0.0116576187113313
"ATX","ELC","S11","2034",0.0116576187113313
"ATX","ELC","S11","2035",0.0116576187113313
"ATX","ELC","S11","2036",0.0116576187113313
"ATX","ELC","S11","2037",0.0116576187113313
"ATX","ELC","S11","2038",0.0116576187113313
"ATX","ELC","S11","2039",0.0116576187113313
"ATX","ELC","S11","2040",0.0116576187113313
"ATX","ELC","S11","2041",0.0116576187113313
"ATX","ELC","S11","2042",0.0116576187113313
"ATX","ELC","S11","2043",0.0116576187113313
"ATX","ELC","S11","2044",0.0116576187113313
"ATX","ELC","S11","2045",0.0116576187113313
"ATX","ELC","S11","2046",0.0116576187113313
"ATX","ELC","S11","2047",0.0116576187113313
"ATX","ELC","S11","2048",0.0116576187113313
"ATX","ELC","S11","2049",0.0116576187113313
"ATX","ELC","S11","2050",0.0116576187113313
"ATX","ELC","S12","2015",0.0126125263345721
"ATX","ELC","S12","2016",0.0126125263345721
"ATX","ELC","S12","2017",0.0126125263345721
"ATX","ELC","S12","2018",0.0126125263345721
"ATX","ELC","S12","2019",0.0126125263345721
"ATX","ELC","S12","2020",0.0126125263345721
"ATX","ELC","S12","2021",0.0126125263345721
"ATX","ELC","S12","2022",0.0126125263345721
"ATX","ELC","S12","2023",0.0126125263345721
"ATX","ELC","S12","2024",0.0126125263345721
"ATX","ELC","S12","2025",0.0126125263345721
"ATX","ELC","S12","2026",0.0126125263345721
"ATX","ELC","S12","2027",0.0126125263345721
"ATX","ELC","S12","2028",0.0126125263345721
"ATX","ELC","S12","2029",0.0126125263345721
"ATX","ELC","S12","2030",0.0126125263345721
"ATX","ELC","S12","2031",0.0126125263345721
"ATX","ELC","S12","2032",0.0126125263345721
"ATX","ELC","S12","2033",0.0126125263345721
"ATX","ELC","S12","2034",0.0126125263345721
"ATX","ELC","S12","2035",0.0126125263345721
"ATX","ELC","S12","2036",0.0126125263345721
"ATX","ELC","S12","2037",0.0126125263345721
"ATX","ELC","S12","2038",0.0126125263345721
"ATX","ELC","S12","2039",0.0126125263345721
"ATX","ELC","S12","2040",0.0126125263345721
"ATX","ELC","S12","2041",0.0126125263345721
"ATX","ELC","S12","2042",0.0126125263345721
"ATX","ELC","S12","2043",0.0126125263345721
"ATX","ELC","S12","2044",0.0126125263345721
"ATX","ELC","S12","2045",0.0126125263345721
"ATX","ELC","S12","2046",0.0126125263345721
"ATX","ELC","S12","2047",0.0126125263345721
"ATX","ELC","S12","2048",0.0126125263345721
"ATX","ELC","S12","2049",0.0126125263345721
"ATX","ELC","S12","2050",0.0126125263345721
"ATX","ELC","S13","2015",0.013546476548267
"ATX","ELC","S13","2016",0.013546476548267
"ATX","ELC","S13","2017",0.013546476548267
"ATX","ELC","S13","2018",0.013546476548267
"ATX","ELC","S13","2019",0.013546476548267
"ATX","ELC","S13","2020",0.013546476548267
"ATX","ELC","S13","2021",0.013546476548267
"ATX","ELC","S13","2022",0.013546476548267
"ATX","ELC","S13","2023",0.013546476548267
"ATX","ELC","S13","2024",0.013546476548267
"ATX","ELC","S13","2025",0.013546476548267
"ATX","ELC","S13","2026",0.013546476548267
"ATX","ELC","S13","2027",0.013546476548267
"ATX","ELC","S13","2028",0.013546476548267
"ATX","ELC","S13","2029",0.013546476548267
"ATX","ELC","S13","2030",0.013546476548267
"ATX","ELC","S13","2031",0.013546476548267
"ATX","ELC","S13","2032",0.013546476548267
"ATX","ELC","S13","2033",0.013546476548267
"ATX","ELC","S13","2034",0.013546476548267
"ATX","ELC","S13","2035",0.013546476548267
"ATX","ELC","S13","2036",0.013546476548267
"ATX","ELC","S13","2037",0.013546476548267
"ATX","ELC","S13","2038",0.013546476548267
"ATX","ELC","S13","2039",0.013546476548267
"ATX","ELC","S13","2040",0.013546476548267
"ATX","ELC","S13","2041",0.013546476548267
"ATX","ELC","S13","2042",0.013546476548267
"ATX","ELC","S13","2043",0.013546476548267
"ATX","ELC","S13","2044",0.013546476548267
"ATX","ELC","S13","2045",0.013546476548267
"ATX","ELC","S13","2046",0.013546476548267
"ATX","ELC","S13","2047",0.013546476548267
"ATX","ELC","S13","2048",0.013546476548267
"ATX","ELC","S13","2049",0.013546476548267
"ATX","ELC","S13","2050",0.013546476548267
"ATX","ELC","S14","2015",0.0143997653977014
"ATX","ELC","S14","2016",0.0143997653977014
"ATX","ELC","S14","2017",0.0143997653977014
"ATX","ELC","S14","2018",0.0143997653977014
"ATX","ELC","S14","2019",0.0143997653977014
"ATX","ELC","S14","2020",0.0143997653977014
"ATX","ELC","S14","2021",0.0143997653977014
"ATX","ELC","S14","2022",0.0143997653977014
"ATX","ELC","S14","2023",0.0143997653977014
"ATX","ELC","S14","2024",0.0143997653977014
"ATX","ELC","S14","2025",0.0143997653977014
"ATX","ELC","S14","2026",0.0143997653977014
"ATX","ELC","S14","2027",0.0143997653977014
"ATX","ELC","S14","2028",0.0143997653977014
"ATX","ELC","S14","2029",0.0143997653977014
"ATX","ELC","S14","2030",0.0143997653977014
"ATX","ELC","S14","2031",0.0143997653977014
"ATX","ELC","S14","2032",0.0143997653977014
"ATX","ELC","S14","2033",0.0143997653977014
"ATX","ELC","S14","2034",0.0143997653977014
"ATX","ELC","S14","2035",0.0143997653977014
"ATX","ELC","S14","2036",0.0143997653977014
"ATX","ELC","S14","2037",0.0143997653977014
"ATX","ELC","S14","2038",0.0143997653977014
"ATX","ELC","S14","2039",0.0143997653977014
"ATX","ELC","S14","2040",0.0143997653977014
"ATX","ELC","S14","2041",0.0143997653977014
"ATX","ELC","S14","2042",0.0143997653977014
"ATX","ELC","S14","2043",0.0143997653977014
"ATX","ELC","S14","2044",0.0143997653977014
"ATX","ELC","S14","2045",0.0143997653977014
"ATX","ELC","S14","2046",0.0143997653977014
"ATX","ELC","S14","2047",0.0143997653977014
"ATX","ELC","S14","2048",0.0143997653977014
"ATX","ELC","S14","2049",0.0143997653977014
"ATX","ELC","S14","2050",0.0143997653977014
"ATX","ELC","S15","2015",0.0151582476360959
"ATX","ELC","S15","2016",0.0151582476360959
"ATX","ELC","S15","2017",0.0151582476360959
"ATX","ELC","S15","2018",0.0151582476360959
"ATX","ELC","S15","2019",0.0151582476360959
"ATX","ELC","S15","2020",0.0151582476360959
"ATX","ELC","S15","2021",0.0151582476360959
"ATX","ELC","S15","2022",0.0151582476360959
"ATX","ELC","S15","2023",0.0151582476360959
"ATX","ELC","S15","2024",0.0151582476360959
"ATX","ELC","S15","2025",0.0151582476360959
"ATX","ELC","S15","2026",0.0151582476360959
"ATX","ELC","S15","2027",0.0151582476360959
"ATX","ELC","S15","2028",0.0151582476360959
"ATX","ELC","S15","2029",0.0151582476360959
"ATX","ELC","S15","2030",0.0151582476360959
"ATX","ELC","S15","2031",0.0151582476360959
"ATX","ELC","S15","2032",0.0151582476360959
"ATX","ELC","S15","2033",0.0151582476360959
"ATX","ELC","S15","2034",0.0151582476360959
"ATX","ELC","S15","2035",0.0151582476360959
"ATX","ELC","S15","2036",0.0151582476360959
"ATX","ELC","S15","2037",0.0151582476360959
"ATX","ELC","S15","2038",0.0151582476360959
"ATX","ELC","S15","2039",0.0151582476360959
"ATX","ELC","S15","2040",0.0151582476360959
"ATX","ELC","S15","2041",0.0151582476360959
"ATX","ELC","S15","2042",0.0151582476360959
"ATX","ELC","S15","2043",0.0151582476360959
"ATX","ELC","S15","2044",0.0151582476360959
"ATX","ELC","S15","2045",0.0151582476360959
"ATX","ELC","S15","2046",0.0151582476360959
"ATX","ELC","S15","2047",0.0151582476360959
"ATX","ELC","S15","2048",0.0151582476360959
"ATX","ELC","S15","2049",0.0151582476360959
"ATX","ELC","S15","2050",0.0151582476360959
"ATX","ELC","S16","2015",0.0157159101860119
"ATX","ELC","S16","2016",0.0157159101860119
"ATX","ELC","S16","2017",0.0157159101860119
"ATX","ELC","S16","2018",0.0157159101860119
"ATX","ELC","S16","2019",0.0157159101860119
"ATX","ELC","S16","2020",0.0157159101860119
"ATX","ELC","S16","2021",0.0157159101860119
"ATX","ELC","S16","2022",0.0157159101860119
"ATX","ELC","S16","2023",0.0157159101860119
"ATX","ELC","S16","2024",0.0157159101860119
"ATX","ELC","S16","2025",0.0157159101860119
"ATX","ELC","S16","2026",0.0157159101860119
"ATX","ELC","S16","2027",0.0157159101860119
"ATX","ELC","S16","2028",0.0157159101860119
"ATX","ELC","S16","2029",0.0157159101860119
"ATX","ELC","S16","2030",0.0157159101860119
"ATX","ELC","S16","2031",0.0157159101860119
"ATX","ELC","S16","2032",0.0157159101860119
"ATX","ELC","S16","2033",0.0157159101860119
"ATX","ELC","S16","2034",0.0157159101860119
"ATX","ELC","S16","2035",0.0157159101860119
"ATX","ELC","S16","2036",0.0157159101860119
"ATX","ELC","S16","2037",0.0157159101860119
"ATX","ELC","S16","2038",0.0157159101860119
"ATX","ELC","S16","2039",0.0157159101860119
"ATX","ELC","S16","2040",0.0157159101860119
"ATX","ELC","S16","2041",0.0157159101860119
"ATX","ELC","S16","2042",0.0157159101860119
"ATX","ELC","S16","2043",0.0157159101860119
"ATX","ELC","S16","2044",0.0157159101860119
"ATX","ELC","S16","2045",0.0157159101860119
"ATX","ELC","S16","2046",0.0157159101860119
"ATX","ELC","S16","2047",0.0157159101860119
"ATX","ELC","S16","2048",0.0157159101860119
"ATX","ELC","S16","2049",0.0157159101860119
"ATX","ELC","S16","2050",0.0157159101860119
"ATX","ELC","S17","2015",0.0161465478133629
"ATX","ELC","S17","2016",0.0161465478133629
"ATX","ELC","S17","2017",0.0161465478133629
"ATX","ELC","S17","2018",0.0161465478133629
"ATX","ELC","S17","2019",0.0161465478133629
"ATX","ELC","S17","2020",0.0161465478133629
"ATX","ELC","S17","2021",0.0161465478133629
"ATX","ELC","S17","2022",0.0161465478133629
"ATX","ELC","S17","2023",0.0161465478133629
"ATX","ELC","S17","2024",0.0161465478133629
"ATX","ELC","S17","2025",0.0161465478133629
"ATX","ELC","S17","2026",0.0161465478133629
"ATX","ELC","S17","2027",0.0161465478133629
"ATX","ELC","S17","2028",0.0161465478133629
"ATX","ELC","S17","2029",0.0161465478133629
"ATX","ELC","S17","2030",0.0161465478133629
"ATX","ELC","S17","2031",0.0161465478133629
"ATX","ELC","S17","2032",0.0161465478133629
"ATX","ELC","S17","2033",0.0161465478133629
"ATX","ELC","S17","2034",0.0161465478133629
"ATX","ELC","S17","2035",0.0161465478133629
"ATX","ELC","S17","2036",0.0161465478133629
"ATX","ELC","S17","2037",0.0161465478133629
"ATX","ELC","S17","2038",0.0161465478133629
"ATX","ELC","S17","2039",0.0161465478133629
"ATX","ELC","S17","2040",0.0161465478133629
"ATX","ELC","S17","2041",0.0161465478133629
"ATX","ELC","S17","2042",0.0161465478133629
"ATX","ELC","S17","2043",0.0161465478133629
"ATX","ELC","S17","2044",0.0161465478133629
"ATX","ELC","S17","2045",0.0161465478133629
"ATX","ELC","S17","2046",0.0161465478133629
"ATX","ELC","S17","2047",0.0161465478133629
"ATX","ELC","S17","2048",0.0161465478133629
"ATX","ELC","S17","2049",0.0161465478133629
"ATX","ELC","S17","2050",0.0161465478133629
"ATX","ELC","S18","2015",0.0163738449958081
"ATX","ELC","S18","2016",0.0163738449958081
"ATX","ELC","S18","2017",0.0163738449958081
"ATX","ELC","S18","2018",0.0163738449958081
"ATX","ELC","S18","2019",0.0163738449958081
"ATX","ELC","S18","2020",0.0163738449958081
"ATX","ELC","S18","2021",0.0163738449958081
"ATX","ELC","S18","2022",0.0163738449958081
"ATX","ELC","S18","2023",0.0163738449958081
"ATX","ELC","S18","2024",0.0163738449958081
"ATX","ELC","S18","2025",0.0163738449958081
"ATX","ELC","S18","2026",0.0163738449958081
"ATX","ELC","S18","2027",0.0163738449958081
"ATX","ELC","S18","2028",0.0163738449958081
"ATX","ELC","S18","2029",0.0163738449958081
"ATX","ELC","S18","2030",0.0163738449958081
"ATX","ELC","S18","2031",0.0163738449958081
"ATX","ELC","S18","2032",0.0163738449958081
"ATX","ELC","S18","2033",0.0163738449958081
"ATX","ELC","S18","2034",0.0163738449958081
"ATX","ELC","S18","2035",0.0163738449958081
"ATX","ELC","S18","2036",0.0163738449958081
"ATX","ELC","S18","2037",0.0163738449958081
"ATX","ELC","S18","2038",0.0163738449958081
"ATX","ELC","S18","2039",0.0163738449958081
"ATX","ELC","S18","2040",0.0163738449958081
"ATX","ELC","S18","2041",0.0163738449958081
"ATX","ELC","S18","2042",0.0163738449958081
"ATX","ELC","S18","2043",0.0163738449958081
"ATX","ELC","S18","2044",0.0163738449958081
"ATX","ELC","S18","2045",0.0163738449958081
"ATX","ELC","S18","2046",0.0163738449958081
"ATX","ELC","S18","2047",0.0163738449958081
"ATX","ELC","S18","2048",0.0163738449958081
"ATX","ELC","S18","2049",0.0163738449958081
"ATX","ELC","S18","2050",0.0163738449958081
"ATX","ELC","S19","2015",0.0163767245078411
"ATX","ELC","S19","2016",0.0163767245078411
"ATX","ELC","S19","2017",0.0163767245078411
"ATX","ELC","S19","2018",0.0163767245078411
"ATX","ELC","S19","2019",0.0163767245078411
"ATX","ELC","S19","2020",0.0163767245078411
"ATX","ELC","S19","2021",0.0163767245078411
"ATX","ELC","S19","2022",0.0163767245078411
"ATX","ELC","S19","2023",0.0163767245078411
"ATX","ELC","S19","2024",0.0163767245078411
"ATX","ELC","S19","2025",0.0163767245078411
"ATX","ELC","S19","2026",0.0163767245078411
"ATX","ELC","S19","2027",0.0163767245078411
"ATX","ELC","S19","2028",0.0163767245078411
"ATX","ELC","S19","2029",0.0163767245078411
"ATX","ELC","S19","2030",0.0163767245078411
"ATX","ELC","S19","2031",0.0163767245078411
"ATX","ELC","S19","2032",0.0163767245078411
"ATX","ELC","S19","2033",0.0163767245078411
"ATX","ELC","S19","2034",0.0163767245078411
"ATX","ELC","S19","2035",0.0163767245078411
"ATX","ELC","S19","2036",0.0163767245078411
"ATX","ELC","S19","2037",0.0163767245078411
"ATX","ELC","S19","2038",0.0163767245078411
"ATX","ELC","S19","2039",0.0163767245078411
"ATX","ELC","S19","2040",0.0163767245078411
"ATX","ELC","S19","2041",0.0163767245078411
"ATX","ELC","S19","2042",0.0163767245078411
"ATX","ELC","S19","2043",0.0163767245078411
"ATX","ELC","S19","2044",0.0163767245078411
"ATX","ELC","S19","2045",0.0163767245078411
"ATX","ELC","S19","2046",0.0163767245078411
"ATX","ELC","S19","2047",0.0163767245078411
"ATX","ELC","S19","2048",0.0163767245078411
"ATX","ELC","S19","2049",0.0163767245078411
"ATX","ELC","S19","2050",0.0163767245078411
"ATX","ELC","S20","2015",0.0161314999537668
"ATX","ELC","S20","2016",0.0161314999537668
"ATX","ELC","S20","2017",0.0161314999537668
"ATX","ELC","S20","2018",0.0161314999537668
"ATX","ELC","S20","2019",0.0161314999537668
"ATX","ELC","S20","2020",0.0161314999537668
"ATX","ELC","S20","2021",0.0161314999537668
"ATX","ELC","S20","2022",0.0161314999537668
"ATX","ELC","S20","2023",0.0161314999537668
"ATX","ELC","S20","2024",0.0161314999537668
"ATX","ELC","S20","2025",0.0161314999537668
"ATX","ELC","S20","2026",0.0161314999537668
"ATX","ELC","S20","2027",0.0161314999537668
"ATX","ELC","S20","2028",0.0161314999537668
"ATX","ELC","S20","2029",0.0161314999537668
"ATX","ELC","S20","2030",0.0161314999537668
"ATX","ELC","S20","2031",0.0161314999537668
"ATX","ELC","S20","2032",0.0161314999537668
"ATX","ELC","S20","2033",0.0161314999537668
"ATX","ELC","S20","2034",0.0161314999537668
"ATX","ELC","S20","2035",0.0161314999537668
"ATX","ELC","S20","2036",0.0161314999537668
"ATX","ELC","S20","2037",0.0161314999537668
"ATX","ELC","S20","2038",0.0161314999537668
"ATX","ELC","S20","2039",0.0161314999537668
"ATX","ELC","S20","2040",0.0161314999537668
"ATX","ELC","S20","2041",0.0161314999537668
"ATX","ELC","S20","2042",0.0161314999537668
"ATX","ELC","S20","2043",0.0161314999537668
"ATX","ELC","S20","2044",0.0161314999537668
"ATX","ELC","S20","2045",0.0161314999537668
"ATX","ELC","S20","2046",0.0161314999537668
"ATX","ELC","S20","2047",0.0161314999537668
"ATX","ELC","S20","2048",0.0161314999537668
"ATX","ELC","S20","2049",0.0161314999537668
"ATX","ELC","S20","2050",0.0161314999537668
"ATX","ELC","S21","2015",0.0155246710021878
"ATX","ELC","S21","2016",0.0155246710021878
"ATX","ELC","S21","2017",0.0155246710021878
"ATX","ELC","S21","2018",0.0155246710021878
"ATX","ELC","S21","2019",0.0155246710021878
"ATX","ELC","S21","2020",0.0155246710021878
"ATX","ELC","S21","2021",0.0155246710021878
"ATX","ELC","S21","2022",0.0155246710021878
"ATX","ELC","S21","2023",0.0155246710021878
"ATX","ELC","S21","2024",0.0155246710021878
"ATX","ELC","S21","2025",0.0155246710021878
"ATX","ELC","S21","2026",0.0155246710021878
"ATX","ELC","S21","2027",0.0155246710021878
"ATX","ELC","S21","2028",0.0155246710021878
"ATX","ELC","S21","2029",0.0155246710021878
"ATX","ELC","S21","2030",0.0155246710021878
"ATX","ELC","S21","2031",0.0155246710021878
"ATX","ELC","S21","2032",0.0155246710021878
"ATX","ELC","S21","2033",0.0155246710021878
"ATX","ELC","S21","2034",0.0155246710021878
"ATX","ELC","S21","2035",0.0155246710021878
"ATX","ELC","S21","2036",0.0155246710021878
"ATX","ELC","S21","2037",0.0155246710021878
"ATX","ELC","S21","2038",0.0155246710021878
"ATX","ELC","S21","2039",0.0155246710021878
"ATX","ELC","S21","2040",0.0155246710021878
"ATX","ELC","S21","2041",0.0155246710021878
"ATX","ELC","S21","2042",0.0155246710021878
"ATX","ELC","S21","2043",0.0155246710021878
"ATX","ELC","S21","2044",0.0155246710021878
"ATX","ELC","S21","2045",0.0155246710021878
"ATX","ELC","S21","2046",0.0155246710021878
"ATX","ELC","S21","2047",0.0155246710021878
"ATX","ELC","S21","2048",0.0155246710021878
"ATX","ELC","S21","2049",0.0155246710021878
"ATX","ELC","S21","2050",0.0155246710021878
"ATX","ELC","S22","2015",0.0149819799379714
"ATX","ELC","S22","2016",0.0149819799379714
"ATX","ELC","S22","2017",0.0149819799379714
"ATX","ELC","S22","2018",0.0149819799379714
"ATX","ELC","S22","2019",0.0149819799379714
"ATX","ELC","S22","2020",0.0149819799379714
"ATX","ELC","S22","2021",0.0149819799379714
"ATX","ELC","S22","2022",0.0149819799379714
"ATX","ELC","S22","2023",0.0149819799379714
"ATX","ELC","S22","2024",0.0149819799379714
"ATX","ELC","S22","2025",0.0149819799379714
"ATX","ELC","S22","2026",0.0149819799379714
"ATX","ELC","S22","2027",0.0149819799379714
"ATX","ELC","S22","2028",0.0149819799379714
"ATX","ELC","S22","2029",0.0149819799379714
"ATX","ELC","S22","2030",0.0149819799379714
"ATX","ELC","S22","2031",0.0149819799379714
"ATX","ELC","S22","2032",0.0149819799379714
"ATX","ELC","S22","2033",0.0149819799379714
"ATX","ELC","S22","2034",0.0149819799379714
"ATX","ELC","S22","2035",0.0149819799379714
"ATX","ELC","S22","2036",0.0149819799379714
"ATX","ELC","S22","2037",0.0149819799379714
"ATX","ELC","S22","2038",0.0149819799379714
"ATX","ELC","S22","2039",0.0149819799379714
"ATX","ELC","S22","2040",0.0149819799379714
"ATX","ELC","S22","2041",0.0149819799379714
"ATX","ELC","S22","2042",0.0149819799379714
"ATX","ELC","S22","2043",0.0149819799379714
"ATX","ELC","S22","2044",0.0149819799379714
"ATX","ELC","S22","2045",0.0149819799379714
"ATX","ELC","S22","2046",0.0149819799379714
"ATX","ELC","S22","2047",0.0149819799379714
"ATX","ELC","S22","2048",0.0149819799379714
"ATX","ELC","S22","2049",0.0149819799379714
"ATX","ELC","S22","2050",0.0149819799379714
"ATX","ELC","S23","2015",0.0144717207758439
"ATX","ELC","S23","2016",0.0144717207758439
"ATX","ELC","S23","2017",0.0144717207758439
"ATX","ELC","S23","2018",0.0144717207758439
"ATX","ELC","S23","2019",0.0144717207758439
"ATX","ELC","S23","2020",0.0144717207758439
"ATX","ELC","S23","2021",0.0144717207758439
"ATX","ELC","S23","2022",0.0144717207758439
"ATX","ELC","S23","2023",0.0144717207758439
"ATX","ELC","S23","2024",0.0144717207758439
"ATX","ELC","S23","2025",0.0144717207758439
"ATX","ELC","S23","2026",0.0144717207758439
"ATX","ELC","S23","2027",0.0144717207758439
"ATX","ELC","S23","2028",0.0144717207758439
"ATX","ELC","S23","2029",0.0144717207758439
"ATX","ELC","S23","2030",0.0144717207758439
"ATX","ELC","S23","2031",0.0144717207758439
"ATX","ELC","S23","2032",0.0144717207758439
"ATX","ELC","S23","2033",0.0144717207758439
"ATX","ELC","S23","2034",0.0144717207758439
"ATX","ELC","S23","2035",0.0144717207758439
"ATX","ELC","S23","2036",0.0144717207758439
"ATX","ELC","S23","2037",0.0144717207758439
"ATX","ELC","S23","2038",0.0144717207758439
"ATX","ELC","S23","2039",0.0144717207758439
"ATX","ELC","S23","2040",0.0144717207758439
"ATX","ELC","S23","2041",0.0144717207758439
"ATX","ELC","S23","2042",0.0144717207758439
"ATX","ELC","S23","2043",0.0144717207758439
"ATX","ELC","S23","2044",0.0144717207758439
"ATX","ELC","S23","2045",0.0144717207758439
"ATX","ELC","S23","2046",0.0144717207758439
"ATX","ELC","S23","2047",0.0144717207758439
"ATX","ELC","S23","2048",0.0144717207758439
"ATX","ELC","S23","2049",0.0144717207758439
"ATX","ELC","S23","2050",0.0144717207758439
"ATX","ELC","S24","2015",0.0133904150512906
"ATX","ELC","S24","2016",0.0133904150512906
"ATX","ELC","S24","2017",0.0133904150512906
"ATX","ELC","S24","2018",0.0133904150512906
"ATX","ELC","S24","2019",0.0133904150512906
"ATX","ELC","S24","2020",0.0133904150512906
"ATX","ELC","S24","2021",0.0133904150512906
"ATX","ELC","S24","2022",0.0133904150512906
"ATX","ELC","S24","2023",0.0133904150512906
"ATX","ELC","S24","2024",0.0133904150512906
"ATX","ELC","S24","2025",0.0133904150512906
"ATX","ELC","S24","2026",0.0133904150512906
"ATX","ELC","S24","2027",0.0133904150512906
"ATX","ELC","S24","2028",0.0133904150512906
"ATX","ELC","S24","2029",0.0133904150512906
"ATX","ELC","S24","2030",0.0133904150512906
"ATX","ELC","S24","2031",0.0133904150512906
"ATX","ELC","S24","2032",0.0133904150512906
"ATX","ELC","S24","2033",0.0133904150512906
"ATX","ELC","S24","2034",0.0133904150512906
"ATX","ELC","S24","2035",0.0133904150512906
"ATX","ELC","S24","2036",0.0133904150512906
"ATX","ELC","S24","2037",0.0133904150512906
"ATX","ELC","S24","2038",0.0133904150512906
"ATX","ELC","S24","2039",0.0133904150512906
"ATX","ELC","S24","2040",0.0133904150512906
"ATX","ELC","S24","2041",0.0133904150512906
"ATX","ELC","S24","2042",0.0133904150512906
"ATX","ELC","S24","2043",0.0133904150512906
"ATX","ELC","S24","2044",0.0133904150512906
"ATX","ELC","S24","2045",0.0133904150512906
"ATX","ELC","S24","2046",0.0133904150512906
"ATX","ELC","S24","2047",0.0133904150512906
"ATX","ELC","S24","2048",0.0133904150512906
"ATX","ELC","S24","2049",0.0133904150512906
"ATX","ELC","S24","2050",0.0133904150512906
"ATX","VMT","W1","2015",0.000933567
"ATX","VMT","W1","2016",0.000933567
"ATX","VMT","W1","2017",0.000933567
"ATX","VMT","W1","2018",0.000933567
"ATX","VMT","W1","2019",0.000933567
"ATX","VMT","W1","2020",0.000933567
"ATX","VMT","W1","2021",0.000933567
"ATX","VMT","W1","2022",0.000933567
"ATX","VMT","W1","2023",0.000933567
"ATX","VMT","W1","2024",0.000933567
"ATX","VMT","W1","2025",0.000933567
"ATX","VMT","W1","2026",0.000933567
"ATX","VMT","W1","2027",0.000933567
"ATX","VMT","W1","2028",0.000933567
"ATX","VMT","W1","2029",0.000933567
"ATX","VMT","W1","2030",0.000933567
"ATX","VMT","W1","2031",0.000933567
"ATX","VMT","W1","2032",0.000933567
"ATX","VMT","W1","2033",0.000933567
"ATX","VMT","W1","2034",0.000933567
"ATX","VMT","W1","2035",0.000933567
"ATX","VMT","W1","2036",0.000933567
"ATX","VMT","W1","2037",0.000933567
"ATX","VMT","W1","2038",0.000933567
"ATX","VMT","W1","2039",0.000933567
"ATX","VMT","W1","2040",0.000933567
"ATX","VMT","W1","2041",0.000933567
"ATX","VMT","W1","2042",0.000933567
"ATX","VMT","W1","2043",0.000933567
"ATX","VMT","W1","2044",0.000933567
"ATX","VMT","W1","2045",0.000933567
"ATX","VMT","W1","2046",0.000933567
"ATX","VMT","W1","2047",0.000933567
"ATX","VMT","W1","2048",0.000933567
"ATX","VMT","W1","2049",0.000933567
"ATX","VMT","W1","2050",0.000933567
"ATX","VMT","W2","2015",0.000314734
"ATX","VMT","W2","2016",0.000314734
"ATX","VMT","W2","2017",0.000314734
"ATX","VMT","W2","2018",0.000314734
"ATX","VMT","W2","2019",0.000314734
"ATX","VMT","W2","2020",0.000314734
"ATX","VMT","W2","2021",0.000314734
"ATX","VMT","W2","2022",0.000314734
"ATX","VMT","W2","2023",0.000314734
"ATX","VMT","W2","2024",0.000314734
"ATX","VMT","W2","2025",0.000314734
"ATX","VMT","W2","2026",0.000314734
"ATX","VMT","W2","2027",0.000314734
"ATX","VMT","W2","2028",0.000314734
"ATX","VMT","W2","2029",0.000314734
"ATX","VMT","W2","2030",0.000314734
"ATX","VMT","W2","2031",0.000314734
"ATX","VMT","W2","2032",0.000314734
"ATX","VMT","W2","2033",0.000314734
"ATX","VMT","W2","2034",0.000314734
"ATX","VMT","W2","2035",0.000314734
"ATX","VMT","W2","2036",0.000314734
"ATX","VMT","W2","2037",0.000314734
"ATX","VMT","W2","2038",0.000314734
"ATX","VMT","W2","2039",0.000314734
"ATX","VMT","W2","2040",0.000314734
"ATX","VMT","W2","2041",0.000314734
"ATX","VMT","W2","2042",0.000314734
"ATX","VMT","W2","2043",0.000314734
"ATX","VMT","W2","2044",0.000314734
"ATX","VMT","W2","2045",0.000314734
"ATX","VMT","W2","2046",0.000314734
"ATX","VMT","W2","2047",0.000314734
"ATX","VMT","W2","2048",0.000314734
"ATX","VMT","W2","2049",0.000314734
"ATX","VMT","W2","2050",0.000314734
"ATX","VMT","W3","2015",0.000289981
"ATX","VMT","W3","2016",0.000289981
"ATX","VMT","W3","2017",0.000289981
"ATX","VMT","W3","2018",0.000289981
"ATX","VMT","W3","2019",0.000289981
"ATX","VMT","W3","2020",0.000289981
"ATX","VMT","W3","2021",0.000289981
"ATX","VMT","W3","2022",0.000289981
"ATX","VMT","W3","2023",0.000289981
"ATX","VMT","W3","2024",0.000289981
"ATX","VMT","W3","2025",0.000289981
"ATX","VMT","W3","2026",0.000289981
"ATX","VMT","W3","2027",0.000289981
"ATX","VMT","W3","2028",0.000289981
"ATX","VMT","W3","2029",0.000289981
"ATX","VMT","W3","2030",0.000289981
"ATX","VMT","W3","2031",0.000289981
"ATX","VMT","W3","2032",0.000289981
"ATX","VMT","W3","2033",0.000289981
"ATX","VMT","W3","2034",0.000289981
"ATX","VMT","W3","2035",0.000289981
"ATX","VMT","W3","2036",0.000289981
"ATX","VMT","W3","2037",0.000289981
"ATX","VMT","W3","2038",0.000289981
"ATX","VMT","W3","2039",0.000289981
"ATX","VMT","W3","2040",0.000289981
"ATX","VMT","W3","2041",0.000289981
"ATX","VMT","W3","2042",0.000289981
"ATX","VMT","W3","2043",0.000289981
"ATX","VMT","W3","2044",0.000289981
"ATX","VMT","W3","2045",0.000289981
"ATX","VMT","W3","2046",0.000289981
"ATX","VMT","W3","2047",0.000289981
"ATX","VMT","W3","2048",0.000289981
"ATX","VMT","W3","2049",0.000289981
"ATX","VMT","W3","2050",0.000289981
"ATX","VMT","W4","2015",0.000155488
"ATX","VMT","W4","2016",0.000155488
"ATX","VMT","W4","2017",0.000155488
"ATX","VMT","W4","2018",0.000155488
"ATX","VMT","W4","2019",0.000155488
"ATX","VMT","W4","2020",0.000155488
"ATX","VMT","W4","2021",0.000155488
"ATX","VMT","W4","2022",0.000155488
"ATX","VMT","W4","2023",0.000155488
"ATX","VMT","W4","2024",0.000155488
"ATX","VMT","W4","2025",0.000155488
"ATX","VMT","W4","2026",0.000155488
"ATX","VMT","W4","2027",0.000155488
"ATX","VMT","W4","2028",0.000155488
"ATX","VMT","W4","2029",0.000155488
"ATX","VMT","W4","2030",0.000155488
"ATX","VMT","W4","2031",0.000155488
"ATX","VMT","W4","2032",0.000155488
"ATX","VMT","W4","2033",0.000155488
"ATX","VMT","W4","2034",0.000155488
"ATX","VMT","W4","2035",0.000155488
"ATX","VMT","W4","2036",0.000155488
"ATX","VMT","W4","2037",0.000155488
"ATX","VMT","W4","2038",0.000155488
"ATX","VMT","W4","2039",0.000155488
"ATX","VMT","W4","2040",0.000155488
"ATX","VMT","W4","2041",0.000155488
"ATX","VMT","W4","2042",0.000155488
"ATX","VMT","W4","2043",0.000155488
"ATX","VMT","W4","2044",0.000155488
"ATX","VMT","W4","2045",0.000155488
"ATX","VMT","W4","2046",0.000155488
"ATX","VMT","W4","2047",0.000155488
"ATX","VMT","W4","2048",0.000155488
"ATX","VMT","W4","2049",0.000155488
"ATX","VMT","W4","2050",0.000155488
"ATX","VMT","W5","2015",0.002790067
"ATX","VMT","W5","2016",0.002790067
"ATX","VMT","W5","2017",0.002790067
"ATX","VMT","W5","2018",0.002790067
"ATX","VMT","W5","2019",0.002790067
"ATX","VMT","W5","2020",0.002790067
"ATX","VMT","W5","2021",0.002790067
"ATX","VMT","W5","2022",0.002790067
"ATX","VMT","W5","2023",0.002790067
"ATX","VMT","W5","2024",0.002790067
"ATX","VMT","W5","2025",0.002790067
"ATX","VMT","W5","2026",0.002790067
"ATX","VMT","W5","2027",0.002790067
"ATX","VMT","W5","2028",0.002790067
"ATX","VMT","W5","2029",0.002790067
"ATX","VMT","W5","2030",0.002790067
"ATX","VMT","W5","2031",0.002790067
"ATX","VMT","W5","2032",0.002790067
"ATX","VMT","W5","2033",0.002790067
"ATX","VMT","W5","2034",0.002790067
"ATX","VMT","W5","2035",0.002790067
"ATX","VMT","W5","2036",0.002790067
"ATX","VMT","W5","2037",0.002790067
"ATX","VMT","W5","2038",0.002790067
"ATX","VMT","W5","2039",0.002790067
"ATX","VMT","W5","2040",0.002790067
"ATX","VMT","W5","2041",0.002790067
"ATX","VMT","W5","2042",0.002790067
"ATX","VMT","W5","2043",0.002790067
"ATX","VMT","W5","2044",0.002790067
"ATX","VMT","W5","2045",0.002790067
"ATX","VMT","W5","2046",0.002790067
"ATX","VMT","W5","2047",0.002790067
"ATX","VMT","W5","2048",0.002790067
"ATX","VMT","W5","2049",0.002790067
"ATX","VMT","W5","2050",0.002790067
"ATX","VMT","W6","2015",0.00434945
"ATX","VMT","W6","2016",0.00434945
"ATX","VMT","W6","2017",0.00434945
"ATX","VMT","W6","2018",0.00434945
"ATX","VMT","W6","2019",0.00434945
"ATX","VMT","W6","2020",0.00434945
"ATX","VMT","W6","2021",0.00434945
"ATX","VMT","W6","2022",0.00434945
"ATX","VMT","W6","2023",0.00434945
"ATX","VMT","W6","2024",0.00434945
"ATX","VMT","W6","2025",0.00434945
"ATX","VMT","W6","2026",0.00434945
"ATX","VMT","W6","2027",0.00434945
"ATX","VMT","W6","2028",0.00434945
"ATX","VMT","W6","2029",0.00434945
"ATX","VMT","W6","2030",0.00434945
"ATX","VMT","W6","2031",0.00434945
"ATX","VMT","W6","2032",0.00434945
"ATX","VMT","W6","2033",0.00434945
"ATX","VMT","W6","2034",0.00434945
"ATX","VMT","W6","2035",0.00434945
"ATX","VMT","W6","2036",0.00434945
"ATX","VMT","W6","2037",0.00434945
"ATX","VMT","W6","2038",0.00434945
"ATX","VMT","W6","2039",0.00434945
"ATX","VMT","W6","2040",0.00434945
"ATX","VMT","W6","2041",0.00434945
"ATX","VMT","W6","2042",0.00434945
"ATX","VMT","W6","2043",0.00434945
"ATX","VMT","W6","2044",0.00434945
"ATX","VMT","W6","2045",0.00434945
"ATX","VMT","W6","2046",0.00434945
"ATX","VMT","W6","2047",0.00434945
"ATX","VMT","W6","2048",0.00434945
"ATX","VMT","W6","2049",0.00434945
"ATX","VMT","W6","2050",0.00434945
"ATX","VMT","W7","2015",0.012075438
"ATX","VMT","W7","2016",0.012075438
"ATX","VMT","W7","2017",0.012075438
"ATX","VMT","W7","2018",0.012075438
"ATX","VMT","W7","2019",0.012075438
"ATX","VMT","W7","2020",0.012075438
"ATX","VMT","W7","2021",0.012075438
"ATX","VMT","W7","2022",0.012075438
"ATX","VMT","W7","2023",0.012075438
"ATX","VMT","W7","2024",0.012075438
"ATX","VMT","W7","2025",0.012075438
"ATX","VMT","W7","2026",0.012075438
"ATX","VMT","W7","2027",0.012075438
"ATX","VMT","W7","2028",0.012075438
"ATX","VMT","W7","2029",0.012075438
"ATX","VMT","W7","2030",0.012075438
"ATX","VMT","W7","2031",0.012075438
"ATX","VMT","W7","2032",0.012075438
"ATX","VMT","W7","2033",0.012075438
"ATX","VMT","W7","2034",0.012075438
"ATX","VMT","W7","2035",0.012075438
"ATX","VMT","W7","2036",0.012075438
"ATX","VMT","W7","2037",0.012075438
"ATX","VMT","W7","2038",0.012075438
"ATX","VMT","W7","2039",0.012075438
"ATX","VMT","W7","2040",0.012075438
"ATX","VMT","W7","2041",0.012075438
"ATX","VMT","W7","2042",0.012075438
"ATX","VMT","W7","2043",0.012075438
"ATX","VMT","W7","2044",0.012075438
"ATX","VMT","W7","2045",0.012075438
"ATX","VMT","W7","2046",0.012075438
"ATX","VMT","W7","2047",0.012075438
"ATX","VMT","W7","2048",0.012075438
"ATX","VMT","W7","2049",0.012075438
"ATX","VMT","W7","2050",0.012075438
"ATX","VMT","W8","2015",0.01665916
"ATX","VMT","W8","2016",0.01665916
"ATX","VMT","W8","2017",0.01665916
"ATX","VMT","W8","2018",0.01665916
"ATX","VMT","W8","2019",0.01665916
"ATX","VMT","W8","2020",0.01665916
"ATX","VMT","W8","2021",0.01665916
"ATX","VMT","W8","2022",0.01665916
"ATX","VMT","W8","2023",0.01665916
"ATX","VMT","W8","2024",0.01665916
"ATX","VMT","W8","2025",0.01665916
"ATX","VMT","W8","2026",0.01665916
"ATX","VMT","W8","2027",0.01665916
"ATX","VMT","W8","2028",0.01665916
"ATX","VMT","W8","2029",0.01665916
"ATX","VMT","W8","2030",0.01665916
"ATX","VMT","W8","2031",0.01665916
"ATX","VMT","W8","2032",0.01665916
"ATX","VMT","W8","2033",0.01665916
"ATX","VMT","W8","2034",0.01665916
"ATX","VMT","W8","2035",0.01665916
"ATX","VMT","W8","2036",0.01665916
"ATX","VMT","W8","2037",0.01665916
"ATX","VMT","W8","2038",0.01665916
"ATX","VMT","W8","2039",0.01665916
"ATX","VMT","W8","2040",0.01665916
"ATX","VMT","W8","2041",0.01665916
"ATX","VMT","W8","2042",0.01665916
"ATX","VMT","W8","2043",0.01665916
"ATX","VMT","W8","2044",0.01665916
"ATX","VMT","W8","2045",0.01665916
"ATX","VMT","W8","2046",0.01665916
"ATX","VMT","W8","2047",0.01665916
"ATX","VMT","W8","2048",0.01665916
"ATX","VMT","W8","2049",0.01665916
"ATX","VMT","W8","2050",0.01665916
"ATX","VMT","W9","2015",0.013926882
"ATX","VMT","W9","2016",0.013926882
"ATX","VMT","W9","2017",0.013926882
"ATX","VMT","W9","2018",0.013926882
"ATX","VMT","W9","2019",0.013926882
"ATX","VMT","W9","2020",0.013926882
"ATX","VMT","W9","2021",0.013926882
"ATX","VMT","W9","2022",0.013926882
"ATX","VMT","W9","2023",0.013926882
"ATX","VMT","W9","2024",0.013926882
"ATX","VMT","W9","2025",0.013926882
"ATX","VMT","W9","2026",0.013926882
"ATX","VMT","W9","2027",0.013926882
"ATX","VMT","W9","2028",0.013926882
"ATX","VMT","W9","2029",0.013926882
"ATX","VMT","W9","2030",0.013926882
"ATX","VMT","W9","2031",0.013926882
"ATX","VMT","W9","2032",0.013926882
"ATX","VMT","W9","2033",0.013926882
"ATX","VMT","W9","2034",0.013926882
"ATX","VMT","W9","2035",0.013926882
"ATX","VMT","W9","2036",0.013926882
"ATX","VMT","W9","2037",0.013926882
"ATX","VMT","W9","2038",0.013926882
"ATX","VMT","W9","2039",0.013926882
"ATX","VMT","W9","2040",0.013926882
"ATX","VMT","W9","2041",0.013926882
"ATX","VMT","W9","2042",0.013926882
"ATX","VMT","W9","2043",0.013926882
"ATX","VMT","W9","2044",0.013926882
"ATX","VMT","W9","2045",0.013926882
"ATX","VMT","W9","2046",0.013926882
"ATX","VMT","W9","2047",0.013926882
"ATX","VMT","W9","2048",0.013926882
"ATX","VMT","W9","2049",0.013926882
"ATX","VMT","W9","2050",0.013926882
"ATX","VMT","W10","2015",0.016920705
"ATX","VMT","W10","2016",0.016920705
"ATX","VMT","W10","2017",0.016920705
"ATX","VMT","W10","2018",0.016920705
"ATX","VMT","W10","2019",0.016920705
"ATX","VMT","W10","2020",0.016920705
"ATX","VMT","W10","2021",0.016920705
"ATX","VMT","W10","2022",0.016920705
"ATX","VMT","W10","2023",0.016920705
"ATX","VMT","W10","2024",0.016920705
"ATX","VMT","W10","2025",0.016920705
"ATX","VMT","W10","2026",0.016920705
"ATX","VMT","W10","2027",0.016920705
"ATX","VMT","W10","2028",0.016920705
"ATX","VMT","W10","2029",0.016920705
"ATX","VMT","W10","2030",0.016920705
"ATX","VMT","W10","2031",0.016920705
"ATX","VMT","W10","2032",0.016920705
"ATX","VMT","W10","2033",0.016920705
"ATX","VMT","W10","2034",0.016920705
"ATX","VMT","W10","2035",0.016920705
"ATX","VMT","W10","2036",0.016920705
"ATX","VMT","W10","2037",0.016920705
"ATX","VMT","W10","2038",0.016920705
"ATX","VMT","W10","2039",0.016920705
"ATX","VMT","W10","2040",0.016920705
"ATX","VMT","W10","2041",0.016920705
"ATX","VMT","W10","2042",0.016920705
"ATX","VMT","W10","2043",0.016920705
"ATX","VMT","W10","2044",0.016920705
"ATX","VMT","W10","2045",0.016920705
"ATX","VMT","W10","2046",0.016920705
"ATX","VMT","W10","2047",0.016920705
"ATX","VMT","W10","2048",0.016920705
"ATX","VMT","W10","2049",0.016920705
"ATX","VMT","W10","2050",0.016920705
"ATX","VMT","W11","2015",0.015792717
"ATX","VMT","W11","2016",0.015792717
"ATX","VMT","W11","2017",0.015792717
"ATX","VMT","W11","2018",0.015792717
"ATX","VMT","W11","2019",0.015792717
"ATX","VMT","W11","2020",0.015792717
"ATX","VMT","W11","2021",0.015792717
"ATX","VMT","W11","2022",0.015792717
"ATX","VMT","W11","2023",0.015792717
"ATX","VMT","W11","2024",0.015792717
"ATX","VMT","W11","2025",0.015792717
"ATX","VMT","W11","2026",0.015792717
"ATX","VMT","W11","2027",0.015792717
"ATX","VMT","W11","2028",0.015792717
"ATX","VMT","W11","2029",0.015792717
"ATX","VMT","W11","2030",0.015792717
"ATX","VMT","W11","2031",0.015792717
"ATX","VMT","W11","2032",0.015792717
"ATX","VMT","W11","2033",0.015792717
"ATX","VMT","W11","2034",0.015792717
"ATX","VMT","W11","2035",0.015792717
"ATX","VMT","W11","2036",0.015792717
"ATX","VMT","W11","2037",0.015792717
"ATX","VMT","W11","2038",0.015792717
"ATX","VMT","W11","2039",0.015792717
"ATX","VMT","W11","2040",0.015792717
"ATX","VMT","W11","2041",0.015792717
"ATX","VMT","W11","2042",0.015792717
"ATX","VMT","W11","2043",0.015792717
"ATX","VMT","W11","2044",0.015792717
"ATX","VMT","W11","2045",0.015792717
"ATX","VMT","W11","2046",0.015792717
"ATX","VMT","W11","2047",0.015792717
"ATX","VMT","W11","2048",0.015792717
"ATX","VMT","W11","2049",0.015792717
"ATX","VMT","W11","2050",0.015792717
"ATX","VMT","W12","2015",0.016561965
"ATX","VMT","W12","2016",0.016561965
"ATX","VMT","W12","2017",0.016561965
"ATX","VMT","W12","2018",0.016561965
"ATX","VMT","W12","2019",0.016561965
"ATX","VMT","W12","2020",0.016561965
"ATX","VMT","W12","2021",0.016561965
"ATX","VMT","W12","2022",0.016561965
"ATX","VMT","W12","2023",0.016561965
"ATX","VMT","W12","2024",0.016561965
"ATX","VMT","W12","2025",0.016561965
"ATX","VMT","W12","2026",0.016561965
"ATX","VMT","W12","2027",0.016561965
"ATX","VMT","W12","2028",0.016561965
"ATX","VMT","W12","2029",0.016561965
"ATX","VMT","W12","2030",0.016561965
"ATX","VMT","W12","2031",0.016561965
"ATX","VMT","W12","2032",0.016561965
"ATX","VMT","W12","2033",0.016561965
"ATX","VMT","W12","2034",0.016561965
"ATX","VMT","W12","2035",0.016561965
"ATX","VMT","W12","2036",0.016561965
"ATX","VMT","W12","2037",0.016561965
"ATX","VMT","W12","2038",0.016561965
"ATX","VMT","W12","2039",0.016561965
"ATX","VMT","W12","2040",0.016561965
"ATX","VMT","W12","2041",0.016561965
"ATX","VMT","W12","2042",0.016561965
"ATX","VMT","W12","2043",0.016561965
"ATX","VMT","W12","2044",0.016561965
"ATX","VMT","W12","2045",0.016561965
"ATX","VMT","W12","2046",0.016561965
"ATX","VMT","W12","2047",0.016561965
"ATX","VMT","W12","2048",0.016561965
"ATX","VMT","W12","2049",0.016561965
"ATX","VMT","W12","2050",0.016561965
"ATX","VMT","W13","2015",0.017828159
"ATX","VMT","W13","2016",0.017828159
"ATX","VMT","W13","2017",0.017828159
"ATX","VMT","W13","2018",0.017828159
"ATX","VMT","W13","2019",0.017828159
"ATX","VMT","W13","2020",0.017828159
"ATX","VMT","W13","2021",0.017828159
"ATX","VMT","W13","2022",0.017828159
"ATX","VMT","W13","2023",0.017828159
"ATX","VMT","W13","2024",0.017828159
"ATX","VMT","W13","2025",0.017828159
"ATX","VMT","W13","2026",0.017828159
"ATX","VMT","W13","2027",0.017828159
"ATX","VMT","W13","2028",0.017828159
"ATX","VMT","W13","2029",0.017828159
"ATX","VMT","W13","2030",0.017828159
"ATX","VMT","W13","2031",0.017828159
"ATX","VMT","W13","2032",0.017828159
"ATX","VMT","W13","2033",0.017828159
"ATX","VMT","W13","2034",0.017828159
"ATX","VMT","W13","2035",0.017828159
"ATX","VMT","W13","2036",0.017828159
"ATX","VMT","W13","2037",0.017828159
"ATX","VMT","W13","2038",0.017828159
"ATX","VMT","W13","2039",0.017828159
"ATX","VMT","W13","2040",0.017828159
"ATX","VMT","W13","2041",0.017828159
"ATX","VMT","W13","2042",0.017828159
"ATX","VMT","W13","2043",0.017828159
"ATX","VMT","W13","2044",0.017828159
"ATX","VMT","W13","2045",0.017828159
"ATX","VMT","W13","2046",0.017828159
"ATX","VMT","W13","2047",0.017828159
"ATX","VMT","W13","2048",0.017828159
"ATX","VMT","W13","2049",0.017828159
"ATX","VMT","W13","2050",0.017828159
"ATX","VMT","W14","2015",0.016541383
"ATX","VMT","W14","2016",0.016541383
"ATX","VMT","W14","2017",0.016541383
"ATX","VMT","W14","2018",0.016541383
"ATX","VMT","W14","2019",0.016541383
"ATX","VMT","W14","2020",0.016541383
"ATX","VMT","W14","2021",0.016541383
"ATX","VMT","W14","2022",0.016541383
"ATX","VMT","W14","2023",0.016541383
"ATX","VMT","W14","2024",0.016541383
"ATX","VMT","W14","2025",0.016541383
"ATX","VMT","W14","2026",0.016541383
"ATX","VMT","W14","2027",0.016541383
"ATX","VMT","W14","2028",0.016541383
"ATX","VMT","W14","2029",0.016541383
"ATX","VMT","W14","2030",0.016541383
"ATX","VMT","W14","2031",0.016541383
"ATX","VMT","W14","2032",0.016541383
"ATX","VMT","W14","2033",0.016541383
"ATX","VMT","W14","2034",0.016541383
"ATX","VMT","W14","2035",0.016541383
"ATX","VMT","W14","2036",0.016541383
"ATX","VMT","W14","2037",0.016541383
"ATX","VMT","W14","2038",0.016541383
"ATX","VMT","W14","2039",0.016541383
"ATX","VMT","W14","2040",0.016541383
"ATX","VMT","W14","2041",0.016541383
"ATX","VMT","W14","2042",0.016541383
"ATX","VMT","W14","2043",0.016541383
"ATX","VMT","W14","2044",0.016541383
"ATX","VMT","W14","2045",0.016541383
"ATX","VMT","W14","2046",0.016541383
"ATX","VMT","W14","2047",0.016541383
"ATX","VMT","W14","2048",0.016541383
"ATX","VMT","W14","2049",0.016541383
"ATX","VMT","W14","2050",0.016541383
"ATX","VMT","W15","2015",0.016857569
"ATX","VMT","W15","2016",0.016857569
"ATX","VMT","W15","2017",0.016857569
"ATX","VMT","W15","2018",0.016857569
"ATX","VMT","W15","2019",0.016857569
"ATX","VMT","W15","2020",0.016857569
"ATX","VMT","W15","2021",0.016857569
"ATX","VMT","W15","2022",0.016857569
"ATX","VMT","W15","2023",0.016857569
"ATX","VMT","W15","2024",0.016857569
"ATX","VMT","W15","2025",0.016857569
"ATX","VMT","W15","2026",0.016857569
"ATX","VMT","W15","2027",0.016857569
"ATX","VMT","W15","2028",0.016857569
"ATX","VMT","W15","2029",0.016857569
"ATX","VMT","W15","2030",0.016857569
"ATX","VMT","W15","2031",0.016857569
"ATX","VMT","W15","2032",0.016857569
"ATX","VMT","W15","2033",0.016857569
"ATX","VMT","W15","2034",0.016857569
"ATX","VMT","W15","2035",0.016857569
"ATX","VMT","W15","2036",0.016857569
"ATX","VMT","W15","2037",0.016857569
"ATX","VMT","W15","2038",0.016857569
"ATX","VMT","W15","2039",0.016857569
"ATX","VMT","W15","2040",0.016857569
"ATX","VMT","W15","2041",0.016857569
"ATX","VMT","W15","2042",0.016857569
"ATX","VMT","W15","2043",0.016857569
"ATX","VMT","W15","2044",0.016857569
"ATX","VMT","W15","2045",0.016857569
"ATX","VMT","W15","2046",0.016857569
"ATX","VMT","W15","2047",0.016857569
"ATX","VMT","W15","2048",0.016857569
"ATX","VMT","W15","2049",0.016857569
"ATX","VMT","W15","2050",0.016857569
"ATX","VMT","W16","2015",0.018080155
"ATX","VMT","W16","2016",0.018080155
"ATX","VMT","W16","2017",0.018080155
"ATX","VMT","W16","2018",0.018080155
"ATX","VMT","W16","2019",0.018080155
"ATX","VMT","W16","2020",0.018080155
"ATX","VMT","W16","2021",0.018080155
"ATX","VMT","W16","2022",0.018080155
"ATX","VMT","W16","2023",0.018080155
"ATX","VMT","W16","2024",0.018080155
"ATX","VMT","W16","2025",0.018080155
"ATX","VMT","W16","2026",0.018080155
"ATX","VMT","W16","2027",0.018080155
"ATX","VMT","W16","2028",0.018080155
"ATX","VMT","W16","2029",0.018080155
"ATX","VMT","W16","2030",0.018080155
"ATX","VMT","W16","2031",0.018080155
"ATX","VMT","W16","2032",0.018080155
"ATX","VMT","W16","2033",0.018080155
"ATX","VMT","W16","2034",0.018080155
"ATX","VMT","W16","2035",0.018080155
"ATX","VMT","W16","2036",0.018080155
"ATX","VMT","W16","2037",0.018080155
"ATX","VMT","W16","2038",0.018080155
"ATX","VMT","W16","2039",0.018080155
"ATX","VMT","W16","2040",0.018080155
"ATX","VMT","W16","2041",0.018080155
"ATX","VMT","W16","2042",0.018080155
"ATX","VMT","W16","2043",0.018080155
"ATX","VMT","W16","2044",0.018080155
"ATX","VMT","W16","2045",0.018080155
"ATX","VMT","W16","2046",0.018080155
"ATX","VMT","W16","2047",0.018080155
"ATX","VMT","W16","2048",0.018080155
"ATX","VMT","W16","2049",0.018080155
"ATX","VMT","W16","2050",0.018080155
"ATX","VMT","W17","2015",0.020580669
"ATX","VMT","W17","2016",0.020580669
"ATX","VMT","W17","2017",0.020580669
"ATX","VMT","W17","2018",0.020580669
"ATX","VMT","W17","2019",0.020580669
"ATX","VMT","W17","2020",0.020580669
"ATX","VMT","W17","2021",0.020580669
"ATX","VMT","W17","2022",0.020580669
"ATX","VMT","W17","2023",0.020580669
"ATX","VMT","W17","2024",0.020580669
"ATX","VMT","W17","2025",0.020580669
"ATX","VMT","W17","2026",0.020580669
"ATX","VMT","W17","2027",0.020580669
"ATX","VMT","W17","2028",0.020580669
"ATX","VMT","W17","2029",0.020580669
"ATX","VMT","W17","2030",0.020580669
"ATX","VMT","W17","2031",0.020580669
"ATX","VMT","W17","2032",0.020580669
"ATX","VMT","W17","2033",0.020580669
"ATX","VMT","W17","2034",0.020580669
"ATX","VMT","W17","2035",0.020580669
"ATX","VMT","W17","2036",0.020580669
"ATX","VMT","W17","2037",0.020580669
"ATX","VMT","W17","2038",0.020580669
"ATX","VMT","W17","2039",0.020580669
"ATX","VMT","W17","2040",0.020580669
"ATX","VMT","W17","2041",0.020580669
"ATX","VMT","W17","2042",0.020580669
"ATX","VMT","W17","2043",0.020580669
"ATX","VMT","W17","2044",0.020580669
"ATX","VMT","W17","2045",0.020580669
"ATX","VMT","W17","2046",0.020580669
"ATX","VMT","W17","2047",0.020580669
"ATX","VMT","W17","2048",0.020580669
"ATX","VMT","W17","2049",0.020580669
"ATX","VMT","W17","2050",0.020580669
"ATX","VMT","W18","2015",0.019188998
"ATX","VMT","W18","2016",0.019188998
"ATX","VMT","W18","2017",0.019188998
"ATX","VMT","W18","2018",0.019188998
"ATX","VMT","W18","2019",0.019188998
"ATX","VMT","W18","2020",0.019188998
"ATX","VMT","W18","2021",0.019188998
"ATX","VMT","W18","2022",0.019188998
"ATX","VMT","W18","2023",0.019188998
"ATX","VMT","W18","2024",0.019188998
"ATX","VMT","W18","2025",0.019188998
"ATX","VMT","W18","2026",0.019188998
"ATX","VMT","W18","2027",0.019188998
"ATX","VMT","W18","2028",0.019188998
"ATX","VMT","W18","2029",0.019188998
"ATX","VMT","W18","2030",0.019188998
"ATX","VMT","W18","2031",0.019188998
"ATX","VMT","W18","2032",0.019188998
"ATX","VMT","W18","2033",0.019188998
"ATX","VMT","W18","2034",0.019188998
"ATX","VMT","W18","2035",0.019188998
"ATX","VMT","W18","2036",0.019188998
"ATX","VMT","W18","2037",0.019188998
"ATX","VMT","W18","2038",0.019188998
"ATX","VMT","W18","2039",0.019188998
"ATX","VMT","W18","2040",0.019188998
"ATX","VMT","W18","2041",0.019188998
"ATX","VMT","W18","2042",0.019188998
"ATX","VMT","W18","2043",0.019188998
"ATX","VMT","W18","2044",0.019188998
"ATX","VMT","W18","2045",0.019188998
"ATX","VMT","W18","2046",0.019188998
"ATX","VMT","W18","2047",0.019188998
"ATX","VMT","W18","2048",0.019188998
"ATX","VMT","W18","2049",0.019188998
"ATX","VMT","W18","2050",0.019188998
"ATX","VMT","W19","2015",0.015735631
"ATX","VMT","W19","2016",0.015735631
"ATX","VMT","W19","2017",0.015735631
"ATX","VMT","W19","2018",0.015735631
"ATX","VMT","W19","2019",0.015735631
"ATX","VMT","W19","2020",0.015735631
"ATX","VMT","W19","2021",0.015735631
"ATX","VMT","W19","2022",0.015735631
"ATX","VMT","W19","2023",0.015735631
"ATX","VMT","W19","2024",0.015735631
"ATX","VMT","W19","2025",0.015735631
"ATX","VMT","W19","2026",0.015735631
"ATX","VMT","W19","2027",0.015735631
"ATX","VMT","W19","2028",0.015735631
"ATX","VMT","W19","2029",0.015735631
"ATX","VMT","W19","2030",0.015735631
"ATX","VMT","W19","2031",0.015735631
"ATX","VMT","W19","2032",0.015735631
"ATX","VMT","W19","2033",0.015735631
"ATX","VMT","W19","2034",0.015735631
"ATX","VMT","W19","2035",0.015735631
"ATX","VMT","W19","2036",0.015735631
"ATX","VMT","W19","2037",0.015735631
"ATX","VMT","W19","2038",0.015735631
"ATX","VMT","W19","2039",0.015735631
"ATX","VMT","W19","2040",0.015735631
"ATX","VMT","W19","2041",0.015735631
"ATX","VMT","W19","2042",0.015735631
"ATX","VMT","W19","2043",0.015735631
"ATX","VMT","W19","2044",0.015735631
"ATX","VMT","W19","2045",0.015735631
"ATX","VMT","W19","2046",0.015735631
"ATX","VMT","W19","2047",0.015735631
"ATX","VMT","W19","2048",0.015735631
"ATX","VMT","W19","2049",0.015735631
"ATX","VMT","W19","2050",0.015735631
"ATX","VMT","W20","2015",0.008988408
"ATX","VMT","W20","2016",0.008988408
"ATX","VMT","W20","2017",0.008988408
"ATX","VMT","W20","2018",0.008988408
"ATX","VMT","W20","2019",0.008988408
"ATX","VMT","W20","2020",0.008988408
"ATX","VMT","W20","2021",0.008988408
"ATX","VMT","W20","2022",0.008988408
"ATX","VMT","W20","2023",0.008988408
"ATX","VMT","W20","2024",0.008988408
"ATX","VMT","W20","2025",0.008988408
"ATX","VMT","W20","2026",0.008988408
"ATX","VMT","W20","2027",0.008988408
"ATX","VMT","W20","2028",0.008988408
"ATX","VMT","W20","2029",0.008988408
"ATX","VMT","W20","2030",0.008988408
"ATX","VMT","W20","2031",0.008988408
"ATX","VMT","W20","2032",0.008988408
"ATX","VMT","W20","2033",0.008988408
"ATX","VMT","W20","2034",0.008988408
"ATX","VMT","W20","2035",0.008988408
"ATX","VMT","W20","2036",0.008988408
"ATX","VMT","W20","2037",0.008988408
"ATX","VMT","W20","2038",0.008988408
"ATX","VMT","W20","2039",0.008988408
"ATX","VMT","W20","2040",0.008988408
"ATX","VMT","W20","2041",0.008988408
"ATX","VMT","W20","2042",0.008988408
"ATX","VMT","W20","2043",0.008988408
"ATX","VMT","W20","2044",0.008988408
"ATX","VMT","W20","2045",0.008988408
"ATX","VMT","W20","2046",0.008988408
"ATX","VMT","W20","2047",0.008988408
"ATX","VMT","W20","2048",0.008988408
"ATX","VMT","W20","2049",0.008988408
"ATX","VMT","W20","2050",0.008988408
"ATX","VMT","W21","2015",0.006580139
"ATX","VMT","W21","2016",0.006580139
"ATX","VMT","W21","2017",0.006580139
"ATX","VMT","W21","2018",0.006580139
"ATX","VMT","W21","2019",0.006580139
"ATX","VMT","W21","2020",0.006580139
"ATX","VMT","W21","2021",0.006580139
"ATX","VMT","W21","2022",0.006580139
"ATX","VMT","W21","2023",0.006580139
"ATX","VMT","W21","2024",0.006580139
"ATX","VMT","W21","2025",0.006580139
"ATX","VMT","W21","2026",0.006580139
"ATX","VMT","W21","2027",0.006580139
"ATX","VMT","W21","2028",0.006580139
"ATX","VMT","W21","2029",0.006580139
"ATX","VMT","W21","2030",0.006580139
"ATX","VMT","W21","2031",0.006580139
"ATX","VMT","W21","2032",0.006580139
"ATX","VMT","W21","2033",0.006580139
"ATX","VMT","W21","2034",0.006580139
"ATX","VMT","W21","2035",0.006580139
"ATX","VMT","W21","2036",0.006580139
"ATX","VMT","W21","2037",0.006580139
"ATX","VMT","W21","2038",0.006580139
"ATX","VMT","W21","2039",0.006580139
"ATX","VMT","W21","2040",0.006580139
"ATX","VMT","W21","2041",0.006580139
"ATX","VMT","W21","2042",0.006580139
"ATX","VMT","W21","2043",0.006580139
"ATX","VMT","W21","2044",0.006580139
"ATX","VMT","W21","2045",0.006580139
"ATX","VMT","W21","2046",0.006580139
"ATX","VMT","W21","2047",0.006580139
"ATX","VMT","W21","2048",0.006580139
"ATX","VMT","W21","2049",0.006580139
"ATX","VMT","W21","2050",0.006580139
"ATX","VMT","W22","2015",0.004900854
"ATX","VMT","W22","2016",0.004900854
"ATX","VMT","W22","2017",0.004900854
"ATX","VMT","W22","2018",0.004900854
"ATX","VMT","W22","2019",0.004900854
"ATX","VMT","W22","2020",0.004900854
"ATX","VMT","W22","2021",0.004900854
"ATX","VMT","W22","2022",0.004900854
"ATX","VMT","W22","2023",0.004900854
"ATX","VMT","W22","2024",0.004900854
"ATX","VMT","W22","2025",0.004900854
"ATX","VMT","W22","2026",0.004900854
"ATX","VMT","W22","2027",0.004900854
"ATX","VMT","W22","2028",0.004900854
"ATX","VMT","W22","2029",0.004900854
"ATX","VMT","W22","2030",0.004900854
"ATX","VMT","W22","2031",0.004900854
"ATX","VMT","W22","2032",0.004900854
"ATX","VMT","W22","2033",0.004900854
"ATX","VMT","W22","2034",0.004900854
"ATX","VMT","W22","2035",0.004900854
"ATX","VMT","W22","2036",0.004900854
"ATX","VMT","W22","2037",0.004900854
"ATX","VMT","W22","2038",0.004900854
"ATX","VMT","W22","2039",0.004900854
"ATX","VMT","W22","2040",0.004900854
"ATX","VMT","W22","2041",0.004900854
"ATX","VMT","W22","2042",0.004900854
"ATX","VMT","W22","2043",0.004900854
"ATX","VMT","W22","2044",0.004900854
"ATX","VMT","W22","2045",0.004900854
"ATX","VMT","W22","2046",0.004900854
"ATX","VMT","W22","2047",0.004900854
"ATX","VMT","W22","2048",0.004900854
"ATX","VMT","W22","2049",0.004900854
"ATX","VMT","W22","2050",0.004900854
"ATX","VMT","W23","2015",0.002615067
"ATX","VMT","W23","2016",0.002615067
"ATX","VMT","W23","2017",0.002615067
"ATX","VMT","W23","2018",0.002615067
"ATX","VMT","W23","2019",0.002615067
"ATX","VMT","W23","2020",0.002615067
"ATX","VMT","W23","2021",0.002615067
"ATX","VMT","W23","2022",0.002615067
"ATX","VMT","W23","2023",0.002615067
"ATX","VMT","W23","2024",0.002615067
"ATX","VMT","W23","2025",0.002615067
"ATX","VMT","W23","2026",0.002615067
"ATX","VMT","W23","2027",0.002615067
"ATX","VMT","W23","2028",0.002615067
"ATX","VMT","W23","2029",0.002615067
"ATX","VMT","W23","2030",0.002615067
"ATX","VMT","W23","2031",0.002615067
"ATX","VMT","W23","2032",0.002615067
"ATX","VMT","W23","2033",0.002615067
"ATX","VMT","W23","2034",0.002615067
"ATX","VMT","W23","2035",0.002615067
"ATX","VMT","W23","2036",0.002615067
"ATX","VMT","W23","2037",0.002615067
"ATX","VMT","W23","2038",0.002615067
"ATX","VMT","W23","2039",0.002615067
"ATX","VMT","W23","2040",0.002615067
"ATX","VMT","W23","2041",0.002615067
"ATX","VMT","W23","2042",0.002615067
"ATX","VMT","W23","2043",0.002615067
"ATX","VMT","W23","2044",0.002615067
"ATX","VMT","W23","2045",0.002615067
"ATX","VMT","W23","2046",0.002615067
"ATX","VMT","W23","2047",0.002615067
"ATX","VMT","W23","2048",0.002615067
"ATX","VMT","W23","2049",0.002615067
"ATX","VMT","W23","2050",0.002615067
"ATX","VMT","W24","2015",0.001332814
"ATX","VMT","W24","2016",0.001332814
"ATX","VMT","W24","2017",0.001332814
"ATX","VMT","W24","2018",0.001332814
"ATX","VMT","W24","2019",0.001332814
"ATX","VMT","W24","2020",0.001332814
"ATX","VMT","W24","2021",0.001332814
"ATX","VMT","W24","2022",0.001332814
"ATX","VMT","W24","2023",0.001332814
"ATX","VMT","W24","2024",0.001332814
"ATX","VMT","W24","2025",0.001332814
"ATX","VMT","W24","2026",0.001332814
"ATX","VMT","W24","2027",0.001332814
"ATX","VMT","W24","2028",0.001332814
"ATX","VMT","W24","2029",0.001332814
"ATX","VMT","W24","2030",0.001332814
"ATX","VMT","W24","2031",0.001332814
"ATX","VMT","W24","2032",0.001332814
"ATX","VMT","W24","2033",0.001332814
"ATX","VMT","W24","2034",0.001332814
"ATX","VMT","W24","2035",0.001332814
"ATX","VMT","W24","2036",0.001332814
"ATX","VMT","W24","2037",0.001332814
"ATX","VMT","W24","2038",0.001332814
"ATX","VMT","W24","2039",0.001332814
"ATX","VMT","W24","2040",0.001332814
"ATX","VMT","W24","2041",0.001332814
"ATX","VMT","W24","2042",0.001332814
"ATX","VMT","W24","2043",0.001332814
"ATX","VMT","W24","2044",0.001332814
"ATX","VMT","W24","2045",0.001332814
"ATX","VMT","W24","2046",0.001332814
"ATX","VMT","W24","2047",0.001332814
"ATX","VMT","W24","2048",0.001332814
"ATX","VMT","W24","2049",0.001332814
"ATX","VMT","W24","2050",0.001332814
"ATX","VMT","SF1","2015",0.001867134
"ATX","VMT","SF1","2016",0.001867134
"ATX","VMT","SF1","2017",0.001867134
"ATX","VMT","SF1","2018",0.001867134
"ATX","VMT","SF1","2019",0.001867134
"ATX","VMT","SF1","2020",0.001867134
"ATX","VMT","SF1","2021",0.001867134
"ATX","VMT","SF1","2022",0.001867134
"ATX","VMT","SF1","2023",0.001867134
"ATX","VMT","SF1","2024",0.001867134
"ATX","VMT","SF1","2025",0.001867134
"ATX","VMT","SF1","2026",0.001867134
"ATX","VMT","SF1","2027",0.001867134
"ATX","VMT","SF1","2028",0.001867134
"ATX","VMT","SF1","2029",0.001867134
"ATX","VMT","SF1","2030",0.001867134
"ATX","VMT","SF1","2031",0.001867134
"ATX","VMT","SF1","2032",0.001867134
"ATX","VMT","SF1","2033",0.001867134
"ATX","VMT","SF1","2034",0.001867134
"ATX","VMT","SF1","2035",0.001867134
"ATX","VMT","SF1","2036",0.001867134
"ATX","VMT","SF1","2037",0.001867134
"ATX","VMT","SF1","2038",0.001867134
"ATX","VMT","SF1","2039",0.001867134
"ATX","VMT","SF1","2040",0.001867134
"ATX","VMT","SF1","2041",0.001867134
"ATX","VMT","SF1","2042",0.001867134
"ATX","VMT","SF1","2043",0.001867134
"ATX","VMT","SF1","2044",0.001867134
"ATX","VMT","SF1","2045",0.001867134
"ATX","VMT","SF1","2046",0.001867134
"ATX","VMT","SF1","2047",0.001867134
"ATX","VMT","SF1","2048",0.001867134
"ATX","VMT","SF1","2049",0.001867134
"ATX","VMT","SF1","2050",0.001867134
"ATX","VMT","SF2","2015",0.000629468
"ATX","VMT","SF2","2016",0.000629468
"ATX","VMT","SF2","2017",0.000629468
"ATX","VMT","SF2","2018",0.000629468
"ATX","VMT","SF2","2019",0.000629468
"ATX","VMT","SF2","2020",0.000629468
"ATX","VMT","SF2","2021",0.000629468
"ATX","VMT","SF2","2022",0.000629468
"ATX","VMT","SF2","2023",0.000629468
"ATX","VMT","SF2","2024",0.000629468
"ATX","VMT","SF2","2025",0.000629468
"ATX","VMT","SF2","2026",0.000629468
"ATX","VMT","SF2","2027",0.000629468
"ATX","VMT","SF2","2028",0.000629468
"ATX","VMT","SF2","2029",0.000629468
"ATX","VMT","SF2","2030",0.000629468
"ATX","VMT","SF2","2031",0.000629468
"ATX","VMT","SF2","2032",0.000629468
"ATX","VMT","SF2","2033",0.000629468
"ATX","VMT","SF2","2034",0.000629468
"ATX","VMT","SF2","2035",0.000629468
"ATX","VMT","SF2","2036",0.000629468
"ATX","VMT","SF2","2037",0.000629468
"ATX","VMT","SF2","2038",0.000629468
"ATX","VMT","SF2","2039",0.000629468
"ATX","VMT","SF2","2040",0.000629468
"ATX","VMT","SF2","2041",0.000629468
"ATX","VMT","SF2","2042",0.000629468
"ATX","VMT","SF2","2043",0.000629468
"ATX","VMT","SF2","2044",0.000629468
"ATX","VMT","SF2","2045",0.000629468
"ATX","VMT","SF2","2046",0.000629468
"ATX","VMT","SF2","2047",0.000629468
"ATX","VMT","SF2","2048",0.000629468
"ATX","VMT","SF2","2049",0.000629468
"ATX","VMT","SF2","2050",0.000629468
"ATX","VMT","SF3","2015",0.000579962
"ATX","VMT","SF3","2016",0.000579962
"ATX","VMT","SF3","2017",0.000579962
"ATX","VMT","SF3","2018",0.000579962
"ATX","VMT","SF3","2019",0.000579962
"ATX","VMT","SF3","2020",0.000579962
"ATX","VMT","SF3","2021",0.000579962
"ATX","VMT","SF3","2022",0.000579962
"ATX","VMT","SF3","2023",0.000579962
"ATX","VMT","SF3","2024",0.000579962
"ATX","VMT","SF3","2025",0.000579962
"ATX","VMT","SF3","2026",0.000579962
"ATX","VMT","SF3","2027",0.000579962
"ATX","VMT","SF3","2028",0.000579962
"ATX","VMT","SF3","2029",0.000579962
"ATX","VMT","SF3","2030",0.000579962
"ATX","VMT","SF3","2031",0.000579962
"ATX","VMT","SF3","2032",0.000579962
"ATX","VMT","SF3","2033",0.000579962
"ATX","VMT","SF3","2034",0.000579962
"ATX","VMT","SF3","2035",0.000579962
"ATX","VMT","SF3","2036",0.000579962
"ATX","VMT","SF3","2037",0.000579962
"ATX","VMT","SF3","2038",0.000579962
"ATX","VMT","SF3","2039",0.000579962
"ATX","VMT","SF3","2040",0.000579962
"ATX","VMT","SF3","2041",0.000579962
"ATX","VMT","SF3","2042",0.000579962
"ATX","VMT","SF3","2043",0.000579962
"ATX","VMT","SF3","2044",0.000579962
"ATX","VMT","SF3","2045",0.000579962
"ATX","VMT","SF3","2046",0.000579962
"ATX","VMT","SF3","2047",0.000579962
"ATX","VMT","SF3","2048",0.000579962
"ATX","VMT","SF3","2049",0.000579962
"ATX","VMT","SF3","2050",0.000579962
"ATX","VMT","SF4","2015",0.000310976
"ATX","VMT","SF4","2016",0.000310976
"ATX","VMT","SF4","2017",0.000310976
"ATX","VMT","SF4","2018",0.000310976
"ATX","VMT","SF4","2019",0.000310976
"ATX","VMT","SF4","2020",0.000310976
"ATX","VMT","SF4","2021",0.000310976
"ATX","VMT","SF4","2022",0.000310976
"ATX","VMT","SF4","2023",0.000310976
"ATX","VMT","SF4","2024",0.000310976
"ATX","VMT","SF4","2025",0.000310976
"ATX","VMT","SF4","2026",0.000310976
"ATX","VMT","SF4","2027",0.000310976
"ATX","VMT","SF4","2028",0.000310976
"ATX","VMT","SF4","2029",0.000310976
"ATX","VMT","SF4","2030",0.000310976
"ATX","VMT","SF4","2031",0.000310976
"ATX","VMT","SF4","2032",0.000310976
"ATX","VMT","SF4","2033",0.000310976
"ATX","VMT","SF4","2034",0.000310976
"ATX","VMT","SF4","2035",0.000310976
"ATX","VMT","SF4","2036",0.000310976
"ATX","VMT","SF4","2037",0.000310976
"ATX","VMT","SF4","2038",0.000310976
"ATX","VMT","SF4","2039",0.000310976
"ATX","VMT","SF4","2040",0.000310976
"ATX","VMT","SF4","2041",0.000310976
"ATX","VMT","SF4","2042",0.000310976
"ATX","VMT","SF4","2043",0.000310976
"ATX","VMT","SF4","2044",0.000310976
"ATX","VMT","SF4","2045",0.000310976
"ATX","VMT","SF4","2046",0.000310976
"ATX","VMT","SF4","2047",0.000310976
"ATX","VMT","SF4","2048",0.000310976
"ATX","VMT","SF4","2049",0.000310976
"ATX","VMT","SF4","2050",0.000310976
"ATX","VMT","SF5","2015",0.005580134
"ATX","VMT","SF5","2016",0.005580134
"ATX","VMT","SF5","2017",0.005580134
"ATX","VMT","SF5","2018",0.005580134
"ATX","VMT","SF5","2019",0.005580134
"ATX","VMT","SF5","2020",0.005580134
"ATX","VMT","SF5","2021",0.005580134
"ATX","VMT","SF5","2022",0.005580134
"ATX","VMT","SF5","2023",0.005580134
"ATX","VMT","SF5","2024",0.005580134
"ATX","VMT","SF5","2025",0.005580134
"ATX","VMT","SF5","2026",0.005580134
"ATX","VMT","SF5","2027",0.005580134
"ATX","VMT","SF5","2028",0.005580134
"ATX","VMT","SF5","2029",0.005580134
"ATX","VMT","SF5","2030",0.005580134
"ATX","VMT","SF5","2031",0.005580134
"ATX","VMT","SF5","2032",0.005580134
"ATX","VMT","SF5","2033",0.005580134
"ATX","VMT","SF5","2034",0.005580134
"ATX","VMT","SF5","2035",0.005580134
"ATX","VMT","SF5","2036",0.005580134
"ATX","VMT","SF5","2037",0.005580134
"ATX","VMT","SF5","2038",0.005580134
"ATX","VMT","SF5","2039",0.005580134
"ATX","VMT","SF5","2040",0.005580134
"ATX","VMT","SF5","2041",0.005580134
"ATX","VMT","SF5","2042",0.005580134
"ATX","VMT","SF5","2043",0.005580134
"ATX","VMT","SF5","2044",0.005580134
"ATX","VMT","SF5","2045",0.005580134
"ATX","VMT","SF5","2046",0.005580134
"ATX","VMT","SF5","2047",0.005580134
"ATX","VMT","SF5","2048",0.005580134
"ATX","VMT","SF5","2049",0.005580134
"ATX","VMT","SF5","2050",0.005580134
"ATX","VMT","SF6","2015",0.0086989
"ATX","VMT","SF6","2016",0.0086989
"ATX","VMT","SF6","2017",0.0086989
"ATX","VMT","SF6","2018",0.0086989
"ATX","VMT","SF6","2019",0.0086989
"ATX","VMT","SF6","2020",0.0086989
"ATX","VMT","SF6","2021",0.0086989
"ATX","VMT","SF6","2022",0.0086989
"ATX","VMT","SF6","2023",0.0086989
"ATX","VMT","SF6","2024",0.0086989
"ATX","VMT","SF6","2025",0.0086989
"ATX","VMT","SF6","2026",0.0086989
"ATX","VMT","SF6","2027",0.0086989
"ATX","VMT","SF6","2028",0.0086989
"ATX","VMT","SF6","2029",0.0086989
"ATX","VMT","SF6","2030",0.0086989
"ATX","VMT","SF6","2031",0.0086989
"ATX","VMT","SF6","2032",0.0086989
"ATX","VMT","SF6","2033",0.0086989
"ATX","VMT","SF6","2034",0.0086989
"ATX","VMT","SF6","2035",0.0086989
"ATX","VMT","SF6","2036",0.0086989
"ATX","VMT","SF6","2037",0.0086989
"ATX","VMT","SF6","2038",0.0086989
"ATX","VMT","SF6","2039",0.0086989
"ATX","VMT","SF6","2040",0.0086989
"ATX","VMT","SF6","2041",0.0086989
"ATX","VMT","SF6","2042",0.0086989
"ATX","VMT","SF6","2043",0.0086989
"ATX","VMT","SF6","2044",0.0086989
"ATX","VMT","SF6","2045",0.0086989
"ATX","VMT","SF6","2046",0.0086989
"ATX","VMT","SF6","2047",0.0086989
"ATX","VMT","SF6","2048",0.0086989
"ATX","VMT","SF6","2049",0.0086989
"ATX","VMT","SF6","2050",0.0086989
"ATX","VMT","SF7","2015",0.024150876
"ATX","VMT","SF7","2016",0.024150876
"ATX","VMT","SF7","2017",0.024150876
"ATX","VMT","SF7","2018",0.024150876
"ATX","VMT","SF7","2019",0.024150876
"ATX","VMT","SF7","2020",0.024150876
"ATX","VMT","SF7","2021",0.024150876
"ATX","VMT","SF7","2022",0.024150876
"ATX","VMT","SF7","2023",0.024150876
"ATX","VMT","SF7","2024",0.024150876
"ATX","VMT","SF7","2025",0.024150876
"ATX","VMT","SF7","2026",0.024150876
"ATX","VMT","SF7","2027",0.024150876
"ATX","VMT","SF7","2028",0.024150876
"ATX","VMT","SF7","2029",0.024150876
"ATX","VMT","SF7","2030",0.024150876
"ATX","VMT","SF7","2031",0.024150876
"ATX","VMT","SF7","2032",0.024150876
"ATX","VMT","SF7","2033",0.024150876
"ATX","VMT","SF7","2034",0.024150876
"ATX","VMT","SF7","2035",0.024150876
"ATX","VMT","SF7","2036",0.024150876
"ATX","VMT","SF7","2037",0.024150876
"ATX","VMT","SF7","2038",0.024150876
"ATX","VMT","SF7","2039",0.024150876
"ATX","VMT","SF7","2040",0.024150876
"ATX","VMT","SF7","2041",0.024150876
"ATX","VMT","SF7","2042",0.024150876
"ATX","VMT","SF7","2043",0.024150876
"ATX","VMT","SF7","2044",0.024150876
"ATX","VMT","SF7","2045",0.024150876
"ATX","VMT","SF7","2046",0.024150876
"ATX","VMT","SF7","2047",0.024150876
"ATX","VMT","SF7","2048",0.024150876
"ATX","VMT","SF7","2049",0.024150876
"ATX","VMT","SF7","2050",0.024150876
"ATX","VMT","SF8","2015",0.03331832
"ATX","VMT","SF8","2016",0.03331832
"ATX","VMT","SF8","2017",0.03331832
"ATX","VMT","SF8","2018",0.03331832
"ATX","VMT","SF8","2019",0.03331832
"ATX","VMT","SF8","2020",0.03331832
"ATX","VMT","SF8","2021",0.03331832
"ATX","VMT","SF8","2022",0.03331832
"ATX","VMT","SF8","2023",0.03331832
"ATX","VMT","SF8","2024",0.03331832
"ATX","VMT","SF8","2025",0.03331832
"ATX","VMT","SF8","2026",0.03331832
"ATX","VMT","SF8","2027",0.03331832
"ATX","VMT","SF8","2028",0.03331832
"ATX","VMT","SF8","2029",0.03331832
"ATX","VMT","SF8","2030",0.03331832
"ATX","VMT","SF8","2031",0.03331832
"ATX","VMT","SF8","2032",0.03331832
"ATX","VMT","SF8","2033",0.03331832
"ATX","VMT","SF8","2034",0.03331832
"ATX","VMT","SF8","2035",0.03331832
"ATX","VMT","SF8","2036",0.03331832
"ATX","VMT","SF8","2037",0.03331832
"ATX","VMT","SF8","2038",0.03331832
"ATX","VMT","SF8","2039",0.03331832
"ATX","VMT","SF8","2040",0.03331832
"ATX","VMT","SF8","2041",0.03331832
"ATX","VMT","SF8","2042",0.03331832
"ATX","VMT","SF8","2043",0.03331832
"ATX","VMT","SF8","2044",0.03331832
"ATX","VMT","SF8","2045",0.03331832
"ATX","VMT","SF8","2046",0.03331832
"ATX","VMT","SF8","2047",0.03331832
"ATX","VMT","SF8","2048",0.03331832
"ATX","VMT","SF8","2049",0.03331832
"ATX","VMT","SF8","2050",0.03331832
"ATX","VMT","SF9","2015",0.027853764
"ATX","VMT","SF9","2016",0.027853764
"ATX","VMT","SF9","2017",0.027853764
"ATX","VMT","SF9","2018",0.027853764
"ATX","VMT","SF9","2019",0.027853764
"ATX","VMT","SF9","2020",0.027853764
"ATX","VMT","SF9","2021",0.027853764
"ATX","VMT","SF9","2022",0.027853764
"ATX","VMT","SF9","2023",0.027853764
"ATX","VMT","SF9","2024",0.027853764
"ATX","VMT","SF9","2025",0.027853764
"ATX","VMT","SF9","2026",0.027853764
"ATX","VMT","SF9","2027",0.027853764
"ATX","VMT","SF9","2028",0.027853764
"ATX","VMT","SF9","2029",0.027853764
"ATX","VMT","SF9","2030",0.027853764
"ATX","VMT","SF9","2031",0.027853764
"ATX","VMT","SF9","2032",0.027853764
"ATX","VMT","SF9","2033",0.027853764
"ATX","VMT","SF9","2034",0.027853764
"ATX","VMT","SF9","2035",0.027853764
"ATX","VMT","SF9","2036",0.027853764
"ATX","VMT","SF9","2037",0.027853764
"ATX","VMT","SF9","2038",0.027853764
"ATX","VMT","SF9","2039",0.027853764
"ATX","VMT","SF9","2040",0.027853764
"ATX","VMT","SF9","2041",0.027853764
"ATX","VMT","SF9","2042",0.027853764
"ATX","VMT","SF9","2043",0.027853764
"ATX","VMT","SF9","2044",0.027853764
"ATX","VMT","SF9","2045",0.027853764
"ATX","VMT","SF9","2046",0.027853764
"ATX","VMT","SF9","2047",0.027853764
"ATX","VMT","SF9","2048",0.027853764
"ATX","VMT","SF9","2049",0.027853764
"ATX","VMT","SF9","2050",0.027853764
"ATX","VMT","SF10","2015",0.03384141
"ATX","VMT","SF10","2016",0.03384141
"ATX","VMT","SF10","2017",0.03384141
"ATX","VMT","SF10","2018",0.03384141
"ATX","VMT","SF10","2019",0.03384141
"ATX","VMT","SF10","2020",0.03384141
"ATX","VMT","SF10","2021",0.03384141
"ATX","VMT","SF10","2022",0.03384141
"ATX","VMT","SF10","2023",0.03384141
"ATX","VMT","SF10","2024",0.03384141
"ATX","VMT","SF10","2025",0.03384141
"ATX","VMT","SF10","2026",0.03384141
"ATX","VMT","SF10","2027",0.03384141
"ATX","VMT","SF10","2028",0.03384141
"ATX","VMT","SF10","2029",0.03384141
"ATX","VMT","SF10","2030",0.03384141
"ATX","VMT","SF10","2031",0.03384141
"ATX","VMT","SF10","2032",0.03384141
"ATX","VMT","SF10","2033",0.03384141
"ATX","VMT","SF10","2034",0.03384141
"ATX","VMT","SF10","2035",0.03384141
"ATX","VMT","SF10","2036",0.03384141
"ATX","VMT","SF10","2037",0.03384141
"ATX","VMT","SF10","2038",0.03384141
"ATX","VMT","SF10","2039",0.03384141
"ATX","VMT","SF10","2040",0.03384141
"ATX","VMT","SF10","2041",0.03384141
"ATX","VMT","SF10","2042",0.03384141
"ATX","VMT","SF10","2043",0.03384141
"ATX","VMT","SF10","2044",0.03384141
"ATX","VMT","SF10","2045",0.03384141
"ATX","VMT","SF10","2046",0.03384141
"ATX","VMT","SF10","2047",0.03384141
"ATX","VMT","SF10","2048",0.03384141
"ATX","VMT","SF10","2049",0.03384141
"ATX","VMT","SF10","2050",0.03384141
"ATX","VMT","SF11","2015",0.031585434
"ATX","VMT","SF11","2016",0.031585434
"ATX","VMT","SF11","2017",0.031585434
"ATX","VMT","SF11","2018",0.031585434
"ATX","VMT","SF11","2019",0.031585434
"ATX","VMT","SF11","2020",0.031585434
"ATX","VMT","SF11","2021",0.031585434
"ATX","VMT","SF11","2022",0.031585434
"ATX","VMT","SF11","2023",0.031585434
"ATX","VMT","SF11","2024",0.031585434
"ATX","VMT","SF11","2025",0.031585434
"ATX","VMT","SF11","2026",0.031585434
"ATX","VMT","SF11","2027",0.031585434
"ATX","VMT","SF11","2028",0.031585434
"ATX","VMT","SF11","2029",0.031585434
"ATX","VMT","SF11","2030",0.031585434
"ATX","VMT","SF11","2031",0.031585434
"ATX","VMT","SF11","2032",0.031585434
"ATX","VMT","SF11","2033",0.031585434
"ATX","VMT","SF11","2034",0.031585434
"ATX","VMT","SF11","2035",0.031585434
"ATX","VMT","SF11","2036",0.031585434
"ATX","VMT","SF11","2037",0.031585434
"ATX","VMT","SF11","2038",0.031585434
"ATX","VMT","SF11","2039",0.031585434
"ATX","VMT","SF11","2040",0.031585434
"ATX","VMT","SF11","2041",0.031585434
"ATX","VMT","SF11","2042",0.031585434
"ATX","VMT","SF11","2043",0.031585434
"ATX","VMT","SF11","2044",0.031585434
"ATX","VMT","SF11","2045",0.031585434
"ATX","VMT","SF11","2046",0.031585434
"ATX","VMT","SF11","2047",0.031585434
"ATX","VMT","SF11","2048",0.031585434
"ATX","VMT","SF11","2049",0.031585434
"ATX","VMT","SF11","2050",0.031585434
"ATX","VMT","SF12","2015",0.03312393
"ATX","VMT","SF12","2016",0.03312393
"ATX","VMT","SF12","2017",0.03312393
"ATX","VMT","SF12","2018",0.03312393
"ATX","VMT","SF12","2019",0.03312393
"ATX","VMT","SF12","2020",0.03312393
"ATX","VMT","SF12","2021",0.03312393
"ATX","VMT","SF12","2022",0.03312393
"ATX","VMT","SF12","2023",0.03312393
"ATX","VMT","SF12","2024",0.03312393
"ATX","VMT","SF12","2025",0.03312393
"ATX","VMT","SF12","2026",0.03312393
"ATX","VMT","SF12","2027",0.03312393
"ATX","VMT","SF12","2028",0.03312393
"ATX","VMT","SF12","2029",0.03312393
"ATX","VMT","SF12","2030",0.03312393
"ATX","VMT","SF12","2031",0.03312393
"ATX","VMT","SF12","2032",0.03312393
"ATX","VMT","SF12","2033",0.03312393
"ATX","VMT","SF12","2034",0.03312393
"ATX","VMT","SF12","2035",0.03312393
"ATX","VMT","SF12","2036",0.03312393
"ATX","VMT","SF12","2037",0.03312393
"ATX","VMT","SF12","2038",0.03312393
"ATX","VMT","SF12","2039",0.03312393
"ATX","VMT","SF12","2040",0.03312393
"ATX","VMT","SF12","2041",0.03312393
"ATX","VMT","SF12","2042",0.03312393
"ATX","VMT","SF12","2043",0.03312393
"ATX","VMT","SF12","2044",0.03312393
"ATX","VMT","SF12","2045",0.03312393
"ATX","VMT","SF12","2046",0.03312393
"ATX","VMT","SF12","2047",0.03312393
"ATX","VMT","SF12","2048",0.03312393
"ATX","VMT","SF12","2049",0.03312393
"ATX","VMT","SF12","2050",0.03312393
"ATX","VMT","SF13","2015",0.035656318
"ATX","VMT","SF13","2016",0.035656318
"ATX","VMT","SF13","2017",0.035656318
"ATX","VMT","SF13","2018",0.035656318
"ATX","VMT","SF13","2019",0.035656318
"ATX","VMT","SF13","2020",0.035656318
"ATX","VMT","SF13","2021",0.035656318
"ATX","VMT","SF13","2022",0.035656318
"ATX","VMT","SF13","2023",0.035656318
"ATX","VMT","SF13","2024",0.035656318
"ATX","VMT","SF13","2025",0.035656318
"ATX","VMT","SF13","2026",0.035656318
"ATX","VMT","SF13","2027",0.035656318
"ATX","VMT","SF13","2028",0.035656318
"ATX","VMT","SF13","2029",0.035656318
"ATX","VMT","SF13","2030",0.035656318
"ATX","VMT","SF13","2031",0.035656318
"ATX","VMT","SF13","2032",0.035656318
"ATX","VMT","SF13","2033",0.035656318
"ATX","VMT","SF13","2034",0.035656318
"ATX","VMT","SF13","2035",0.035656318
"ATX","VMT","SF13","2036",0.035656318
"ATX","VMT","SF13","2037",0.035656318
"ATX","VMT","SF13","2038",0.035656318
"ATX","VMT","SF13","2039",0.035656318
"ATX","VMT","SF13","2040",0.035656318
"ATX","VMT","SF13","2041",0.035656318
"ATX","VMT","SF13","2042",0.035656318
"ATX","VMT","SF13","2043",0.035656318
"ATX","VMT","SF13","2044",0.035656318
"ATX","VMT","SF13","2045",0.035656318
"ATX","VMT","SF13","2046",0.035656318
"ATX","VMT","SF13","2047",0.035656318
"ATX","VMT","SF13","2048",0.035656318
"ATX","VMT","SF13","2049",0.035656318
"ATX","VMT","SF13","2050",0.035656318
"ATX","VMT","SF14","2015",0.033082766
"ATX","VMT","SF14","2016",0.033082766
"ATX","VMT","SF14","2017",0.033082766
"ATX","VMT","SF14","2018",0.033082766
"ATX","VMT","SF14","2019",0.033082766
"ATX","VMT","SF14","2020",0.033082766
"ATX","VMT","SF14","2021",0.033082766
"ATX","VMT","SF14","2022",0.033082766
"ATX","VMT","SF14","2023",0.033082766
"ATX","VMT","SF14","2024",0.033082766
"ATX","VMT","SF14","2025",0.033082766
"ATX","VMT","SF14","2026",0.033082766
"ATX","VMT","SF14","2027",0.033082766
"ATX","VMT","SF14","2028",0.033082766
"ATX","VMT","SF14","2029",0.033082766
"ATX","VMT","SF14","2030",0.033082766
"ATX","VMT","SF14","2031",0.033082766
"ATX","VMT","SF14","2032",0.033082766
"ATX","VMT","SF14","2033",0.033082766
"ATX","VMT","SF14","2034",0.033082766
"ATX","VMT","SF14","2035",0.033082766
"ATX","VMT","SF14","2036",0.033082766
"ATX","VMT","SF14","2037",0.033082766
"ATX","VMT","SF14","2038",0.033082766
"ATX","VMT","SF14","2039",0.033082766
"ATX","VMT","SF14","2040",0.033082766
"ATX","VMT","SF14","2041",0.033082766
"ATX","VMT","SF14","2042",0.033082766
"ATX","VMT","SF14","2043",0.033082766
"ATX","VMT","SF14","2044",0.033082766
"ATX","VMT","SF14","2045",0.033082766
"ATX","VMT","SF14","2046",0.033082766
"ATX","VMT","SF14","2047",0.033082766
"ATX","VMT","SF14","2048",0.033082766
"ATX","VMT","SF14","2049",0.033082766
"ATX","VMT","SF14","2050",0.033082766
"ATX","VMT","SF15","2015",0.033715138
"ATX","VMT","SF15","2016",0.033715138
"ATX","VMT","SF15","2017",0.033715138
"ATX","VMT","SF15","2018",0.033715138
"ATX","VMT","SF15","2019",0.033715138
"ATX","VMT","SF15","2020",0.033715138
"ATX","VMT","SF15","2021",0.033715138
"ATX","VMT","SF15","2022",0.033715138
"ATX","VMT","SF15","2023",0.033715138
"ATX","VMT","SF15","2024",0.033715138
"ATX","VMT","SF15","2025",0.033715138
"ATX","VMT","SF15","2026",0.033715138
"ATX","VMT","SF15","2027",0.033715138
"ATX","VMT","SF15","2028",0.033715138
"ATX","VMT","SF15","2029",0.033715138
"ATX","VMT","SF15","2030",0.033715138
"ATX","VMT","SF15","2031",0.033715138
"ATX","VMT","SF15","2032",0.033715138
"ATX","VMT","SF15","2033",0.033715138
"ATX","VMT","SF15","2034",0.033715138
"ATX","VMT","SF15","2035",0.033715138
"ATX","VMT","SF15","2036",0.033715138
"ATX","VMT","SF15","2037",0.033715138
"ATX","VMT","SF15","2038",0.033715138
"ATX","VMT","SF15","2039",0.033715138
"ATX","VMT","SF15","2040",0.033715138
"ATX","VMT","SF15","2041",0.033715138
"ATX","VMT","SF15","2042",0.033715138
"ATX","VMT","SF15","2043",0.033715138
"ATX","VMT","SF15","2044",0.033715138
"ATX","VMT","SF15","2045",0.033715138
"ATX","VMT","SF15","2046",0.033715138
"ATX","VMT","SF15","2047",0.033715138
"ATX","VMT","SF15","2048",0.033715138
"ATX","VMT","SF15","2049",0.033715138
"ATX","VMT","SF15","2050",0.033715138
"ATX","VMT","SF16","2015",0.03616031
"ATX","VMT","SF16","2016",0.03616031
"ATX","VMT","SF16","2017",0.03616031
"ATX","VMT","SF16","2018",0.03616031
"ATX","VMT","SF16","2019",0.03616031
"ATX","VMT","SF16","2020",0.03616031
"ATX","VMT","SF16","2021",0.03616031
"ATX","VMT","SF16","2022",0.03616031
"ATX","VMT","SF16","2023",0.03616031
"ATX","VMT","SF16","2024",0.03616031
"ATX","VMT","SF16","2025",0.03616031
"ATX","VMT","SF16","2026",0.03616031
"ATX","VMT","SF16","2027",0.03616031
"ATX","VMT","SF16","2028",0.03616031
"ATX","VMT","SF16","2029",0.03616031
"ATX","VMT","SF16","2030",0.03616031
"ATX","VMT","SF16","2031",0.03616031
"ATX","VMT","SF16","2032",0.03616031
"ATX","VMT","SF16","2033",0.03616031
"ATX","VMT","SF16","2034",0.03616031
"ATX","VMT","SF16","2035",0.03616031
"ATX","VMT","SF16","2036",0.03616031
"ATX","VMT","SF16","2037",0.03616031
"ATX","VMT","SF16","2038",0.03616031
"ATX","VMT","SF16","2039",0.03616031
"ATX","VMT","SF16","2040",0.03616031
"ATX","VMT","SF16","2041",0.03616031
"ATX","VMT","SF16","2042",0.03616031
"ATX","VMT","SF16","2043",0.03616031
"ATX","VMT","SF16","2044",0.03616031
"ATX","VMT","SF16","2045",0.03616031
"ATX","VMT","SF16","2046",0.03616031
"ATX","VMT","SF16","2047",0.03616031
"ATX","VMT","SF16","2048",0.03616031
"ATX","VMT","SF16","2049",0.03616031
"ATX","VMT","SF16","2050",0.03616031
"ATX","VMT","SF17","2015",0.041161338
"ATX","VMT","SF17","2016",0.041161338
"ATX","VMT","SF17","2017",0.041161338
"ATX","VMT","SF17","2018",0.041161338
"ATX","VMT","SF17","2019",0.041161338
"ATX","VMT","SF17","2020",0.041161338
"ATX","VMT","SF17","2021",0.041161338
"ATX","VMT","SF17","2022",0.041161338
"ATX","VMT","SF17","2023",0.041161338
"ATX","VMT","SF17","2024",0.041161338
"ATX","VMT","SF17","2025",0.041161338
"ATX","VMT","SF17","2026",0.041161338
"ATX","VMT","SF17","2027",0.041161338
"ATX","VMT","SF17","2028",0.041161338
"ATX","VMT","SF17","2029",0.041161338
"ATX","VMT","SF17","2030",0.041161338
"ATX","VMT","SF17","2031",0.041161338
"ATX","VMT","SF17","2032",0.041161338
"ATX","VMT","SF17","2033",0.041161338
"ATX","VMT","SF17","2034",0.041161338
"ATX","VMT","SF17","2035",0.041161338
"ATX","VMT","SF17","2036",0.041161338
"ATX","VMT","SF17","2037",0.041161338
"ATX","VMT","SF17","2038",0.041161338
"ATX","VMT","SF17","2039",0.041161338
"ATX","VMT","SF17","2040",0.041161338
"ATX","VMT","SF17","2041",0.041161338
"ATX","VMT","SF17","2042",0.041161338
"ATX","VMT","SF17","2043",0.041161338
"ATX","VMT","SF17","2044",0.041161338
"ATX","VMT","SF17","2045",0.041161338
"ATX","VMT","SF17","2046",0.041161338
"ATX","VMT","SF17","2047",0.041161338
"ATX","VMT","SF17","2048",0.041161338
"ATX","VMT","SF17","2049",0.041161338
"ATX","VMT","SF17","2050",0.041161338
"ATX","VMT","SF18","2015",0.038377996
"ATX","VMT","SF18","2016",0.038377996
"ATX","VMT","SF18","2017",0.038377996
"ATX","VMT","SF18","2018",0.038377996
"ATX","VMT","SF18","2019",0.038377996
"ATX","VMT","SF18","2020",0.038377996
"ATX","VMT","SF18","2021",0.038377996
"ATX","VMT","SF18","2022",0.038377996
"ATX","VMT","SF18","2023",0.038377996
"ATX","VMT","SF18","2024",0.038377996
"ATX","VMT","SF18","2025",0.038377996
"ATX","VMT","SF18","2026",0.038377996
"ATX","VMT","SF18","2027",0.038377996
"ATX","VMT","SF18","2028",0.038377996
"ATX","VMT","SF18","2029",0.038377996
"ATX","VMT","SF18","2030",0.038377996
"ATX","VMT","SF18","2031",0.038377996
"ATX","VMT","SF18","2032",0.038377996
"ATX","VMT","SF18","2033",0.038377996
"ATX","VMT","SF18","2034",0.038377996
"ATX","VMT","SF18","2035",0.038377996
"ATX","VMT","SF18","2036",0.038377996
"ATX","VMT","SF18","2037",0.038377996
"ATX","VMT","SF18","2038",0.038377996
"ATX","VMT","SF18","2039",0.038377996
"ATX","VMT","SF18","2040",0.038377996
"ATX","VMT","SF18","2041",0.038377996
"ATX","VMT","SF18","2042",0.038377996
"ATX","VMT","SF18","2043",0.038377996
"ATX","VMT","SF18","2044",0.038377996
"ATX","VMT","SF18","2045",0.038377996
"ATX","VMT","SF18","2046",0.038377996
"ATX","VMT","SF18","2047",0.038377996
"ATX","VMT","SF18","2048",0.038377996
"ATX","VMT","SF18","2049",0.038377996
"ATX","VMT","SF18","2050",0.038377996
"ATX","VMT","SF19","2015",0.031471262
"ATX","VMT","SF19","2016",0.031471262
"ATX","VMT","SF19","2017",0.031471262
"ATX","VMT","SF19","2018",0.031471262
"ATX","VMT","SF19","2019",0.031471262
"ATX","VMT","SF19","2020",0.031471262
"ATX","VMT","SF19","2021",0.031471262
"ATX","VMT","SF19","2022",0.031471262
"ATX","VMT","SF19","2023",0.031471262
"ATX","VMT","SF19","2024",0.031471262
"ATX","VMT","SF19","2025",0.031471262
"ATX","VMT","SF19","2026",0.031471262
"ATX","VMT","SF19","2027",0.031471262
"ATX","VMT","SF19","2028",0.031471262
"ATX","VMT","SF19","2029",0.031471262
"ATX","VMT","SF19","2030",0.031471262
"ATX","VMT","SF19","2031",0.031471262
"ATX","VMT","SF19","2032",0.031471262
"ATX","VMT","SF19","2033",0.031471262
"ATX","VMT","SF19","2034",0.031471262
"ATX","VMT","SF19","2035",0.031471262
"ATX","VMT","SF19","2036",0.031471262
"ATX","VMT","SF19","2037",0.031471262
"ATX","VMT","SF19","2038",0.031471262
"ATX","VMT","SF19","2039",0.031471262
"ATX","VMT","SF19","2040",0.031471262
"ATX","VMT","SF19","2041",0.031471262
"ATX","VMT","SF19","2042",0.031471262
"ATX","VMT","SF19","2043",0.031471262
"ATX","VMT","SF19","2044",0.031471262
"ATX","VMT","SF19","2045",0.031471262
"ATX","VMT","SF19","2046",0.031471262
"ATX","VMT","SF19","2047",0.031471262
"ATX","VMT","SF19","2048",0.031471262
"ATX","VMT","SF19","2049",0.031471262
"ATX","VMT","SF19","2050",0.031471262
"ATX","VMT","SF20","2015",0.017976816
"ATX","VMT","SF20","2016",0.017976816
"ATX","VMT","SF20","2017",0.017976816
"ATX","VMT","SF20","2018",0.017976816
"ATX","VMT","SF20","2019",0.017976816
"ATX","VMT","SF20","2020",0.017976816
"ATX","VMT","SF20","2021",0.017976816
"ATX","VMT","SF20","2022",0.017976816
"ATX","VMT","SF20","2023",0.017976816
"ATX","VMT","SF20","2024",0.017976816
"ATX","VMT","SF20","2025",0.017976816
"ATX","VMT","SF20","2026",0.017976816
"ATX","VMT","SF20","2027",0.017976816
"ATX","VMT","SF20","2028",0.017976816
"ATX","VMT","SF20","2029",0.017976816
"ATX","VMT","SF20","2030",0.017976816
"ATX","VMT","SF20","2031",0.017976816
"ATX","VMT","SF20","2032",0.017976816
"ATX","VMT","SF20","2033",0.017976816
"ATX","VMT","SF20","2034",0.017976816
"ATX","VMT","SF20","2035",0.017976816
"ATX","VMT","SF20","2036",0.017976816
"ATX","VMT","SF20","2037",0.017976816
"ATX","VMT","SF20","2038",0.017976816
"ATX","VMT","SF20","2039",0.017976816
"ATX","VMT","SF20","2040",0.017976816
"ATX","VMT","SF20","2041",0.017976816
"ATX","VMT","SF20","2042",0.017976816
"ATX","VMT","SF20","2043",0.017976816
"ATX","VMT","SF20","2044",0.017976816
"ATX","VMT","SF20","2045",0.017976816
"ATX","VMT","SF20","2046",0.017976816
"ATX","VMT","SF20","2047",0.017976816
"ATX","VMT","SF20","2048",0.017976816
"ATX","VMT","SF20","2049",0.017976816
"ATX","VMT","SF20","2050",0.017976816
"ATX","VMT","SF21","2015",0.013160278
"ATX","VMT","SF21","2016",0.013160278
"ATX","VMT","SF21","2017",0.013160278
"ATX","VMT","SF21","2018",0.013160278
"ATX","VMT","SF21","2019",0.013160278
"ATX","VMT","SF21","2020",0.013160278
"ATX","VMT","SF21","2021",0.013160278
"ATX","VMT","SF21","2022",0.013160278
"ATX","VMT","SF21","2023",0.013160278
"ATX","VMT","SF21","2024",0.013160278
"ATX","VMT","SF21","2025",0.013160278
"ATX","VMT","SF21","2026",0.013160278
"ATX","VMT","SF21","2027",0.013160278
"ATX","VMT","SF21","2028",0.013160278
"ATX","VMT","SF21","2029",0.013160278
"ATX","VMT","SF21","2030",0.013160278
"ATX","VMT","SF21","2031",0.013160278
"ATX","VMT","SF21","2032",0.013160278
"ATX","VMT","SF21","2033",0.013160278
"ATX","VMT","SF21","2034",0.013160278
"ATX","VMT","SF21","2035",0.013160278
"ATX","VMT","SF21","2036",0.013160278
"ATX","VMT","SF21","2037",0.013160278
"ATX","VMT","SF21","2038",0.013160278
"ATX","VMT","SF21","2039",0.013160278
"ATX","VMT","SF21","2040",0.013160278
"ATX","VMT","SF21","2041",0.013160278
"ATX","VMT","SF21","2042",0.013160278
"ATX","VMT","SF21","2043",0.013160278
"ATX","VMT","SF21","2044",0.013160278
"ATX","VMT","SF21","2045",0.013160278
"ATX","VMT","SF21","2046",0.013160278
"ATX","VMT","SF21","2047",0.013160278
"ATX","VMT","SF21","2048",0.013160278
"ATX","VMT","SF21","2049",0.013160278
"ATX","VMT","SF21","2050",0.013160278
"ATX","VMT","SF22","2015",0.009801708
"ATX","VMT","SF22","2016",0.009801708
"ATX","VMT","SF22","2017",0.009801708
"ATX","VMT","SF22","2018",0.009801708
"ATX","VMT","SF22","2019",0.009801708
"ATX","VMT","SF22","2020",0.009801708
"ATX","VMT","SF22","2021",0.009801708
"ATX","VMT","SF22","2022",0.009801708
"ATX","VMT","SF22","2023",0.009801708
"ATX","VMT","SF22","2024",0.009801708
"ATX","VMT","SF22","2025",0.009801708
"ATX","VMT","SF22","2026",0.009801708
"ATX","VMT","SF22","2027",0.009801708
"ATX","VMT","SF22","2028",0.009801708
"ATX","VMT","SF22","2029",0.009801708
"ATX","VMT","SF22","2030",0.009801708
"ATX","VMT","SF22","2031",0.009801708
"ATX","VMT","SF22","2032",0.009801708
"ATX","VMT","SF22","2033",0.009801708
"ATX","VMT","SF22","2034",0.009801708
"ATX","VMT","SF22","2035",0.009801708
"ATX","VMT","SF22","2036",0.009801708
"ATX","VMT","SF22","2037",0.009801708
"ATX","VMT","SF22","2038",0.009801708
"ATX","VMT","SF22","2039",0.009801708
"ATX","VMT","SF22","2040",0.009801708
"ATX","VMT","SF22","2041",0.009801708
"ATX","VMT","SF22","2042",0.009801708
"ATX","VMT","SF22","2043",0.009801708
"ATX","VMT","SF22","2044",0.009801708
"ATX","VMT","SF22","2045",0.009801708
"ATX","VMT","SF22","2046",0.009801708
"ATX","VMT","SF22","2047",0.009801708
"ATX","VMT","SF22","2048",0.009801708
"ATX","VMT","SF22","2049",0.009801708
"ATX","VMT","SF22","2050",0.009801708
"ATX","VMT","SF23","2015",0.005230134
"ATX","VMT","SF23","2016",0.005230134
"ATX","VMT","SF23","2017",0.005230134
"ATX","VMT","SF23","2018",0.005230134
"ATX","VMT","SF23","2019",0.005230134
"ATX","VMT","SF23","2020",0.005230134
"ATX","VMT","SF23","2021",0.005230134
"ATX","VMT","SF23","2022",0.005230134
"ATX","VMT","SF23","2023",0.005230134
"ATX","VMT","SF23","2024",0.005230134
"ATX","VMT","SF23","2025",0.005230134
"ATX","VMT","SF23","2026",0.005230134
"ATX","VMT","SF23","2027",0.005230134
"ATX","VMT","SF23","2028",0.005230134
"ATX","VMT","SF23","2029",0.005230134
"ATX","VMT","SF23","2030",0.005230134
"ATX","VMT","SF23","2031",0.005230134
"ATX","VMT","SF23","2032",0.005230134
"ATX","VMT","SF23","2033",0.005230134
"ATX","VMT","SF23","2034",0.005230134
"ATX","VMT","SF23","2035",0.005230134
"ATX","VMT","SF23","2036",0.005230134
"ATX","VMT","SF23","2037",0.005230134
"ATX","VMT","SF23","2038",0.005230134
"ATX","VMT","SF23","2039",0.005230134
"ATX","VMT","SF23","2040",0.005230134
"ATX","VMT","SF23","2041",0.005230134
"ATX","VMT","SF23","2042",0.005230134
"ATX","VMT","SF23","2043",0.005230134
"ATX","VMT","SF23","2044",0.005230134
"ATX","VMT","SF23","2045",0.005230134
"ATX","VMT","SF23","2046",0.005230134
"ATX","VMT","SF23","2047",0.005230134
"ATX","VMT","SF23","2048",0.005230134
"ATX","VMT","SF23","2049",0.005230134
"ATX","VMT","SF23","2050",0.005230134
"ATX","VMT","SF24","2015",0.002665628
"ATX","VMT","SF24","2016",0.002665628
"ATX","VMT","SF24","2017",0.002665628
"ATX","VMT","SF24","2018",0.002665628
"ATX","VMT","SF24","2019",0.002665628
"ATX","VMT","SF24","2020",0.002665628
"ATX","VMT","SF24","2021",0.002665628
"ATX","VMT","SF24","2022",0.002665628
"ATX","VMT","SF24","2023",0.002665628
"ATX","VMT","SF24","2024",0.002665628
"ATX","VMT","SF24","2025",0.002665628
"ATX","VMT","SF24","2026",0.002665628
"ATX","VMT","SF24","2027",0.002665628
"ATX","VMT","SF24","2028",0.002665628
"ATX","VMT","SF24","2029",0.002665628
"ATX","VMT","SF24","2030",0.002665628
"ATX","VMT","SF24","2031",0.002665628
"ATX","VMT","SF24","2032",0.002665628
"ATX","VMT","SF24","2033",0.002665628
"ATX","VMT","SF24","2034",0.002665628
"ATX","VMT","SF24","2035",0.002665628
"ATX","VMT","SF24","2036",0.002665628
"ATX","VMT","SF24","2037",0.002665628
"ATX","VMT","SF24","2038",0.002665628
"ATX","VMT","SF24","2039",0.002665628
"ATX","VMT","SF24","2040",0.002665628
"ATX","VMT","SF24","2041",0.002665628
"ATX","VMT","SF24","2042",0.002665628
"ATX","VMT","SF24","2043",0.002665628
"ATX","VMT","SF24","2044",0.002665628
"ATX","VMT","SF24","2045",0.002665628
"ATX","VMT","SF24","2046",0.002665628
"ATX","VMT","SF24","2047",0.002665628
"ATX","VMT","SF24","2048",0.002665628
"ATX","VMT","SF24","2049",0.002665628
"ATX","VMT","SF24","2050",0.002665628
"ATX","VMT","S1","2015",0.000933567
"ATX","VMT","S1","2016",0.000933567
"ATX","VMT","S1","2017",0.000933567
"ATX","VMT","S1","2018",0.000933567
"ATX","VMT","S1","2019",0.000933567
"ATX","VMT","S1","2020",0.000933567
"ATX","VMT","S1","2021",0.000933567
"ATX","VMT","S1","2022",0.000933567
"ATX","VMT","S1","2023",0.000933567
"ATX","VMT","S1","2024",0.000933567
"ATX","VMT","S1","2025",0.000933567
"ATX","VMT","S1","2026",0.000933567
"ATX","VMT","S1","2027",0.000933567
"ATX","VMT","S1","2028",0.000933567
"ATX","VMT","S1","2029",0.000933567
"ATX","VMT","S1","2030",0.000933567
"ATX","VMT","S1","2031",0.000933567
"ATX","VMT","S1","2032",0.000933567
"ATX","VMT","S1","2033",0.000933567
"ATX","VMT","S1","2034",0.000933567
"ATX","VMT","S1","2035",0.000933567
"ATX","VMT","S1","2036",0.000933567
"ATX","VMT","S1","2037",0.000933567
"ATX","VMT","S1","2038",0.000933567
"ATX","VMT","S1","2039",0.000933567
"ATX","VMT","S1","2040",0.000933567
"ATX","VMT","S1","2041",0.000933567
"ATX","VMT","S1","2042",0.000933567
"ATX","VMT","S1","2043",0.000933567
"ATX","VMT","S1","2044",0.000933567
"ATX","VMT","S1","2045",0.000933567
"ATX","VMT","S1","2046",0.000933567
"ATX","VMT","S1","2047",0.000933567
"ATX","VMT","S1","2048",0.000933567
"ATX","VMT","S1","2049",0.000933567
"ATX","VMT","S1","2050",0.000933567
"ATX","VMT","S2","2015",0.000314734
"ATX","VMT","S2","2016",0.000314734
"ATX","VMT","S2","2017",0.000314734
"ATX","VMT","S2","2018",0.000314734
"ATX","VMT","S2","2019",0.000314734
"ATX","VMT","S2","2020",0.000314734
"ATX","VMT","S2","2021",0.000314734
"ATX","VMT","S2","2022",0.000314734
"ATX","VMT","S2","2023",0.000314734
"ATX","VMT","S2","2024",0.000314734
"ATX","VMT","S2","2025",0.000314734
"ATX","VMT","S2","2026",0.000314734
"ATX","VMT","S2","2027",0.000314734
"ATX","VMT","S2","2028",0.000314734
"ATX","VMT","S2","2029",0.000314734
"ATX","VMT","S2","2030",0.000314734
"ATX","VMT","S2","2031",0.000314734
"ATX","VMT","S2","2032",0.000314734
"ATX","VMT","S2","2033",0.000314734
"ATX","VMT","S2","2034",0.000314734
"ATX","VMT","S2","2035",0.000314734
"ATX","VMT","S2","2036",0.000314734
"ATX","VMT","S2","2037",0.000314734
"ATX","VMT","S2","2038",0.000314734
"ATX","VMT","S2","2039",0.000314734
"ATX","VMT","S2","2040",0.000314734
"ATX","VMT","S2","2041",0.000314734
"ATX","VMT","S2","2042",0.000314734
"ATX","VMT","S2","2043",0.000314734
"ATX","VMT","S2","2044",0.000314734
"ATX","VMT","S2","2045",0.000314734
"ATX","VMT","S2","2046",0.000314734
"ATX","VMT","S2","2047",0.000314734
"ATX","VMT","S2","2048",0.000314734
"ATX","VMT","S2","2049",0.000314734
"ATX","VMT","S2","2050",0.000314734
"ATX","VMT","S3","2015",0.000289981
"ATX","VMT","S3","2016",0.000289981
"ATX","VMT","S3","2017",0.000289981
"ATX","VMT","S3","2018",0.000289981
"ATX","VMT","S3","2019",0.000289981
"ATX","VMT","S3","2020",0.000289981
"ATX","VMT","S3","2021",0.000289981
"ATX","VMT","S3","2022",0.000289981
"ATX","VMT","S3","2023",0.000289981
"ATX","VMT","S3","2024",0.000289981
"ATX","VMT","S3","2025",0.000289981
"ATX","VMT","S3","2026",0.000289981
"ATX","VMT","S3","2027",0.000289981
"ATX","VMT","S3","2028",0.000289981
"ATX","VMT","S3","2029",0.000289981
"ATX","VMT","S3","2030",0.000289981
"ATX","VMT","S3","2031",0.000289981
"ATX","VMT","S3","2032",0.000289981
"ATX","VMT","S3","2033",0.000289981
"ATX","VMT","S3","2034",0.000289981
"ATX","VMT","S3","2035",0.000289981
"ATX","VMT","S3","2036",0.000289981
"ATX","VMT","S3","2037",0.000289981
"ATX","VMT","S3","2038",0.000289981
"ATX","VMT","S3","2039",0.000289981
"ATX","VMT","S3","2040",0.000289981
"ATX","VMT","S3","2041",0.000289981
"ATX","VMT","S3","2042",0.000289981
"ATX","VMT","S3","2043",0.000289981
"ATX","VMT","S3","2044",0.000289981
"ATX","VMT","S3","2045",0.000289981
"ATX","VMT","S3","2046",0.000289981
"ATX","VMT","S3","2047",0.000289981
"ATX","VMT","S3","2048",0.000289981
"ATX","VMT","S3","2049",0.000289981
"ATX","VMT","S3","2050",0.000289981
"ATX","VMT","S4","2015",0.000155488
"ATX","VMT","S4","2016",0.000155488
"ATX","VMT","S4","2017",0.000155488
"ATX","VMT","S4","2018",0.000155488
"ATX","VMT","S4","2019",0.000155488
"ATX","VMT","S4","2020",0.000155488
"ATX","VMT","S4","2021",0.000155488
"ATX","VMT","S4","2022",0.000155488
"ATX","VMT","S4","2023",0.000155488
"ATX","VMT","S4","2024",0.000155488
"ATX","VMT","S4","2025",0.000155488
"ATX","VMT","S4","2026",0.000155488
"ATX","VMT","S4","2027",0.000155488
"ATX","VMT","S4","2028",0.000155488
"ATX","VMT","S4","2029",0.000155488
"ATX","VMT","S4","2030",0.000155488
"ATX","VMT","S4","2031",0.000155488
"ATX","VMT","S4","2032",0.000155488
"ATX","VMT","S4","2033",0.000155488
"ATX","VMT","S4","2034",0.000155488
"ATX","VMT","S4","2035",0.000155488
"ATX","VMT","S4","2036",0.000155488
"ATX","VMT","S4","2037",0.000155488
"ATX","VMT","S4","2038",0.000155488
"ATX","VMT","S4","2039",0.000155488
"ATX","VMT","S4","2040",0.000155488
"ATX","VMT","S4","2041",0.000155488
"ATX","VMT","S4","2042",0.000155488
"ATX","VMT","S4","2043",0.000155488
"ATX","VMT","S4","2044",0.000155488
"ATX","VMT","S4","2045",0.000155488
"ATX","VMT","S4","2046",0.000155488
"ATX","VMT","S4","2047",0.000155488
"ATX","VMT","S4","2048",0.000155488
"ATX","VMT","S4","2049",0.000155488
"ATX","VMT","S4","2050",0.000155488
"ATX","VMT","S5","2015",0.002790067
"ATX","VMT","S5","2016",0.002790067
"ATX","VMT","S5","2017",0.002790067
"ATX","VMT","S5","2018",0.002790067
"ATX","VMT","S5","2019",0.002790067
"ATX","VMT","S5","2020",0.002790067
"ATX","VMT","S5","2021",0.002790067
"ATX","VMT","S5","2022",0.002790067
"ATX","VMT","S5","2023",0.002790067
"ATX","VMT","S5","2024",0.002790067
"ATX","VMT","S5","2025",0.002790067
"ATX","VMT","S5","2026",0.002790067
"ATX","VMT","S5","2027",0.002790067
"ATX","VMT","S5","2028",0.002790067
"ATX","VMT","S5","2029",0.002790067
"ATX","VMT","S5","2030",0.002790067
"ATX","VMT","S5","2031",0.002790067
"ATX","VMT","S5","2032",0.002790067
"ATX","VMT","S5","2033",0.002790067
"ATX","VMT","S5","2034",0.002790067
"ATX","VMT","S5","2035",0.002790067
"ATX","VMT","S5","2036",0.002790067
"ATX","VMT","S5","2037",0.002790067
"ATX","VMT","S5","2038",0.002790067
"ATX","VMT","S5","2039",0.002790067
"ATX","VMT","S5","2040",0.002790067
"ATX","VMT","S5","2041",0.002790067
"ATX","VMT","S5","2042",0.002790067
"ATX","VMT","S5","2043",0.002790067
"ATX","VMT","S5","2044",0.002790067
"ATX","VMT","S5","2045",0.002790067
"ATX","VMT","S5","2046",0.002790067
"ATX","VMT","S5","2047",0.002790067
"ATX","VMT","S5","2048",0.002790067
"ATX","VMT","S5","2049",0.002790067
"ATX","VMT","S5","2050",0.002790067
"ATX","VMT","S6","2015",0.00434945
"ATX","VMT","S6","2016",0.00434945
"ATX","VMT","S6","2017",0.00434945
"ATX","VMT","S6","2018",0.00434945
"ATX","VMT","S6","2019",0.00434945
"ATX","VMT","S6","2020",0.00434945
"ATX","VMT","S6","2021",0.00434945
"ATX","VMT","S6","2022",0.00434945
"ATX","VMT","S6","2023",0.00434945
"ATX","VMT","S6","2024",0.00434945
"ATX","VMT","S6","2025",0.00434945
"ATX","VMT","S6","2026",0.00434945
"ATX","VMT","S6","2027",0.00434945
"ATX","VMT","S6","2028",0.00434945
"ATX","VMT","S6","2029",0.00434945
"ATX","VMT","S6","2030",0.00434945
"ATX","VMT","S6","2031",0.00434945
"ATX","VMT","S6","2032",0.00434945
"ATX","VMT","S6","2033",0.00434945
"ATX","VMT","S6","2034",0.00434945
"ATX","VMT","S6","2035",0.00434945
"ATX","VMT","S6","2036",0.00434945
"ATX","VMT","S6","2037",0.00434945
"ATX","VMT","S6","2038",0.00434945
"ATX","VMT","S6","2039",0.00434945
"ATX","VMT","S6","2040",0.00434945
"ATX","VMT","S6","2041",0.00434945
"ATX","VMT","S6","2042",0.00434945
"ATX","VMT","S6","2043",0.00434945
"ATX","VMT","S6","2044",0.00434945
"ATX","VMT","S6","2045",0.00434945
"ATX","VMT","S6","2046",0.00434945
"ATX","VMT","S6","2047",0.00434945
"ATX","VMT","S6","2048",0.00434945
"ATX","VMT","S6","2049",0.00434945
"ATX","VMT","S6","2050",0.00434945
"ATX","VMT","S7","2015",0.012075438
"ATX","VMT","S7","2016",0.012075438
"ATX","VMT","S7","2017",0.012075438
"ATX","VMT","S7","2018",0.012075438
"ATX","VMT","S7","2019",0.012075438
"ATX","VMT","S7","2020",0.012075438
"ATX","VMT","S7","2021",0.012075438
"ATX","VMT","S7","2022",0.012075438
"ATX","VMT","S7","2023",0.012075438
"ATX","VMT","S7","2024",0.012075438
"ATX","VMT","S7","2025",0.012075438
"ATX","VMT","S7","2026",0.012075438
"ATX","VMT","S7","2027",0.012075438
"ATX","VMT","S7","2028",0.012075438
"ATX","VMT","S7","2029",0.012075438
"ATX","VMT","S7","2030",0.012075438
"ATX","VMT","S7","2031",0.012075438
"ATX","VMT","S7","2032",0.012075438
"ATX","VMT","S7","2033",0.012075438
"ATX","VMT","S7","2034",0.012075438
"ATX","VMT","S7","2035",0.012075438
"ATX","VMT","S7","2036",0.012075438
"ATX","VMT","S7","2037",0.012075438
"ATX","VMT","S7","2038",0.012075438
"ATX","VMT","S7","2039",0.012075438
"ATX","VMT","S7","2040",0.012075438
"ATX","VMT","S7","2041",0.012075438
"ATX","VMT","S7","2042",0.012075438
"ATX","VMT","S7","2043",0.012075438
"ATX","VMT","S7","2044",0.012075438
"ATX","VMT","S7","2045",0.012075438
"ATX","VMT","S7","2046",0.012075438
"ATX","VMT","S7","2047",0.012075438
"ATX","VMT","S7","2048",0.012075438
"ATX","VMT","S7","2049",0.012075438
"ATX","VMT","S7","2050",0.012075438
"ATX","VMT","S8","2015",0.01665916
"ATX","VMT","S8","2016",0.01665916
"ATX","VMT","S8","2017",0.01665916
"ATX","VMT","S8","2018",0.01665916
"ATX","VMT","S8","2019",0.01665916
"ATX","VMT","S8","2020",0.01665916
"ATX","VMT","S8","2021",0.01665916
"ATX","VMT","S8","2022",0.01665916
"ATX","VMT","S8","2023",0.01665916
"ATX","VMT","S8","2024",0.01665916
"ATX","VMT","S8","2025",0.01665916
"ATX","VMT","S8","2026",0.01665916
"ATX","VMT","S8","2027",0.01665916
"ATX","VMT","S8","2028",0.01665916
"ATX","VMT","S8","2029",0.01665916
"ATX","VMT","S8","2030",0.01665916
"ATX","VMT","S8","2031",0.01665916
"ATX","VMT","S8","2032",0.01665916
"ATX","VMT","S8","2033",0.01665916
"ATX","VMT","S8","2034",0.01665916
"ATX","VMT","S8","2035",0.01665916
"ATX","VMT","S8","2036",0.01665916
"ATX","VMT","S8","2037",0.01665916
"ATX","VMT","S8","2038",0.01665916
"ATX","VMT","S8","2039",0.01665916
"ATX","VMT","S8","2040",0.01665916
"ATX","VMT","S8","2041",0.01665916
"ATX","VMT","S8","2042",0.01665916
"ATX","VMT","S8","2043",0.01665916
"ATX","VMT","S8","2044",0.01665916
"ATX","VMT","S8","2045",0.01665916
"ATX","VMT","S8","2046",0.01665916
"ATX","VMT","S8","2047",0.01665916
"ATX","VMT","S8","2048",0.01665916
"ATX","VMT","S8","2049",0.01665916
"ATX","VMT","S8","2050",0.01665916
"ATX","VMT","S9","2015",0.013926882
"ATX","VMT","S9","2016",0.013926882
"ATX","VMT","S9","2017",0.013926882
"ATX","VMT","S9","2018",0.013926882
"ATX","VMT","S9","2019",0.013926882
"ATX","VMT","S9","2020",0.013926882
"ATX","VMT","S9","2021",0.013926882
"ATX","VMT","S9","2022",0.013926882
"ATX","VMT","S9","2023",0.013926882
"ATX","VMT","S9","2024",0.013926882
"ATX","VMT","S9","2025",0.013926882
"ATX","VMT","S9","2026",0.013926882
"ATX","VMT","S9","2027",0.013926882
"ATX","VMT","S9","2028",0.013926882
"ATX","VMT","S9","2029",0.013926882
"ATX","VMT","S9","2030",0.013926882
"ATX","VMT","S9","2031",0.013926882
"ATX","VMT","S9","2032",0.013926882
"ATX","VMT","S9","2033",0.013926882
"ATX","VMT","S9","2034",0.013926882
"ATX","VMT","S9","2035",0.013926882
"ATX","VMT","S9","2036",0.013926882
"ATX","VMT","S9","2037",0.013926882
"ATX","VMT","S9","2038",0.013926882
"ATX","VMT","S9","2039",0.013926882
"ATX","VMT","S9","2040",0.013926882
"ATX","VMT","S9","2041",0.013926882
"ATX","VMT","S9","2042",0.013926882
"ATX","VMT","S9","2043",0.013926882
"ATX","VMT","S9","2044",0.013926882
"ATX","VMT","S9","2045",0.013926882
"ATX","VMT","S9","2046",0.013926882
"ATX","VMT","S9","2047",0.013926882
"ATX","VMT","S9","2048",0.013926882
"ATX","VMT","S9","2049",0.013926882
"ATX","VMT","S9","2050",0.013926882
"ATX","VMT","S10","2015",0.016920705
"ATX","VMT","S10","2016",0.016920705
"ATX","VMT","S10","2017",0.016920705
"ATX","VMT","S10","2018",0.016920705
"ATX","VMT","S10","2019",0.016920705
"ATX","VMT","S10","2020",0.016920705
"ATX","VMT","S10","2021",0.016920705
"ATX","VMT","S10","2022",0.016920705
"ATX","VMT","S10","2023",0.016920705
"ATX","VMT","S10","2024",0.016920705
"ATX","VMT","S10","2025",0.016920705
"ATX","VMT","S10","2026",0.016920705
"ATX","VMT","S10","2027",0.016920705
"ATX","VMT","S10","2028",0.016920705
"ATX","VMT","S10","2029",0.016920705
"ATX","VMT","S10","2030",0.016920705
"ATX","VMT","S10","2031",0.016920705
"ATX","VMT","S10","2032",0.016920705
"ATX","VMT","S10","2033",0.016920705
"ATX","VMT","S10","2034",0.016920705
"ATX","VMT","S10","2035",0.016920705
"ATX","VMT","S10","2036",0.016920705
"ATX","VMT","S10","2037",0.016920705
"ATX","VMT","S10","2038",0.016920705
"ATX","VMT","S10","2039",0.016920705
"ATX","VMT","S10","2040",0.016920705
"ATX","VMT","S10","2041",0.016920705
"ATX","VMT","S10","2042",0.016920705
"ATX","VMT","S10","2043",0.016920705
"ATX","VMT","S10","2044",0.016920705
"ATX","VMT","S10","2045",0.016920705
"ATX","VMT","S10","2046",0.016920705
"ATX","VMT","S10","2047",0.016920705
"ATX","VMT","S10","2048",0.016920705
"ATX","VMT","S10","2049",0.016920705
"ATX","VMT","S10","2050",0.016920705
"ATX","VMT","S11","2015",0.015792717
"ATX","VMT","S11","2016",0.015792717
"ATX","VMT","S11","2017",0.015792717
"ATX","VMT","S11","2018",0.015792717
"ATX","VMT","S11","2019",0.015792717
"ATX","VMT","S11","2020",0.015792717
"ATX","VMT","S11","2021",0.015792717
"ATX","VMT","S11","2022",0.015792717
"ATX","VMT","S11","2023",0.015792717
"ATX","VMT","S11","2024",0.015792717
"ATX","VMT","S11","2025",0.015792717
"ATX","VMT","S11","2026",0.015792717
"ATX","VMT","S11","2027",0.015792717
"ATX","VMT","S11","2028",0.015792717
"ATX","VMT","S11","2029",0.015792717
"ATX","VMT","S11","2030",0.015792717
"ATX","VMT","S11","2031",0.015792717
"ATX","VMT","S11","2032",0.015792717
"ATX","VMT","S11","2033",0.015792717
"ATX","VMT","S11","2034",0.015792717
"ATX","VMT","S11","2035",0.015792717
"ATX","VMT","S11","2036",0.015792717
"ATX","VMT","S11","2037",0.015792717
"ATX","VMT","S11","2038",0.015792717
"ATX","VMT","S11","2039",0.015792717
"ATX","VMT","S11","2040",0.015792717
"ATX","VMT","S11","2041",0.015792717
"ATX","VMT","S11","2042",0.015792717
"ATX","VMT","S11","2043",0.015792717
"ATX","VMT","S11","2044",0.015792717
"ATX","VMT","S11","2045",0.015792717
"ATX","VMT","S11","2046",0.015792717
"ATX","VMT","S11","2047",0.015792717
"ATX","VMT","S11","2048",0.015792717
"ATX","VMT","S11","2049",0.015792717
"ATX","VMT","S11","2050",0.015792717
"ATX","VMT","S12","2015",0.016561965
"ATX","VMT","S12","2016",0.016561965
"ATX","VMT","S12","2017",0.016561965
"ATX","VMT","S12","2018",0.016561965
"ATX","VMT","S12","2019",0.016561965
"ATX","VMT","S12","2020",0.016561965
"ATX","VMT","S12","2021",0.016561965
"ATX","VMT","S12","2022",0.016561965
"ATX","VMT","S12","2023",0.016561965
"ATX","VMT","S12","2024",0.016561965
"ATX","VMT","S12","2025",0.016561965
"ATX","VMT","S12","2026",0.016561965
"ATX","VMT","S12","2027",0.016561965
"ATX","VMT","S12","2028",0.016561965
"ATX","VMT","S12","2029",0.016561965
"ATX","VMT","S12","2030",0.016561965
"ATX","VMT","S12","2031",0.016561965
"ATX","VMT","S12","2032",0.016561965
"ATX","VMT","S12","2033",0.016561965
"ATX","VMT","S12","2034",0.016561965
"ATX","VMT","S12","2035",0.016561965
"ATX","VMT","S12","2036",0.016561965
"ATX","VMT","S12","2037",0.016561965
"ATX","VMT","S12","2038",0.016561965
"ATX","VMT","S12","2039",0.016561965
"ATX","VMT","S12","2040",0.016561965
"ATX","VMT","S12","2041",0.016561965
"ATX","VMT","S12","2042",0.016561965
"ATX","VMT","S12","2043",0.016561965
"ATX","VMT","S12","2044",0.016561965
"ATX","VMT","S12","2045",0.016561965
"ATX","VMT","S12","2046",0.016561965
"ATX","VMT","S12","2047",0.016561965
"ATX","VMT","S12","2048",0.016561965
"ATX","VMT","S12","2049",0.016561965
"ATX","VMT","S12","2050",0.016561965
"ATX","VMT","S13","2015",0.017828159
"ATX","VMT","S13","2016",0.017828159
"ATX","VMT","S13","2017",0.017828159
"ATX","VMT","S13","2018",0.017828159
"ATX","VMT","S13","2019",0.017828159
"ATX","VMT","S13","2020",0.017828159
"ATX","VMT","S13","2021",0.017828159
"ATX","VMT","S13","2022",0.017828159
"ATX","VMT","S13","2023",0.017828159
"ATX","VMT","S13","2024",0.017828159
"ATX","VMT","S13","2025",0.017828159
"ATX","VMT","S13","2026",0.017828159
"ATX","VMT","S13","2027",0.017828159
"ATX","VMT","S13","2028",0.017828159
"ATX","VMT","S13","2029",0.017828159
"ATX","VMT","S13","2030",0.017828159
"ATX","VMT","S13","2031",0.017828159
"ATX","VMT","S13","2032",0.017828159
"ATX","VMT","S13","2033",0.017828159
"ATX","VMT","S13","2034",0.017828159
"ATX","VMT","S13","2035",0.017828159
"ATX","VMT","S13","2036",0.017828159
"ATX","VMT","S13","2037",0.017828159
"ATX","VMT","S13","2038",0.017828159
"ATX","VMT","S13","2039",0.017828159
"ATX","VMT","S13","2040",0.017828159
"ATX","VMT","S13","2041",0.017828159
"ATX","VMT","S13","2042",0.017828159
"ATX","VMT","S13","2043",0.017828159
"ATX","VMT","S13","2044",0.017828159
"ATX","VMT","S13","2045",0.017828159
"ATX","VMT","S13","2046",0.017828159
"ATX","VMT","S13","2047",0.017828159
"ATX","VMT","S13","2048",0.017828159
"ATX","VMT","S13","2049",0.017828159
"ATX","VMT","S13","2050",0.017828159
"ATX","VMT","S14","2015",0.016541383
"ATX","VMT","S14","2016",0.016541383
"ATX","VMT","S14","2017",0.016541383
"ATX","VMT","S14","2018",0.016541383
"ATX","VMT","S14","2019",0.016541383
"ATX","VMT","S14","2020",0.016541383
"ATX","VMT","S14","2021",0.016541383
"ATX","VMT","S14","2022",0.016541383
"ATX","VMT","S14","2023",0.016541383
"ATX","VMT","S14","2024",0.016541383
"ATX","VMT","S14","2025",0.016541383
"ATX","VMT","S14","2026",0.016541383
"ATX","VMT","S14","2027",0.016541383
"ATX","VMT","S14","2028",0.016541383
"ATX","VMT","S14","2029",0.016541383
"ATX","VMT","S14","2030",0.016541383
"ATX","VMT","S14","2031",0.016541383
"ATX","VMT","S14","2032",0.016541383
"ATX","VMT","S14","2033",0.016541383
"ATX","VMT","S14","2034",0.016541383
"ATX","VMT","S14","2035",0.016541383
"ATX","VMT","S14","2036",0.016541383
"ATX","VMT","S14","2037",0.016541383
"ATX","VMT","S14","2038",0.016541383
"ATX","VMT","S14","2039",0.016541383
"ATX","VMT","S14","2040",0.016541383
"ATX","VMT","S14","2041",0.016541383
"ATX","VMT","S14","2042",0.016541383
"ATX","VMT","S14","2043",0.016541383
"ATX","VMT","S14","2044",0.016541383
"ATX","VMT","S14","2045",0.016541383
"ATX","VMT","S14","2046",0.016541383
"ATX","VMT","S14","2047",0.016541383
"ATX","VMT","S14","2048",0.016541383
"ATX","VMT","S14","2049",0.016541383
"ATX","VMT","S14","2050",0.016541383
"ATX","VMT","S15","2015",0.016857569
"ATX","VMT","S15","2016",0.016857569
"ATX","VMT","S15","2017",0.016857569
"ATX","VMT","S15","2018",0.016857569
"ATX","VMT","S15","2019",0.016857569
"ATX","VMT","S15","2020",0.016857569
"ATX","VMT","S15","2021",0.016857569
"ATX","VMT","S15","2022",0.016857569
"ATX","VMT","S15","2023",0.016857569
"ATX","VMT","S15","2024",0.016857569
"ATX","VMT","S15","2025",0.016857569
"ATX","VMT","S15","2026",0.016857569
"ATX","VMT","S15","2027",0.016857569
"ATX","VMT","S15","2028",0.016857569
"ATX","VMT","S15","2029",0.016857569
"ATX","VMT","S15","2030",0.016857569
"ATX","VMT","S15","2031",0.016857569
"ATX","VMT","S15","2032",0.016857569
"ATX","VMT","S15","2033",0.016857569
"ATX","VMT","S15","2034",0.016857569
"ATX","VMT","S15","2035",0.016857569
"ATX","VMT","S15","2036",0.016857569
"ATX","VMT","S15","2037",0.016857569
"ATX","VMT","S15","2038",0.016857569
"ATX","VMT","S15","2039",0.016857569
"ATX","VMT","S15","2040",0.016857569
"ATX","VMT","S15","2041",0.016857569
"ATX","VMT","S15","2042",0.016857569
"ATX","VMT","S15","2043",0.016857569
"ATX","VMT","S15","2044",0.016857569
"ATX","VMT","S15","2045",0.016857569
"ATX","VMT","S15","2046",0.016857569
"ATX","VMT","S15","2047",0.016857569
"ATX","VMT","S15","2048",0.016857569
"ATX","VMT","S15","2049",0.016857569
"ATX","VMT","S15","2050",0.016857569
"ATX","VMT","S16","2015",0.018080155
"ATX","VMT","S16","2016",0.018080155
"ATX","VMT","S16","2017",0.018080155
"ATX","VMT","S16","2018",0.018080155
"ATX","VMT","S16","2019",0.018080155
"ATX","VMT","S16","2020",0.018080155
"ATX","VMT","S16","2021",0.018080155
"ATX","VMT","S16","2022",0.018080155
"ATX","VMT","S16","2023",0.018080155
"ATX","VMT","S16","2024",0.018080155
"ATX","VMT","S16","2025",0.018080155
"ATX","VMT","S16","2026",0.018080155
"ATX","VMT","S16","2027",0.018080155
"ATX","VMT","S16","2028",0.018080155
"ATX","VMT","S16","2029",0.018080155
"ATX","VMT","S16","2030",0.018080155
"ATX","VMT","S16","2031",0.018080155
"ATX","VMT","S16","2032",0.018080155
"ATX","VMT","S16","2033",0.018080155
"ATX","VMT","S16","2034",0.018080155
"ATX","VMT","S16","2035",0.018080155
"ATX","VMT","S16","2036",0.018080155
"ATX","VMT","S16","2037",0.018080155
"ATX","VMT","S16","2038",0.018080155
"ATX","VMT","S16","2039",0.018080155
"ATX","VMT","S16","2040",0.018080155
"ATX","VMT","S16","2041",0.018080155
"ATX","VMT","S16","2042",0.018080155
"ATX","VMT","S16","2043",0.018080155
"ATX","VMT","S16","2044",0.018080155
"ATX","VMT","S16","2045",0.018080155
"ATX","VMT","S16","2046",0.018080155
"ATX","VMT","S16","2047",0.018080155
"ATX","VMT","S16","2048",0.018080155
"ATX","VMT","S16","2049",0.018080155
"ATX","VMT","S16","2050",0.018080155
"ATX","VMT","S17","2015",0.020580669
"ATX","VMT","S17","2016",0.020580669
"ATX","VMT","S17","2017",0.020580669
"ATX","VMT","S17","2018",0.020580669
"ATX","VMT","S17","2019",0.020580669
"ATX","VMT","S17","2020",0.020580669
"ATX","VMT","S17","2021",0.020580669
"ATX","VMT","S17","2022",0.020580669
"ATX","VMT","S17","2023",0.020580669
"ATX","VMT","S17","2024",0.020580669
"ATX","VMT","S17","2025",0.020580669
"ATX","VMT","S17","2026",0.020580669
"ATX","VMT","S17","2027",0.020580669
"ATX","VMT","S17","2028",0.020580669
"ATX","VMT","S17","2029",0.020580669
"ATX","VMT","S17","2030",0.020580669
"ATX","VMT","S17","2031",0.020580669
"ATX","VMT","S17","2032",0.020580669
"ATX","VMT","S17","2033",0.020580669
"ATX","VMT","S17","2034",0.020580669
"ATX","VMT","S17","2035",0.020580669
"ATX","VMT","S17","2036",0.020580669
"ATX","VMT","S17","2037",0.020580669
"ATX","VMT","S17","2038",0.020580669
"ATX","VMT","S17","2039",0.020580669
"ATX","VMT","S17","2040",0.020580669
"ATX","VMT","S17","2041",0.020580669
"ATX","VMT","S17","2042",0.020580669
"ATX","VMT","S17","2043",0.020580669
"ATX","VMT","S17","2044",0.020580669
"ATX","VMT","S17","2045",0.020580669
"ATX","VMT","S17","2046",0.020580669
"ATX","VMT","S17","2047",0.020580669
"ATX","VMT","S17","2048",0.020580669
"ATX","VMT","S17","2049",0.020580669
"ATX","VMT","S17","2050",0.020580669
"ATX","VMT","S18","2015",0.019188998
"ATX","VMT","S18","2016",0.019188998
"ATX","VMT","S18","2017",0.019188998
"ATX","VMT","S18","2018",0.019188998
"ATX","VMT","S18","2019",0.019188998
"ATX","VMT","S18","2020",0.019188998
"ATX","VMT","S18","2021",0.019188998
"ATX","VMT","S18","2022",0.019188998
"ATX","VMT","S18","2023",0.019188998
"ATX","VMT","S18","2024",0.019188998
"ATX","VMT","S18","2025",0.019188998
"ATX","VMT","S18","2026",0.019188998
"ATX","VMT","S18","2027",0.019188998
"ATX","VMT","S18","2028",0.019188998
"ATX","VMT","S18","2029",0.019188998
"ATX","VMT","S18","2030",0.019188998
"ATX","VMT","S18","2031",0.019188998
"ATX","VMT","S18","2032",0.019188998
"ATX","VMT","S18","2033",0.019188998
"ATX","VMT","S18","2034",0.019188998
"ATX","VMT","S18","2035",0.019188998
"ATX","VMT","S18","2036",0.019188998
"ATX","VMT","S18","2037",0.019188998
"ATX","VMT","S18","2038",0.019188998
"ATX","VMT","S18","2039",0.019188998
"ATX","VMT","S18","2040",0.019188998
"ATX","VMT","S18","2041",0.019188998
"ATX","VMT","S18","2042",0.019188998
"ATX","VMT","S18","2043",0.019188998
"ATX","VMT","S18","2044",0.019188998
"ATX","VMT","S18","2045",0.019188998
"ATX","VMT","S18","2046",0.019188998
"ATX","VMT","S18","2047",0.019188998
"ATX","VMT","S18","2048",0.019188998
"ATX","VMT","S18","2049",0.019188998
"ATX","VMT","S18","2050",0.019188998
"ATX","VMT","S19","2015",0.015735631
"ATX","VMT","S19","2016",0.015735631
"ATX","VMT","S19","2017",0.015735631
"ATX","VMT","S19","2018",0.015735631
"ATX","VMT","S19","2019",0.015735631
"ATX","VMT","S19","2020",0.015735631
"ATX","VMT","S19","2021",0.015735631
"ATX","VMT","S19","2022",0.015735631
"ATX","VMT","S19","2023",0.015735631
"ATX","VMT","S19","2024",0.015735631
"ATX","VMT","S19","2025",0.015735631
"ATX","VMT","S19","2026",0.015735631
"ATX","VMT","S19","2027",0.015735631
"ATX","VMT","S19","2028",0.015735631
"ATX","VMT","S19","2029",0.015735631
"ATX","VMT","S19","2030",0.015735631
"ATX","VMT","S19","2031",0.015735631
"ATX","VMT","S19","2032",0.015735631
"ATX","VMT","S19","2033",0.015735631
"ATX","VMT","S19","2034",0.015735631
"ATX","VMT","S19","2035",0.015735631
"ATX","VMT","S19","2036",0.015735631
"ATX","VMT","S19","2037",0.015735631
"ATX","VMT","S19","2038",0.015735631
"ATX","VMT","S19","2039",0.015735631
"ATX","VMT","S19","2040",0.015735631
"ATX","VMT","S19","2041",0.015735631
"ATX","VMT","S19","2042",0.015735631
"ATX","VMT","S19","2043",0.015735631
"ATX","VMT","S19","2044",0.015735631
"ATX","VMT","S19","2045",0.015735631
"ATX","VMT","S19","2046",0.015735631
"ATX","VMT","S19","2047",0.015735631
"ATX","VMT","S19","2048",0.015735631
"ATX","VMT","S19","2049",0.015735631
"ATX","VMT","S19","2050",0.015735631
"ATX","VMT","S20","2015",0.008988408
"ATX","VMT","S20","2016",0.008988408
"ATX","VMT","S20","2017",0.008988408
"ATX","VMT","S20","2018",0.008988408
"ATX","VMT","S20","2019",0.008988408
"ATX","VMT","S20","2020",0.008988408
"ATX","VMT","S20","2021",0.008988408
"ATX","VMT","S20","2022",0.008988408
"ATX","VMT","S20","2023",0.008988408
"ATX","VMT","S20","2024",0.008988408
"ATX","VMT","S20","2025",0.008988408
"ATX","VMT","S20","2026",0.008988408
"ATX","VMT","S20","2027",0.008988408
"ATX","VMT","S20","2028",0.008988408
"ATX","VMT","S20","2029",0.008988408
"ATX","VMT","S20","2030",0.008988408
"ATX","VMT","S20","2031",0.008988408
"ATX","VMT","S20","2032",0.008988408
"ATX","VMT","S20","2033",0.008988408
"ATX","VMT","S20","2034",0.008988408
"ATX","VMT","S20","2035",0.008988408
"ATX","VMT","S20","2036",0.008988408
"ATX","VMT","S20","2037",0.008988408
"ATX","VMT","S20","2038",0.008988408
"ATX","VMT","S20","2039",0.008988408
"ATX","VMT","S20","2040",0.008988408
"ATX","VMT","S20","2041",0.008988408
"ATX","VMT","S20","2042",0.008988408
"ATX","VMT","S20","2043",0.008988408
"ATX","VMT","S20","2044",0.008988408
"ATX","VMT","S20","2045",0.008988408
"ATX","VMT","S20","2046",0.008988408
"ATX","VMT","S20","2047",0.008988408
"ATX","VMT","S20","2048",0.008988408
"ATX","VMT","S20","2049",0.008988408
"ATX","VMT","S20","2050",0.008988408
"ATX","VMT","S21","2015",0.006580139
"ATX","VMT","S21","2016",0.006580139
"ATX","VMT","S21","2017",0.006580139
"ATX","VMT","S21","2018",0.006580139
"ATX","VMT","S21","2019",0.006580139
"ATX","VMT","S21","2020",0.006580139
"ATX","VMT","S21","2021",0.006580139
"ATX","VMT","S21","2022",0.006580139
"ATX","VMT","S21","2023",0.006580139
"ATX","VMT","S21","2024",0.006580139
"ATX","VMT","S21","2025",0.006580139
"ATX","VMT","S21","2026",0.006580139
"ATX","VMT","S21","2027",0.006580139
"ATX","VMT","S21","2028",0.006580139
"ATX","VMT","S21","2029",0.006580139
"ATX","VMT","S21","2030",0.006580139
"ATX","VMT","S21","2031",0.006580139
"ATX","VMT","S21","2032",0.006580139
"ATX","VMT","S21","2033",0.006580139
"ATX","VMT","S21","2034",0.006580139
"ATX","VMT","S21","2035",0.006580139
"ATX","VMT","S21","2036",0.006580139
"ATX","VMT","S21","2037",0.006580139
"ATX","VMT","S21","2038",0.006580139
"ATX","VMT","S21","2039",0.006580139
"ATX","VMT","S21","2040",0.006580139
"ATX","VMT","S21","2041",0.006580139
"ATX","VMT","S21","2042",0.006580139
"ATX","VMT","S21","2043",0.006580139
"ATX","VMT","S21","2044",0.006580139
"ATX","VMT","S21","2045",0.006580139
"ATX","VMT","S21","2046",0.006580139
"ATX","VMT","S21","2047",0.006580139
"ATX","VMT","S21","2048",0.006580139
"ATX","VMT","S21","2049",0.006580139
"ATX","VMT","S21","2050",0.006580139
"ATX","VMT","S22","2015",0.004900854
"ATX","VMT","S22","2016",0.004900854
"ATX","VMT","S22","2017",0.004900854
"ATX","VMT","S22","2018",0.004900854
"ATX","VMT","S22","2019",0.004900854
"ATX","VMT","S22","2020",0.004900854
"ATX","VMT","S22","2021",0.004900854
"ATX","VMT","S22","2022",0.004900854
"ATX","VMT","S22","2023",0.004900854
"ATX","VMT","S22","2024",0.004900854
"ATX","VMT","S22","2025",0.004900854
"ATX","VMT","S22","2026",0.004900854
"ATX","VMT","S22","2027",0.004900854
"ATX","VMT","S22","2028",0.004900854
"ATX","VMT","S22","2029",0.004900854
"ATX","VMT","S22","2030",0.004900854
"ATX","VMT","S22","2031",0.004900854
"ATX","VMT","S22","2032",0.004900854
"ATX","VMT","S22","2033",0.004900854
"ATX","VMT","S22","2034",0.004900854
"ATX","VMT","S22","2035",0.004900854
"ATX","VMT","S22","2036",0.004900854
"ATX","VMT","S22","2037",0.004900854
"ATX","VMT","S22","2038",0.004900854
"ATX","VMT","S22","2039",0.004900854
"ATX","VMT","S22","2040",0.004900854
"ATX","VMT","S22","2041",0.004900854
"ATX","VMT","S22","2042",0.004900854
"ATX","VMT","S22","2043",0.004900854
"ATX","VMT","S22","2044",0.004900854
"ATX","VMT","S22","2045",0.004900854
"ATX","VMT","S22","2046",0.004900854
"ATX","VMT","S22","2047",0.004900854
"ATX","VMT","S22","2048",0.004900854
"ATX","VMT","S22","2049",0.004900854
"ATX","VMT","S22","2050",0.004900854
"ATX","VMT","S23","2015",0.002615067
"ATX","VMT","S23","2016",0.002615067
"ATX","VMT","S23","2017",0.002615067
"ATX","VMT","S23","2018",0.002615067
"ATX","VMT","S23","2019",0.002615067
"ATX","VMT","S23","2020",0.002615067
"ATX","VMT","S23","2021",0.002615067
"ATX","VMT","S23","2022",0.002615067
"ATX","VMT","S23","2023",0.002615067
"ATX","VMT","S23","2024",0.002615067
"ATX","VMT","S23","2025",0.002615067
"ATX","VMT","S23","2026",0.002615067
"ATX","VMT","S23","2027",0.002615067
"ATX","VMT","S23","2028",0.002615067
"ATX","VMT","S23","2029",0.002615067
"ATX","VMT","S23","2030",0.002615067
"ATX","VMT","S23","2031",0.002615067
"ATX","VMT","S23","2032",0.002615067
"ATX","VMT","S23","2033",0.002615067
"ATX","VMT","S23","2034",0.002615067
"ATX","VMT","S23","2035",0.002615067
"ATX","VMT","S23","2036",0.002615067
"ATX","VMT","S23","2037",0.002615067
"ATX","VMT","S23","2038",0.002615067
"ATX","VMT","S23","2039",0.002615067
"ATX","VMT","S23","2040",0.002615067
"ATX","VMT","S23","2041",0.002615067
"ATX","VMT","S23","2042",0.002615067
"ATX","VMT","S23","2043",0.002615067
"ATX","VMT","S23","2044",0.002615067
"ATX","VMT","S23","2045",0.002615067
"ATX","VMT","S23","2046",0.002615067
"ATX","VMT","S23","2047",0.002615067
"ATX","VMT","S23","2048",0.002615067
"ATX","VMT","S23","2049",0.002615067
"ATX","VMT","S23","2050",0.002615067
"ATX","VMT","S24","2015",0.001332814
"ATX","VMT","S24","2016",0.001332814
"ATX","VMT","S24","2017",0.001332814
"ATX","VMT","S24","2018",0.001332814
"ATX","VMT","S24","2019",0.001332814
"ATX","VMT","S24","2020",0.001332814
"ATX","VMT","S24","2021",0.001332814
"ATX","VMT","S24","2022",0.001332814
"ATX","VMT","S24","2023",0.001332814
"ATX","VMT","S24","2024",0.001332814
"ATX","VMT","S24","2025",0.001332814
"ATX","VMT","S24","2026",0.001332814
"ATX","VMT","S24","2027",0.001332814
"ATX","VMT","S24","2028",0.001332814
"ATX","VMT","S24","2029",0.001332814
"ATX","VMT","S24","2030",0.001332814
"ATX","VMT","S24","2031",0.001332814
"ATX","VMT","S24","2032",0.001332814
"ATX","VMT","S24","2033",0.001332814
"ATX","VMT","S24","2034",0.001332814
"ATX","VMT","S24","2035",0.001332814
"ATX","VMT","S24","2036",0.001332814
"ATX","VMT","S24","2037",0.001332814
"ATX","VMT","S24","2038",0.001332814
"ATX","VMT","S24","2039",0.001332814
"ATX","VMT","S24","2040",0.001332814
"ATX","VMT","S24","2041",0.001332814
"ATX","VMT","S24","2042",0.001332814
"ATX","VMT","S24","2043",0.001332814
"ATX","VMT","S24","2044",0.001332814
"ATX","VMT","S24","2045",0.001332814
"ATX","VMT","S24","2046",0.001332814
"ATX","VMT","S24","2047",0.001332814
"ATX","VMT","S24","2048",0.001332814
"ATX","VMT","S24","2049",0.001332814
"ATX","VMT","S24","2050",0.001332814
"ATX","FMT","W1","2015",0.000933567
"ATX","FMT","W1","2016",0.000933567
"ATX","FMT","W1","2017",0.000933567
"ATX","FMT","W1","2018",0.000933567
"ATX","FMT","W1","2019",0.000933567
"ATX","FMT","W1","2020",0.000933567
"ATX","FMT","W1","2021",0.000933567
"ATX","FMT","W1","2022",0.000933567
"ATX","FMT","W1","2023",0.000933567
"ATX","FMT","W1","2024",0.000933567
"ATX","FMT","W1","2025",0.000933567
"ATX","FMT","W1","2026",0.000933567
"ATX","FMT","W1","2027",0.000933567
"ATX","FMT","W1","2028",0.000933567
"ATX","FMT","W1","2029",0.000933567
"ATX","FMT","W1","2030",0.000933567
"ATX","FMT","W1","2031",0.000933567
"ATX","FMT","W1","2032",0.000933567
"ATX","FMT","W1","2033",0.000933567
"ATX","FMT","W1","2034",0.000933567
"ATX","FMT","W1","2035",0.000933567
"ATX","FMT","W1","2036",0.000933567
"ATX","FMT","W1","2037",0.000933567
"ATX","FMT","W1","2038",0.000933567
"ATX","FMT","W1","2039",0.000933567
"ATX","FMT","W1","2040",0.000933567
"ATX","FMT","W1","2041",0.000933567
"ATX","FMT","W1","2042",0.000933567
"ATX","FMT","W1","2043",0.000933567
"ATX","FMT","W1","2044",0.000933567
"ATX","FMT","W1","2045",0.000933567
"ATX","FMT","W1","2046",0.000933567
"ATX","FMT","W1","2047",0.000933567
"ATX","FMT","W1","2048",0.000933567
"ATX","FMT","W1","2049",0.000933567
"ATX","FMT","W1","2050",0.000933567
"ATX","FMT","W2","2015",0.000314734
"ATX","FMT","W2","2016",0.000314734
"ATX","FMT","W2","2017",0.000314734
"ATX","FMT","W2","2018",0.000314734
"ATX","FMT","W2","2019",0.000314734
"ATX","FMT","W2","2020",0.000314734
"ATX","FMT","W2","2021",0.000314734
"ATX","FMT","W2","2022",0.000314734
"ATX","FMT","W2","2023",0.000314734
"ATX","FMT","W2","2024",0.000314734
"ATX","FMT","W2","2025",0.000314734
"ATX","FMT","W2","2026",0.000314734
"ATX","FMT","W2","2027",0.000314734
"ATX","FMT","W2","2028",0.000314734
"ATX","FMT","W2","2029",0.000314734
"ATX","FMT","W2","2030",0.000314734
"ATX","FMT","W2","2031",0.000314734
"ATX","FMT","W2","2032",0.000314734
"ATX","FMT","W2","2033",0.000314734
"ATX","FMT","W2","2034",0.000314734
"ATX","FMT","W2","2035",0.000314734
"ATX","FMT","W2","2036",0.000314734
"ATX","FMT","W2","2037",0.000314734
"ATX","FMT","W2","2038",0.000314734
"ATX","FMT","W2","2039",0.000314734
"ATX","FMT","W2","2040",0.000314734
"ATX","FMT","W2","2041",0.000314734
"ATX","FMT","W2","2042",0.000314734
"ATX","FMT","W2","2043",0.000314734
"ATX","FMT","W2","2044",0.000314734
"ATX","FMT","W2","2045",0.000314734
"ATX","FMT","W2","2046",0.000314734
"ATX","FMT","W2","2047",0.000314734
"ATX","FMT","W2","2048",0.000314734
"ATX","FMT","W2","2049",0.000314734
"ATX","FMT","W2","2050",0.000314734
"ATX","FMT","W3","2015",0.000289981
"ATX","FMT","W3","2016",0.000289981
"ATX","FMT","W3","2017",0.000289981
"ATX","FMT","W3","2018",0.000289981
"ATX","FMT","W3","2019",0.000289981
"ATX","FMT","W3","2020",0.000289981
"ATX","FMT","W3","2021",0.000289981
"ATX","FMT","W3","2022",0.000289981
"ATX","FMT","W3","2023",0.000289981
"ATX","FMT","W3","2024",0.000289981
"ATX","FMT","W3","2025",0.000289981
"ATX","FMT","W3","2026",0.000289981
"ATX","FMT","W3","2027",0.000289981
"ATX","FMT","W3","2028",0.000289981
"ATX","FMT","W3","2029",0.000289981
"ATX","FMT","W3","2030",0.000289981
"ATX","FMT","W3","2031",0.000289981
"ATX","FMT","W3","2032",0.000289981
"ATX","FMT","W3","2033",0.000289981
"ATX","FMT","W3","2034",0.000289981
"ATX","FMT","W3","2035",0.000289981
"ATX","FMT","W3","2036",0.000289981
"ATX","FMT","W3","2037",0.000289981
"ATX","FMT","W3","2038",0.000289981
"ATX","FMT","W3","2039",0.000289981
"ATX","FMT","W3","2040",0.000289981
"ATX","FMT","W3","2041",0.000289981
"ATX","FMT","W3","2042",0.000289981
"ATX","FMT","W3","2043",0.000289981
"ATX","FMT","W3","2044",0.000289981
"ATX","FMT","W3","2045",0.000289981
"ATX","FMT","W3","2046",0.000289981
"ATX","FMT","W3","2047",0.000289981
"ATX","FMT","W3","2048",0.000289981
"ATX","FMT","W3","2049",0.000289981
"ATX","FMT","W3","2050",0.000289981
"ATX","FMT","W4","2015",0.000155488
"ATX","FMT","W4","2016",0.000155488
"ATX","FMT","W4","2017",0.000155488
"ATX","FMT","W4","2018",0.000155488
"ATX","FMT","W4","2019",0.000155488
"ATX","FMT","W4","2020",0.000155488
"ATX","FMT","W4","2021",0.000155488
"ATX","FMT","W4","2022",0.000155488
"ATX","FMT","W4","2023",0.000155488
"ATX","FMT","W4","2024",0.000155488
"ATX","FMT","W4","2025",0.000155488
"ATX","FMT","W4","2026",0.000155488
"ATX","FMT","W4","2027",0.000155488
"ATX","FMT","W4","2028",0.000155488
"ATX","FMT","W4","2029",0.000155488
"ATX","FMT","W4","2030",0.000155488
"ATX","FMT","W4","2031",0.000155488
"ATX","FMT","W4","2032",0.000155488
"ATX","FMT","W4","2033",0.000155488
"ATX","FMT","W4","2034",0.000155488
"ATX","FMT","W4","2035",0.000155488
"ATX","FMT","W4","2036",0.000155488
"ATX","FMT","W4","2037",0.000155488
"ATX","FMT","W4","2038",0.000155488
"ATX","FMT","W4","2039",0.000155488
"ATX","FMT","W4","2040",0.000155488
"ATX","FMT","W4","2041",0.000155488
"ATX","FMT","W4","2042",0.000155488
"ATX","FMT","W4","2043",0.000155488
"ATX","FMT","W4","2044",0.000155488
"ATX","FMT","W4","2045",0.000155488
"ATX","FMT","W4","2046",0.000155488
"ATX","FMT","W4","2047",0.000155488
"ATX","FMT","W4","2048",0.000155488
"ATX","FMT","W4","2049",0.000155488
"ATX","FMT","W4","2050",0.000155488
"ATX","FMT","W5","2015",0.002790067
"ATX","FMT","W5","2016",0.002790067
"ATX","FMT","W5","2017",0.002790067
"ATX","FMT","W5","2018",0.002790067
"ATX","FMT","W5","2019",0.002790067
"ATX","FMT","W5","2020",0.002790067
"ATX","FMT","W5","2021",0.002790067
"ATX","FMT","W5","2022",0.002790067
"ATX","FMT","W5","2023",0.002790067
"ATX","FMT","W5","2024",0.002790067
"ATX","FMT","W5","2025",0.002790067
"ATX","FMT","W5","2026",0.002790067
"ATX","FMT","W5","2027",0.002790067
"ATX","FMT","W5","2028",0.002790067
"ATX","FMT","W5","2029",0.002790067
"ATX","FMT","W5","2030",0.002790067
"ATX","FMT","W5","2031",0.002790067
"ATX","FMT","W5","2032",0.002790067
"ATX","FMT","W5","2033",0.002790067
"ATX","FMT","W5","2034",0.002790067
"ATX","FMT","W5","2035",0.002790067
"ATX","FMT","W5","2036",0.002790067
"ATX","FMT","W5","2037",0.002790067
"ATX","FMT","W5","2038",0.002790067
"ATX","FMT","W5","2039",0.002790067
"ATX","FMT","W5","2040",0.002790067
"ATX","FMT","W5","2041",0.002790067
"ATX","FMT","W5","2042",0.002790067
"ATX","FMT","W5","2043",0.002790067
"ATX","FMT","W5","2044",0.002790067
"ATX","FMT","W5","2045",0.002790067
"ATX","FMT","W5","2046",0.002790067
"ATX","FMT","W5","2047",0.002790067
"ATX","FMT","W5","2048",0.002790067
"ATX","FMT","W5","2049",0.002790067
"ATX","FMT","W5","2050",0.002790067
"ATX","FMT","W6","2015",0.00434945
"ATX","FMT","W6","2016",0.00434945
"ATX","FMT","W6","2017",0.00434945
"ATX","FMT","W6","2018",0.00434945
"ATX","FMT","W6","2019",0.00434945
"ATX","FMT","W6","2020",0.00434945
"ATX","FMT","W6","2021",0.00434945
"ATX","FMT","W6","2022",0.00434945
"ATX","FMT","W6","2023",0.00434945
"ATX","FMT","W6","2024",0.00434945
"ATX","FMT","W6","2025",0.00434945
"ATX","FMT","W6","2026",0.00434945
"ATX","FMT","W6","2027",0.00434945
"ATX","FMT","W6","2028",0.00434945
"ATX","FMT","W6","2029",0.00434945
"ATX","FMT","W6","2030",0.00434945
"ATX","FMT","W6","2031",0.00434945
"ATX","FMT","W6","2032",0.00434945
"ATX","FMT","W6","2033",0.00434945
"ATX","FMT","W6","2034",0.00434945
"ATX","FMT","W6","2035",0.00434945
"ATX","FMT","W6","2036",0.00434945
"ATX","FMT","W6","2037",0.00434945
"ATX","FMT","W6","2038",0.00434945
"ATX","FMT","W6","2039",0.00434945
"ATX","FMT","W6","2040",0.00434945
"ATX","FMT","W6","2041",0.00434945
"ATX","FMT","W6","2042",0.00434945
"ATX","FMT","W6","2043",0.00434945
"ATX","FMT","W6","2044",0.00434945
"ATX","FMT","W6","2045",0.00434945
"ATX","FMT","W6","2046",0.00434945
"ATX","FMT","W6","2047",0.00434945
"ATX","FMT","W6","2048",0.00434945
"ATX","FMT","W6","2049",0.00434945
"ATX","FMT","W6","2050",0.00434945
"ATX","FMT","W7","2015",0.012075438
"ATX","FMT","W7","2016",0.012075438
"ATX","FMT","W7","2017",0.012075438
"ATX","FMT","W7","2018",0.012075438
"ATX","FMT","W7","2019",0.012075438
"ATX","FMT","W7","2020",0.012075438
"ATX","FMT","W7","2021",0.012075438
"ATX","FMT","W7","2022",0.012075438
"ATX","FMT","W7","2023",0.012075438
"ATX","FMT","W7","2024",0.012075438
"ATX","FMT","W7","2025",0.012075438
"ATX","FMT","W7","2026",0.012075438
"ATX","FMT","W7","2027",0.012075438
"ATX","FMT","W7","2028",0.012075438
"ATX","FMT","W7","2029",0.012075438
"ATX","FMT","W7","2030",0.012075438
"ATX","FMT","W7","2031",0.012075438
"ATX","FMT","W7","2032",0.012075438
"ATX","FMT","W7","2033",0.012075438
"ATX","FMT","W7","2034",0.012075438
"ATX","FMT","W7","2035",0.012075438
"ATX","FMT","W7","2036",0.012075438
"ATX","FMT","W7","2037",0.012075438
"ATX","FMT","W7","2038",0.012075438
"ATX","FMT","W7","2039",0.012075438
"ATX","FMT","W7","2040",0.012075438
"ATX","FMT","W7","2041",0.012075438
"ATX","FMT","W7","2042",0.012075438
"ATX","FMT","W7","2043",0.012075438
"ATX","FMT","W7","2044",0.012075438
"ATX","FMT","W7","2045",0.012075438
"ATX","FMT","W7","2046",0.012075438
"ATX","FMT","W7","2047",0.012075438
"ATX","FMT","W7","2048",0.012075438
"ATX","FMT","W7","2049",0.012075438
"ATX","FMT","W7","2050",0.012075438
"ATX","FMT","W8","2015",0.01665916
"ATX","FMT","W8","2016",0.01665916
"ATX","FMT","W8","2017",0.01665916
"ATX","FMT","W8","2018",0.01665916
"ATX","FMT","W8","2019",0.01665916
"ATX","FMT","W8","2020",0.01665916
"ATX","FMT","W8","2021",0.01665916
"ATX","FMT","W8","2022",0.01665916
"ATX","FMT","W8","2023",0.01665916
"ATX","FMT","W8","2024",0.01665916
"ATX","FMT","W8","2025",0.01665916
"ATX","FMT","W8","2026",0.01665916
"ATX","FMT","W8","2027",0.01665916
"ATX","FMT","W8","2028",0.01665916
"ATX","FMT","W8","2029",0.01665916
"ATX","FMT","W8","2030",0.01665916
"ATX","FMT","W8","2031",0.01665916
"ATX","FMT","W8","2032",0.01665916
"ATX","FMT","W8","2033",0.01665916
"ATX","FMT","W8","2034",0.01665916
"ATX","FMT","W8","2035",0.01665916
"ATX","FMT","W8","2036",0.01665916
"ATX","FMT","W8","2037",0.01665916
"ATX","FMT","W8","2038",0.01665916
"ATX","FMT","W8","2039",0.01665916
"ATX","FMT","W8","2040",0.01665916
"ATX","FMT","W8","2041",0.01665916
"ATX","FMT","W8","2042",0.01665916
"ATX","FMT","W8","2043",0.01665916
"ATX","FMT","W8","2044",0.01665916
"ATX","FMT","W8","2045",0.01665916
"ATX","FMT","W8","2046",0.01665916
"ATX","FMT","W8","2047",0.01665916
"ATX","FMT","W8","2048",0.01665916
"ATX","FMT","W8","2049",0.01665916
"ATX","FMT","W8","2050",0.01665916
"ATX","FMT","W9","2015",0.013926882
"ATX","FMT","W9","2016",0.013926882
"ATX","FMT","W9","2017",0.013926882
"ATX","FMT","W9","2018",0.013926882
"ATX","FMT","W9","2019",0.013926882
"ATX","FMT","W9","2020",0.013926882
"ATX","FMT","W9","2021",0.013926882
"ATX","FMT","W9","2022",0.013926882
"ATX","FMT","W9","2023",0.013926882
"ATX","FMT","W9","2024",0.013926882
"ATX","FMT","W9","2025",0.013926882
"ATX","FMT","W9","2026",0.013926882
"ATX","FMT","W9","2027",0.013926882
"ATX","FMT","W9","2028",0.013926882
"ATX","FMT","W9","2029",0.013926882
"ATX","FMT","W9","2030",0.013926882
"ATX","FMT","W9","2031",0.013926882
"ATX","FMT","W9","2032",0.013926882
"ATX","FMT","W9","2033",0.013926882
"ATX","FMT","W9","2034",0.013926882
"ATX","FMT","W9","2035",0.013926882
"ATX","FMT","W9","2036",0.013926882
"ATX","FMT","W9","2037",0.013926882
"ATX","FMT","W9","2038",0.013926882
"ATX","FMT","W9","2039",0.013926882
"ATX","FMT","W9","2040",0.013926882
"ATX","FMT","W9","2041",0.013926882
"ATX","FMT","W9","2042",0.013926882
"ATX","FMT","W9","2043",0.013926882
"ATX","FMT","W9","2044",0.013926882
"ATX","FMT","W9","2045",0.013926882
"ATX","FMT","W9","2046",0.013926882
"ATX","FMT","W9","2047",0.013926882
"ATX","FMT","W9","2048",0.013926882
"ATX","FMT","W9","2049",0.013926882
"ATX","FMT","W9","2050",0.013926882
"ATX","FMT","W10","2015",0.016920705
"ATX","FMT","W10","2016",0.016920705
"ATX","FMT","W10","2017",0.016920705
"ATX","FMT","W10","2018",0.016920705
"ATX","FMT","W10","2019",0.016920705
"ATX","FMT","W10","2020",0.016920705
"ATX","FMT","W10","2021",0.016920705
"ATX","FMT","W10","2022",0.016920705
"ATX","FMT","W10","2023",0.016920705
"ATX","FMT","W10","2024",0.016920705
"ATX","FMT","W10","2025",0.016920705
"ATX","FMT","W10","2026",0.016920705
"ATX","FMT","W10","2027",0.016920705
"ATX","FMT","W10","2028",0.016920705
"ATX","FMT","W10","2029",0.016920705
"ATX","FMT","W10","2030",0.016920705
"ATX","FMT","W10","2031",0.016920705
"ATX","FMT","W10","2032",0.016920705
"ATX","FMT","W10","2033",0.016920705
"ATX","FMT","W10","2034",0.016920705
"ATX","FMT","W10","2035",0.016920705
"ATX","FMT","W10","2036",0.016920705
"ATX","FMT","W10","2037",0.016920705
"ATX","FMT","W10","2038",0.016920705
"ATX","FMT","W10","2039",0.016920705
"ATX","FMT","W10","2040",0.016920705
"ATX","FMT","W10","2041",0.016920705
"ATX","FMT","W10","2042",0.016920705
"ATX","FMT","W10","2043",0.016920705
"ATX","FMT","W10","2044",0.016920705
"ATX","FMT","W10","2045",0.016920705
"ATX","FMT","W10","2046",0.016920705
"ATX","FMT","W10","2047",0.016920705
"ATX","FMT","W10","2048",0.016920705
"ATX","FMT","W10","2049",0.016920705
"ATX","FMT","W10","2050",0.016920705
"ATX","FMT","W11","2015",0.015792717
"ATX","FMT","W11","2016",0.015792717
"ATX","FMT","W11","2017",0.015792717
"ATX","FMT","W11","2018",0.015792717
"ATX","FMT","W11","2019",0.015792717
"ATX","FMT","W11","2020",0.015792717
"ATX","FMT","W11","2021",0.015792717
"ATX","FMT","W11","2022",0.015792717
"ATX","FMT","W11","2023",0.015792717
"ATX","FMT","W11","2024",0.015792717
"ATX","FMT","W11","2025",0.015792717
"ATX","FMT","W11","2026",0.015792717
"ATX","FMT","W11","2027",0.015792717
"ATX","FMT","W11","2028",0.015792717
"ATX","FMT","W11","2029",0.015792717
"ATX","FMT","W11","2030",0.015792717
"ATX","FMT","W11","2031",0.015792717
"ATX","FMT","W11","2032",0.015792717
"ATX","FMT","W11","2033",0.015792717
"ATX","FMT","W11","2034",0.015792717
"ATX","FMT","W11","2035",0.015792717
"ATX","FMT","W11","2036",0.015792717
"ATX","FMT","W11","2037",0.015792717
"ATX","FMT","W11","2038",0.015792717
"ATX","FMT","W11","2039",0.015792717
"ATX","FMT","W11","2040",0.015792717
"ATX","FMT","W11","2041",0.015792717
"ATX","FMT","W11","2042",0.015792717
"ATX","FMT","W11","2043",0.015792717
"ATX","FMT","W11","2044",0.015792717
"ATX","FMT","W11","2045",0.015792717
"ATX","FMT","W11","2046",0.015792717
"ATX","FMT","W11","2047",0.015792717
"ATX","FMT","W11","2048",0.015792717
"ATX","FMT","W11","2049",0.015792717
"ATX","FMT","W11","2050",0.015792717
"ATX","FMT","W12","2015",0.016561965
"ATX","FMT","W12","2016",0.016561965
"ATX","FMT","W12","2017",0.016561965
"ATX","FMT","W12","2018",0.016561965
"ATX","FMT","W12","2019",0.016561965
"ATX","FMT","W12","2020",0.016561965
"ATX","FMT","W12","2021",0.016561965
"ATX","FMT","W12","2022",0.016561965
"ATX","FMT","W12","2023",0.016561965
"ATX","FMT","W12","2024",0.016561965
"ATX","FMT","W12","2025",0.016561965
"ATX","FMT","W12","2026",0.016561965
"ATX","FMT","W12","2027",0.016561965
"ATX","FMT","W12","2028",0.016561965
"ATX","FMT","W12","2029",0.016561965
"ATX","FMT","W12","2030",0.016561965
"ATX","FMT","W12","2031",0.016561965
"ATX","FMT","W12","2032",0.016561965
"ATX","FMT","W12","2033",0.016561965
"ATX","FMT","W12","2034",0.016561965
"ATX","FMT","W12","2035",0.016561965
"ATX","FMT","W12","2036",0.016561965
"ATX","FMT","W12","2037",0.016561965
"ATX","FMT","W12","2038",0.016561965
"ATX","FMT","W12","2039",0.016561965
"ATX","FMT","W12","2040",0.016561965
"ATX","FMT","W12","2041",0.016561965
"ATX","FMT","W12","2042",0.016561965
"ATX","FMT","W12","2043",0.016561965
"ATX","FMT","W12","2044",0.016561965
"ATX","FMT","W12","2045",0.016561965
"ATX","FMT","W12","2046",0.016561965
"ATX","FMT","W12","2047",0.016561965
"ATX","FMT","W12","2048",0.016561965
"ATX","FMT","W12","2049",0.016561965
"ATX","FMT","W12","2050",0.016561965
"ATX","FMT","W13","2015",0.017828159
"ATX","FMT","W13","2016",0.017828159
"ATX","FMT","W13","2017",0.017828159
"ATX","FMT","W13","2018",0.017828159
"ATX","FMT","W13","2019",0.017828159
"ATX","FMT","W13","2020",0.017828159
"ATX","FMT","W13","2021",0.017828159
"ATX","FMT","W13","2022",0.017828159
"ATX","FMT","W13","2023",0.017828159
"ATX","FMT","W13","2024",0.017828159
"ATX","FMT","W13","2025",0.017828159
"ATX","FMT","W13","2026",0.017828159
"ATX","FMT","W13","2027",0.017828159
"ATX","FMT","W13","2028",0.017828159
"ATX","FMT","W13","2029",0.017828159
"ATX","FMT","W13","2030",0.017828159
"ATX","FMT","W13","2031",0.017828159
"ATX","FMT","W13","2032",0.017828159
"ATX","FMT","W13","2033",0.017828159
"ATX","FMT","W13","2034",0.017828159
"ATX","FMT","W13","2035",0.017828159
"ATX","FMT","W13","2036",0.017828159
"ATX","FMT","W13","2037",0.017828159
"ATX","FMT","W13","2038",0.017828159
"ATX","FMT","W13","2039",0.017828159
"ATX","FMT","W13","2040",0.017828159
"ATX","FMT","W13","2041",0.017828159
"ATX","FMT","W13","2042",0.017828159
"ATX","FMT","W13","2043",0.017828159
"ATX","FMT","W13","2044",0.017828159
"ATX","FMT","W13","2045",0.017828159
"ATX","FMT","W13","2046",0.017828159
"ATX","FMT","W13","2047",0.017828159
"ATX","FMT","W13","2048",0.017828159
"ATX","FMT","W13","2049",0.017828159
"ATX","FMT","W13","2050",0.017828159
"ATX","FMT","W14","2015",0.016541383
"ATX","FMT","W14","2016",0.016541383
"ATX","FMT","W14","2017",0.016541383
"ATX","FMT","W14","2018",0.016541383
"ATX","FMT","W14","2019",0.016541383
"ATX","FMT","W14","2020",0.016541383
"ATX","FMT","W14","2021",0.016541383
"ATX","FMT","W14","2022",0.016541383
"ATX","FMT","W14","2023",0.016541383
"ATX","FMT","W14","2024",0.016541383
"ATX","FMT","W14","2025",0.016541383
"ATX","FMT","W14","2026",0.016541383
"ATX","FMT","W14","2027",0.016541383
"ATX","FMT","W14","2028",0.016541383
"ATX","FMT","W14","2029",0.016541383
"ATX","FMT","W14","2030",0.016541383
"ATX","FMT","W14","2031",0.016541383
"ATX","FMT","W14","2032",0.016541383
"ATX","FMT","W14","2033",0.016541383
"ATX","FMT","W14","2034",0.016541383
"ATX","FMT","W14","2035",0.016541383
"ATX","FMT","W14","2036",0.016541383
"ATX","FMT","W14","2037",0.016541383
"ATX","FMT","W14","2038",0.016541383
"ATX","FMT","W14","2039",0.016541383
"ATX","FMT","W14","2040",0.016541383
"ATX","FMT","W14","2041",0.016541383
"ATX","FMT","W14","2042",0.016541383
"ATX","FMT","W14","2043",0.016541383
"ATX","FMT","W14","2044",0.016541383
"ATX","FMT","W14","2045",0.016541383
"ATX","FMT","W14","2046",0.016541383
"ATX","FMT","W14","2047",0.016541383
"ATX","FMT","W14","2048",0.016541383
"ATX","FMT","W14","2049",0.016541383
"ATX","FMT","W14","2050",0.016541383
"ATX","FMT","W15","2015",0.016857569
"ATX","FMT","W15","2016",0.016857569
"ATX","FMT","W15","2017",0.016857569
"ATX","FMT","W15","2018",0.016857569
"ATX","FMT","W15","2019",0.016857569
"ATX","FMT","W15","2020",0.016857569
"ATX","FMT","W15","2021",0.016857569
"ATX","FMT","W15","2022",0.016857569
"ATX","FMT","W15","2023",0.016857569
"ATX","FMT","W15","2024",0.016857569
"ATX","FMT","W15","2025",0.016857569
"ATX","FMT","W15","2026",0.016857569
"ATX","FMT","W15","2027",0.016857569
"ATX","FMT","W15","2028",0.016857569
"ATX","FMT","W15","2029",0.016857569
"ATX","FMT","W15","2030",0.016857569
"ATX","FMT","W15","2031",0.016857569
"ATX","FMT","W15","2032",0.016857569
"ATX","FMT","W15","2033",0.016857569
"ATX","FMT","W15","2034",0.016857569
"ATX","FMT","W15","2035",0.016857569
"ATX","FMT","W15","2036",0.016857569
"ATX","FMT","W15","2037",0.016857569
"ATX","FMT","W15","2038",0.016857569
"ATX","FMT","W15","2039",0.016857569
"ATX","FMT","W15","2040",0.016857569
"ATX","FMT","W15","2041",0.016857569
"ATX","FMT","W15","2042",0.016857569
"ATX","FMT","W15","2043",0.016857569
"ATX","FMT","W15","2044",0.016857569
"ATX","FMT","W15","2045",0.016857569
"ATX","FMT","W15","2046",0.016857569
"ATX","FMT","W15","2047",0.016857569
"ATX","FMT","W15","2048",0.016857569
"ATX","FMT","W15","2049",0.016857569
"ATX","FMT","W15","2050",0.016857569
"ATX","FMT","W16","2015",0.018080155
"ATX","FMT","W16","2016",0.018080155
"ATX","FMT","W16","2017",0.018080155
"ATX","FMT","W16","2018",0.018080155
"ATX","FMT","W16","2019",0.018080155
"ATX","FMT","W16","2020",0.018080155
"ATX","FMT","W16","2021",0.018080155
"ATX","FMT","W16","2022",0.018080155
"ATX","FMT","W16","2023",0.018080155
"ATX","FMT","W16","2024",0.018080155
"ATX","FMT","W16","2025",0.018080155
"ATX","FMT","W16","2026",0.018080155
"ATX","FMT","W16","2027",0.018080155
"ATX","FMT","W16","2028",0.018080155
"ATX","FMT","W16","2029",0.018080155
"ATX","FMT","W16","2030",0.018080155
"ATX","FMT","W16","2031",0.018080155
"ATX","FMT","W16","2032",0.018080155
"ATX","FMT","W16","2033",0.018080155
"ATX","FMT","W16","2034",0.018080155
"ATX","FMT","W16","2035",0.018080155
"ATX","FMT","W16","2036",0.018080155
"ATX","FMT","W16","2037",0.018080155
"ATX","FMT","W16","2038",0.018080155
"ATX","FMT","W16","2039",0.018080155
"ATX","FMT","W16","2040",0.018080155
"ATX","FMT","W16","2041",0.018080155
"ATX","FMT","W16","2042",0.018080155
"ATX","FMT","W16","2043",0.018080155
"ATX","FMT","W16","2044",0.018080155
"ATX","FMT","W16","2045",0.018080155
"ATX","FMT","W16","2046",0.018080155
"ATX","FMT","W16","2047",0.018080155
"ATX","FMT","W16","2048",0.018080155
"ATX","FMT","W16","2049",0.018080155
"ATX","FMT","W16","2050",0.018080155
"ATX","FMT","W17","2015",0.020580669
"ATX","FMT","W17","2016",0.020580669
"ATX","FMT","W17","2017",0.020580669
"ATX","FMT","W17","2018",0.020580669
"ATX","FMT","W17","2019",0.020580669
"ATX","FMT","W17","2020",0.020580669
"ATX","FMT","W17","2021",0.020580669
"ATX","FMT","W17","2022",0.020580669
"ATX","FMT","W17","2023",0.020580669
"ATX","FMT","W17","2024",0.020580669
"ATX","FMT","W17","2025",0.020580669
"ATX","FMT","W17","2026",0.020580669
"ATX","FMT","W17","2027",0.020580669
"ATX","FMT","W17","2028",0.020580669
"ATX","FMT","W17","2029",0.020580669
"ATX","FMT","W17","2030",0.020580669
"ATX","FMT","W17","2031",0.020580669
"ATX","FMT","W17","2032",0.020580669
"ATX","FMT","W17","2033",0.020580669
"ATX","FMT","W17","2034",0.020580669
"ATX","FMT","W17","2035",0.020580669
"ATX","FMT","W17","2036",0.020580669
"ATX","FMT","W17","2037",0.020580669
"ATX","FMT","W17","2038",0.020580669
"ATX","FMT","W17","2039",0.020580669
"ATX","FMT","W17","2040",0.020580669
"ATX","FMT","W17","2041",0.020580669
"ATX","FMT","W17","2042",0.020580669
"ATX","FMT","W17","2043",0.020580669
"ATX","FMT","W17","2044",0.020580669
"ATX","FMT","W17","2045",0.020580669
"ATX","FMT","W17","2046",0.020580669
"ATX","FMT","W17","2047",0.020580669
"ATX","FMT","W17","2048",0.020580669
"ATX","FMT","W17","2049",0.020580669
"ATX","FMT","W17","2050",0.020580669
"ATX","FMT","W18","2015",0.019188998
"ATX","FMT","W18","2016",0.019188998
"ATX","FMT","W18","2017",0.019188998
"ATX","FMT","W18","2018",0.019188998
"ATX","FMT","W18","2019",0.019188998
"ATX","FMT","W18","2020",0.019188998
"ATX","FMT","W18","2021",0.019188998
"ATX","FMT","W18","2022",0.019188998
"ATX","FMT","W18","2023",0.019188998
"ATX","FMT","W18","2024",0.019188998
"ATX","FMT","W18","2025",0.019188998
"ATX","FMT","W18","2026",0.019188998
"ATX","FMT","W18","2027",0.019188998
"ATX","FMT","W18","2028",0.019188998
"ATX","FMT","W18","2029",0.019188998
"ATX","FMT","W18","2030",0.019188998
"ATX","FMT","W18","2031",0.019188998
"ATX","FMT","W18","2032",0.019188998
"ATX","FMT","W18","2033",0.019188998
"ATX","FMT","W18","2034",0.019188998
"ATX","FMT","W18","2035",0.019188998
"ATX","FMT","W18","2036",0.019188998
"ATX","FMT","W18","2037",0.019188998
"ATX","FMT","W18","2038",0.019188998
"ATX","FMT","W18","2039",0.019188998
"ATX","FMT","W18","2040",0.019188998
"ATX","FMT","W18","2041",0.019188998
"ATX","FMT","W18","2042",0.019188998
"ATX","FMT","W18","2043",0.019188998
"ATX","FMT","W18","2044",0.019188998
"ATX","FMT","W18","2045",0.019188998
"ATX","FMT","W18","2046",0.019188998
"ATX","FMT","W18","2047",0.019188998
"ATX","FMT","W18","2048",0.019188998
"ATX","FMT","W18","2049",0.019188998
"ATX","FMT","W18","2050",0.019188998
"ATX","FMT","W19","2015",0.015735631
"ATX","FMT","W19","2016",0.015735631
"ATX","FMT","W19","2017",0.015735631
"ATX","FMT","W19","2018",0.015735631
"ATX","FMT","W19","2019",0.015735631
"ATX","FMT","W19","2020",0.015735631
"ATX","FMT","W19","2021",0.015735631
"ATX","FMT","W19","2022",0.015735631
"ATX","FMT","W19","2023",0.015735631
"ATX","FMT","W19","2024",0.015735631
"ATX","FMT","W19","2025",0.015735631
"ATX","FMT","W19","2026",0.015735631
"ATX","FMT","W19","2027",0.015735631
"ATX","FMT","W19","2028",0.015735631
"ATX","FMT","W19","2029",0.015735631
"ATX","FMT","W19","2030",0.015735631
"ATX","FMT","W19","2031",0.015735631
"ATX","FMT","W19","2032",0.015735631
"ATX","FMT","W19","2033",0.015735631
"ATX","FMT","W19","2034",0.015735631
"ATX","FMT","W19","2035",0.015735631
"ATX","FMT","W19","2036",0.015735631
"ATX","FMT","W19","2037",0.015735631
"ATX","FMT","W19","2038",0.015735631
"ATX","FMT","W19","2039",0.015735631
"ATX","FMT","W19","2040",0.015735631
"ATX","FMT","W19","2041",0.015735631
"ATX","FMT","W19","2042",0.015735631
"ATX","FMT","W19","2043",0.015735631
"ATX","FMT","W19","2044",0.015735631
"ATX","FMT","W19","2045",0.015735631
"ATX","FMT","W19","2046",0.015735631
"ATX","FMT","W19","2047",0.015735631
"ATX","FMT","W19","2048",0.015735631
"ATX","FMT","W19","2049",0.015735631
"ATX","FMT","W19","2050",0.015735631
"ATX","FMT","W20","2015",0.008988408
"ATX","FMT","W20","2016",0.008988408
"ATX","FMT","W20","2017",0.008988408
"ATX","FMT","W20","2018",0.008988408
"ATX","FMT","W20","2019",0.008988408
"ATX","FMT","W20","2020",0.008988408
"ATX","FMT","W20","2021",0.008988408
"ATX","FMT","W20","2022",0.008988408
"ATX","FMT","W20","2023",0.008988408
"ATX","FMT","W20","2024",0.008988408
"ATX","FMT","W20","2025",0.008988408
"ATX","FMT","W20","2026",0.008988408
"ATX","FMT","W20","2027",0.008988408
"ATX","FMT","W20","2028",0.008988408
"ATX","FMT","W20","2029",0.008988408
"ATX","FMT","W20","2030",0.008988408
"ATX","FMT","W20","2031",0.008988408
"ATX","FMT","W20","2032",0.008988408
"ATX","FMT","W20","2033",0.008988408
"ATX","FMT","W20","2034",0.008988408
"ATX","FMT","W20","2035",0.008988408
"ATX","FMT","W20","2036",0.008988408
"ATX","FMT","W20","2037",0.008988408
"ATX","FMT","W20","2038",0.008988408
"ATX","FMT","W20","2039",0.008988408
"ATX","FMT","W20","2040",0.008988408
"ATX","FMT","W20","2041",0.008988408
"ATX","FMT","W20","2042",0.008988408
"ATX","FMT","W20","2043",0.008988408
"ATX","FMT","W20","2044",0.008988408
"ATX","FMT","W20","2045",0.008988408
"ATX","FMT","W20","2046",0.008988408
"ATX","FMT","W20","2047",0.008988408
"ATX","FMT","W20","2048",0.008988408
"ATX","FMT","W20","2049",0.008988408
"ATX","FMT","W20","2050",0.008988408
"ATX","FMT","W21","2015",0.006580139
"ATX","FMT","W21","2016",0.006580139
"ATX","FMT","W21","2017",0.006580139
"ATX","FMT","W21","2018",0.006580139
"ATX","FMT","W21","2019",0.006580139
"ATX","FMT","W21","2020",0.006580139
"ATX","FMT","W21","2021",0.006580139
"ATX","FMT","W21","2022",0.006580139
"ATX","FMT","W21","2023",0.006580139
"ATX","FMT","W21","2024",0.006580139
"ATX","FMT","W21","2025",0.006580139
"ATX","FMT","W21","2026",0.006580139
"ATX","FMT","W21","2027",0.006580139
"ATX","FMT","W21","2028",0.006580139
"ATX","FMT","W21","2029",0.006580139
"ATX","FMT","W21","2030",0.006580139
"ATX","FMT","W21","2031",0.006580139
"ATX","FMT","W21","2032",0.006580139
"ATX","FMT","W21","2033",0.006580139
"ATX","FMT","W21","2034",0.006580139
"ATX","FMT","W21","2035",0.006580139
"ATX","FMT","W21","2036",0.006580139
"ATX","FMT","W21","2037",0.006580139
"ATX","FMT","W21","2038",0.006580139
"ATX","FMT","W21","2039",0.006580139
"ATX","FMT","W21","2040",0.006580139
"ATX","FMT","W21","2041",0.006580139
"ATX","FMT","W21","2042",0.006580139
"ATX","FMT","W21","2043",0.006580139
"ATX","FMT","W21","2044",0.006580139
"ATX","FMT","W21","2045",0.006580139
"ATX","FMT","W21","2046",0.006580139
"ATX","FMT","W21","2047",0.006580139
"ATX","FMT","W21","2048",0.006580139
"ATX","FMT","W21","2049",0.006580139
"ATX","FMT","W21","2050",0.006580139
"ATX","FMT","W22","2015",0.004900854
"ATX","FMT","W22","2016",0.004900854
"ATX","FMT","W22","2017",0.004900854
"ATX","FMT","W22","2018",0.004900854
"ATX","FMT","W22","2019",0.004900854
"ATX","FMT","W22","2020",0.004900854
"ATX","FMT","W22","2021",0.004900854
"ATX","FMT","W22","2022",0.004900854
"ATX","FMT","W22","2023",0.004900854
"ATX","FMT","W22","2024",0.004900854
"ATX","FMT","W22","2025",0.004900854
"ATX","FMT","W22","2026",0.004900854
"ATX","FMT","W22","2027",0.004900854
"ATX","FMT","W22","2028",0.004900854
"ATX","FMT","W22","2029",0.004900854
"ATX","FMT","W22","2030",0.004900854
"ATX","FMT","W22","2031",0.004900854
"ATX","FMT","W22","2032",0.004900854
"ATX","FMT","W22","2033",0.004900854
"ATX","FMT","W22","2034",0.004900854
"ATX","FMT","W22","2035",0.004900854
"ATX","FMT","W22","2036",0.004900854
"ATX","FMT","W22","2037",0.004900854
"ATX","FMT","W22","2038",0.004900854
"ATX","FMT","W22","2039",0.004900854
"ATX","FMT","W22","2040",0.004900854
"ATX","FMT","W22","2041",0.004900854
"ATX","FMT","W22","2042",0.004900854
"ATX","FMT","W22","2043",0.004900854
"ATX","FMT","W22","2044",0.004900854
"ATX","FMT","W22","2045",0.004900854
"ATX","FMT","W22","2046",0.004900854
"ATX","FMT","W22","2047",0.004900854
"ATX","FMT","W22","2048",0.004900854
"ATX","FMT","W22","2049",0.004900854
"ATX","FMT","W22","2050",0.004900854
"ATX","FMT","W23","2015",0.002615067
"ATX","FMT","W23","2016",0.002615067
"ATX","FMT","W23","2017",0.002615067
"ATX","FMT","W23","2018",0.002615067
"ATX","FMT","W23","2019",0.002615067
"ATX","FMT","W23","2020",0.002615067
"ATX","FMT","W23","2021",0.002615067
"ATX","FMT","W23","2022",0.002615067
"ATX","FMT","W23","2023",0.002615067
"ATX","FMT","W23","2024",0.002615067
"ATX","FMT","W23","2025",0.002615067
"ATX","FMT","W23","2026",0.002615067
"ATX","FMT","W23","2027",0.002615067
"ATX","FMT","W23","2028",0.002615067
"ATX","FMT","W23","2029",0.002615067
"ATX","FMT","W23","2030",0.002615067
"ATX","FMT","W23","2031",0.002615067
"ATX","FMT","W23","2032",0.002615067
"ATX","FMT","W23","2033",0.002615067
"ATX","FMT","W23","2034",0.002615067
"ATX","FMT","W23","2035",0.002615067
"ATX","FMT","W23","2036",0.002615067
"ATX","FMT","W23","2037",0.002615067
"ATX","FMT","W23","2038",0.002615067
"ATX","FMT","W23","2039",0.002615067
"ATX","FMT","W23","2040",0.002615067
"ATX","FMT","W23","2041",0.002615067
"ATX","FMT","W23","2042",0.002615067
"ATX","FMT","W23","2043",0.002615067
"ATX","FMT","W23","2044",0.002615067
"ATX","FMT","W23","2045",0.002615067
"ATX","FMT","W23","2046",0.002615067
"ATX","FMT","W23","2047",0.002615067
"ATX","FMT","W23","2048",0.002615067
"ATX","FMT","W23","2049",0.002615067
"ATX","FMT","W23","2050",0.002615067
"ATX","FMT","W24","2015",0.001332814
"ATX","FMT","W24","2016",0.001332814
"ATX","FMT","W24","2017",0.001332814
"ATX","FMT","W24","2018",0.001332814
"ATX","FMT","W24","2019",0.001332814
"ATX","FMT","W24","2020",0.001332814
"ATX","FMT","W24","2021",0.001332814
"ATX","FMT","W24","2022",0.001332814
"ATX","FMT","W24","2023",0.001332814
"ATX","FMT","W24","2024",0.001332814
"ATX","FMT","W24","2025",0.001332814
"ATX","FMT","W24","2026",0.001332814
"ATX","FMT","W24","2027",0.001332814
"ATX","FMT","W24","2028",0.001332814
"ATX","FMT","W24","2029",0.001332814
"ATX","FMT","W24","2030",0.001332814
"ATX","FMT","W24","2031",0.001332814
"ATX","FMT","W24","2032",0.001332814
"ATX","FMT","W24","2033",0.001332814
"ATX","FMT","W24","2034",0.001332814
"ATX","FMT","W24","2035",0.001332814
"ATX","FMT","W24","2036",0.001332814
"ATX","FMT","W24","2037",0.001332814
"ATX","FMT","W24","2038",0.001332814
"ATX","FMT","W24","2039",0.001332814
"ATX","FMT","W24","2040",0.001332814
"ATX","FMT","W24","2041",0.001332814
"ATX","FMT","W24","2042",0.001332814
"ATX","FMT","W24","2043",0.001332814
"ATX","FMT","W24","2044",0.001332814
"ATX","FMT","W24","2045",0.001332814
"ATX","FMT","W24","2046",0.001332814
"ATX","FMT","W24","2047",0.001332814
"ATX","FMT","W24","2048",0.001332814
"ATX","FMT","W24","2049",0.001332814
"ATX","FMT","W24","2050",0.001332814
"ATX","FMT","SF1","2015",0.001867134
"ATX","FMT","SF1","2016",0.001867134
"ATX","FMT","SF1","2017",0.001867134
"ATX","FMT","SF1","2018",0.001867134
"ATX","FMT","SF1","2019",0.001867134
"ATX","FMT","SF1","2020",0.001867134
"ATX","FMT","SF1","2021",0.001867134
"ATX","FMT","SF1","2022",0.001867134
"ATX","FMT","SF1","2023",0.001867134
"ATX","FMT","SF1","2024",0.001867134
"ATX","FMT","SF1","2025",0.001867134
"ATX","FMT","SF1","2026",0.001867134
"ATX","FMT","SF1","2027",0.001867134
"ATX","FMT","SF1","2028",0.001867134
"ATX","FMT","SF1","2029",0.001867134
"ATX","FMT","SF1","2030",0.001867134
"ATX","FMT","SF1","2031",0.001867134
"ATX","FMT","SF1","2032",0.001867134
"ATX","FMT","SF1","2033",0.001867134
"ATX","FMT","SF1","2034",0.001867134
"ATX","FMT","SF1","2035",0.001867134
"ATX","FMT","SF1","2036",0.001867134
"ATX","FMT","SF1","2037",0.001867134
"ATX","FMT","SF1","2038",0.001867134
"ATX","FMT","SF1","2039",0.001867134
"ATX","FMT","SF1","2040",0.001867134
"ATX","FMT","SF1","2041",0.001867134
"ATX","FMT","SF1","2042",0.001867134
"ATX","FMT","SF1","2043",0.001867134
"ATX","FMT","SF1","2044",0.001867134
"ATX","FMT","SF1","2045",0.001867134
"ATX","FMT","SF1","2046",0.001867134
"ATX","FMT","SF1","2047",0.001867134
"ATX","FMT","SF1","2048",0.001867134
"ATX","FMT","SF1","2049",0.001867134
"ATX","FMT","SF1","2050",0.001867134
"ATX","FMT","SF2","2015",0.000629468
"ATX","FMT","SF2","2016",0.000629468
"ATX","FMT","SF2","2017",0.000629468
"ATX","FMT","SF2","2018",0.000629468
"ATX","FMT","SF2","2019",0.000629468
"ATX","FMT","SF2","2020",0.000629468
"ATX","FMT","SF2","2021",0.000629468
"ATX","FMT","SF2","2022",0.000629468
"ATX","FMT","SF2","2023",0.000629468
"ATX","FMT","SF2","2024",0.000629468
"ATX","FMT","SF2","2025",0.000629468
"ATX","FMT","SF2","2026",0.000629468
"ATX","FMT","SF2","2027",0.000629468
"ATX","FMT","SF2","2028",0.000629468
"ATX","FMT","SF2","2029",0.000629468
"ATX","FMT","SF2","2030",0.000629468
"ATX","FMT","SF2","2031",0.000629468
"ATX","FMT","SF2","2032",0.000629468
"ATX","FMT","SF2","2033",0.000629468
"ATX","FMT","SF2","2034",0.000629468
"ATX","FMT","SF2","2035",0.000629468
"ATX","FMT","SF2","2036",0.000629468
"ATX","FMT","SF2","2037",0.000629468
"ATX","FMT","SF2","2038",0.000629468
"ATX","FMT","SF2","2039",0.000629468
"ATX","FMT","SF2","2040",0.000629468
"ATX","FMT","SF2","2041",0.000629468
"ATX","FMT","SF2","2042",0.000629468
"ATX","FMT","SF2","2043",0.000629468
"ATX","FMT","SF2","2044",0.000629468
"ATX","FMT","SF2","2045",0.000629468
"ATX","FMT","SF2","2046",0.000629468
"ATX","FMT","SF2","2047",0.000629468
"ATX","FMT","SF2","2048",0.000629468
"ATX","FMT","SF2","2049",0.000629468
"ATX","FMT","SF2","2050",0.000629468
"ATX","FMT","SF3","2015",0.000579962
"ATX","FMT","SF3","2016",0.000579962
"ATX","FMT","SF3","2017",0.000579962
"ATX","FMT","SF3","2018",0.000579962
"ATX","FMT","SF3","2019",0.000579962
"ATX","FMT","SF3","2020",0.000579962
"ATX","FMT","SF3","2021",0.000579962
"ATX","FMT","SF3","2022",0.000579962
"ATX","FMT","SF3","2023",0.000579962
"ATX","FMT","SF3","2024",0.000579962
"ATX","FMT","SF3","2025",0.000579962
"ATX","FMT","SF3","2026",0.000579962
"ATX","FMT","SF3","2027",0.000579962
"ATX","FMT","SF3","2028",0.000579962
"ATX","FMT","SF3","2029",0.000579962
"ATX","FMT","SF3","2030",0.000579962
"ATX","FMT","SF3","2031",0.000579962
"ATX","FMT","SF3","2032",0.000579962
"ATX","FMT","SF3","2033",0.000579962
"ATX","FMT","SF3","2034",0.000579962
"ATX","FMT","SF3","2035",0.000579962
"ATX","FMT","SF3","2036",0.000579962
"ATX","FMT","SF3","2037",0.000579962
"ATX","FMT","SF3","2038",0.000579962
"ATX","FMT","SF3","2039",0.000579962
"ATX","FMT","SF3","2040",0.000579962
"ATX","FMT","SF3","2041",0.000579962
"ATX","FMT","SF3","2042",0.000579962
"ATX","FMT","SF3","2043",0.000579962
"ATX","FMT","SF3","2044",0.000579962
"ATX","FMT","SF3","2045",0.000579962
"ATX","FMT","SF3","2046",0.000579962
"ATX","FMT","SF3","2047",0.000579962
"ATX","FMT","SF3","2048",0.000579962
"ATX","FMT","SF3","2049",0.000579962
"ATX","FMT","SF3","2050",0.000579962
"ATX","FMT","SF4","2015",0.000310976
"ATX","FMT","SF4","2016",0.000310976
"ATX","FMT","SF4","2017",0.000310976
"ATX","FMT","SF4","2018",0.000310976
"ATX","FMT","SF4","2019",0.000310976
"ATX","FMT","SF4","2020",0.000310976
"ATX","FMT","SF4","2021",0.000310976
"ATX","FMT","SF4","2022",0.000310976
"ATX","FMT","SF4","2023",0.000310976
"ATX","FMT","SF4","2024",0.000310976
"ATX","FMT","SF4","2025",0.000310976
"ATX","FMT","SF4","2026",0.000310976
"ATX","FMT","SF4","2027",0.000310976
"ATX","FMT","SF4","2028",0.000310976
"ATX","FMT","SF4","2029",0.000310976
"ATX","FMT","SF4","2030",0.000310976
"ATX","FMT","SF4","2031",0.000310976
"ATX","FMT","SF4","2032",0.000310976
"ATX","FMT","SF4","2033",0.000310976
"ATX","FMT","SF4","2034",0.000310976
"ATX","FMT","SF4","2035",0.000310976
"ATX","FMT","SF4","2036",0.000310976
"ATX","FMT","SF4","2037",0.000310976
"ATX","FMT","SF4","2038",0.000310976
"ATX","FMT","SF4","2039",0.000310976
"ATX","FMT","SF4","2040",0.000310976
"ATX","FMT","SF4","2041",0.000310976
"ATX","FMT","SF4","2042",0.000310976
"ATX","FMT","SF4","2043",0.000310976
"ATX","FMT","SF4","2044",0.000310976
"ATX","FMT","SF4","2045",0.000310976
"ATX","FMT","SF4","2046",0.000310976
"ATX","FMT","SF4","2047",0.000310976
"ATX","FMT","SF4","2048",0.000310976
"ATX","FMT","SF4","2049",0.000310976
"ATX","FMT","SF4","2050",0.000310976
"ATX","FMT","SF5","2015",0.005580134
"ATX","FMT","SF5","2016",0.005580134
"ATX","FMT","SF5","2017",0.005580134
"ATX","FMT","SF5","2018",0.005580134
"ATX","FMT","SF5","2019",0.005580134
"ATX","FMT","SF5","2020",0.005580134
"ATX","FMT","SF5","2021",0.005580134
"ATX","FMT","SF5","2022",0.005580134
"ATX","FMT","SF5","2023",0.005580134
"ATX","FMT","SF5","2024",0.005580134
"ATX","FMT","SF5","2025",0.005580134
"ATX","FMT","SF5","2026",0.005580134
"ATX","FMT","SF5","2027",0.005580134
"ATX","FMT","SF5","2028",0.005580134
"ATX","FMT","SF5","2029",0.005580134
"ATX","FMT","SF5","2030",0.005580134
"ATX","FMT","SF5","2031",0.005580134
"ATX","FMT","SF5","2032",0.005580134
"ATX","FMT","SF5","2033",0.005580134
"ATX","FMT","SF5","2034",0.005580134
"ATX","FMT","SF5","2035",0.005580134
"ATX","FMT","SF5","2036",0.005580134
"ATX","FMT","SF5","2037",0.005580134
"ATX","FMT","SF5","2038",0.005580134
"ATX","FMT","SF5","2039",0.005580134
"ATX","FMT","SF5","2040",0.005580134
"ATX","FMT","SF5","2041",0.005580134
"ATX","FMT","SF5","2042",0.005580134
"ATX","FMT","SF5","2043",0.005580134
"ATX","FMT","SF5","2044",0.005580134
"ATX","FMT","SF5","2045",0.005580134
"ATX","FMT","SF5","2046",0.005580134
"ATX","FMT","SF5","2047",0.005580134
"ATX","FMT","SF5","2048",0.005580134
"ATX","FMT","SF5","2049",0.005580134
"ATX","FMT","SF5","2050",0.005580134
"ATX","FMT","SF6","2015",0.0086989
"ATX","FMT","SF6","2016",0.0086989
"ATX","FMT","SF6","2017",0.0086989
"ATX","FMT","SF6","2018",0.0086989
"ATX","FMT","SF6","2019",0.0086989
"ATX","FMT","SF6","2020",0.0086989
"ATX","FMT","SF6","2021",0.0086989
"ATX","FMT","SF6","2022",0.0086989
"ATX","FMT","SF6","2023",0.0086989
"ATX","FMT","SF6","2024",0.0086989
"ATX","FMT","SF6","2025",0.0086989
"ATX","FMT","SF6","2026",0.0086989
"ATX","FMT","SF6","2027",0.0086989
"ATX","FMT","SF6","2028",0.0086989
"ATX","FMT","SF6","2029",0.0086989
"ATX","FMT","SF6","2030",0.0086989
"ATX","FMT","SF6","2031",0.0086989
"ATX","FMT","SF6","2032",0.0086989
"ATX","FMT","SF6","2033",0.0086989
"ATX","FMT","SF6","2034",0.0086989
"ATX","FMT","SF6","2035",0.0086989
"ATX","FMT","SF6","2036",0.0086989
"ATX","FMT","SF6","2037",0.0086989
"ATX","FMT","SF6","2038",0.0086989
"ATX","FMT","SF6","2039",0.0086989
"ATX","FMT","SF6","2040",0.0086989
"ATX","FMT","SF6","2041",0.0086989
"ATX","FMT","SF6","2042",0.0086989
"ATX","FMT","SF6","2043",0.0086989
"ATX","FMT","SF6","2044",0.0086989
"ATX","FMT","SF6","2045",0.0086989
"ATX","FMT","SF6","2046",0.0086989
"ATX","FMT","SF6","2047",0.0086989
"ATX","FMT","SF6","2048",0.0086989
"ATX","FMT","SF6","2049",0.0086989
"ATX","FMT","SF6","2050",0.0086989
"ATX","FMT","SF7","2015",0.024150876
"ATX","FMT","SF7","2016",0.024150876
"ATX","FMT","SF7","2017",0.024150876
"ATX","FMT","SF7","2018",0.024150876
"ATX","FMT","SF7","2019",0.024150876
"ATX","FMT","SF7","2020",0.024150876
"ATX","FMT","SF7","2021",0.024150876
"ATX","FMT","SF7","2022",0.024150876
"ATX","FMT","SF7","2023",0.024150876
"ATX","FMT","SF7","2024",0.024150876
"ATX","FMT","SF7","2025",0.024150876
"ATX","FMT","SF7","2026",0.024150876
"ATX","FMT","SF7","2027",0.024150876
"ATX","FMT","SF7","2028",0.024150876
"ATX","FMT","SF7","2029",0.024150876
"ATX","FMT","SF7","2030",0.024150876
"ATX","FMT","SF7","2031",0.024150876
"ATX","FMT","SF7","2032",0.024150876
"ATX","FMT","SF7","2033",0.024150876
"ATX","FMT","SF7","2034",0.024150876
"ATX","FMT","SF7","2035",0.024150876
"ATX","FMT","SF7","2036",0.024150876
"ATX","FMT","SF7","2037",0.024150876
"ATX","FMT","SF7","2038",0.024150876
"ATX","FMT","SF7","2039",0.024150876
"ATX","FMT","SF7","2040",0.024150876
"ATX","FMT","SF7","2041",0.024150876
"ATX","FMT","SF7","2042",0.024150876
"ATX","FMT","SF7","2043",0.024150876
"ATX","FMT","SF7","2044",0.024150876
"ATX","FMT","SF7","2045",0.024150876
"ATX","FMT","SF7","2046",0.024150876
"ATX","FMT","SF7","2047",0.024150876
"ATX","FMT","SF7","2048",0.024150876
"ATX","FMT","SF7","2049",0.024150876
"ATX","FMT","SF7","2050",0.024150876
"ATX","FMT","SF8","2015",0.03331832
"ATX","FMT","SF8","2016",0.03331832
"ATX","FMT","SF8","2017",0.03331832
"ATX","FMT","SF8","2018",0.03331832
"ATX","FMT","SF8","2019",0.03331832
"ATX","FMT","SF8","2020",0.03331832
"ATX","FMT","SF8","2021",0.03331832
"ATX","FMT","SF8","2022",0.03331832
"ATX","FMT","SF8","2023",0.03331832
"ATX","FMT","SF8","2024",0.03331832
"ATX","FMT","SF8","2025",0.03331832
"ATX","FMT","SF8","2026",0.03331832
"ATX","FMT","SF8","2027",0.03331832
"ATX","FMT","SF8","2028",0.03331832
"ATX","FMT","SF8","2029",0.03331832
"ATX","FMT","SF8","2030",0.03331832
"ATX","FMT","SF8","2031",0.03331832
"ATX","FMT","SF8","2032",0.03331832
"ATX","FMT","SF8","2033",0.03331832
"ATX","FMT","SF8","2034",0.03331832
"ATX","FMT","SF8","2035",0.03331832
"ATX","FMT","SF8","2036",0.03331832
"ATX","FMT","SF8","2037",0.03331832
"ATX","FMT","SF8","2038",0.03331832
"ATX","FMT","SF8","2039",0.03331832
"ATX","FMT","SF8","2040",0.03331832
"ATX","FMT","SF8","2041",0.03331832
"ATX","FMT","SF8","2042",0.03331832
"ATX","FMT","SF8","2043",0.03331832
"ATX","FMT","SF8","2044",0.03331832
"ATX","FMT","SF8","2045",0.03331832
"ATX","FMT","SF8","2046",0.03331832
"ATX","FMT","SF8","2047",0.03331832
"ATX","FMT","SF8","2048",0.03331832
"ATX","FMT","SF8","2049",0.03331832
"ATX","FMT","SF8","2050",0.03331832
"ATX","FMT","SF9","2015",0.027853764
"ATX","FMT","SF9","2016",0.027853764
"ATX","FMT","SF9","2017",0.027853764
"ATX","FMT","SF9","2018",0.027853764
"ATX","FMT","SF9","2019",0.027853764
"ATX","FMT","SF9","2020",0.027853764
"ATX","FMT","SF9","2021",0.027853764
"ATX","FMT","SF9","2022",0.027853764
"ATX","FMT","SF9","2023",0.027853764
"ATX","FMT","SF9","2024",0.027853764
"ATX","FMT","SF9","2025",0.027853764
"ATX","FMT","SF9","2026",0.027853764
"ATX","FMT","SF9","2027",0.027853764
"ATX","FMT","SF9","2028",0.027853764
"ATX","FMT","SF9","2029",0.027853764
"ATX","FMT","SF9","2030",0.027853764
"ATX","FMT","SF9","2031",0.027853764
"ATX","FMT","SF9","2032",0.027853764
"ATX","FMT","SF9","2033",0.027853764
"ATX","FMT","SF9","2034",0.027853764
"ATX","FMT","SF9","2035",0.027853764
"ATX","FMT","SF9","2036",0.027853764
"ATX","FMT","SF9","2037",0.027853764
"ATX","FMT","SF9","2038",0.027853764
"ATX","FMT","SF9","2039",0.027853764
"ATX","FMT","SF9","2040",0.027853764
"ATX","FMT","SF9","2041",0.027853764
"ATX","FMT","SF9","2042",0.027853764
"ATX","FMT","SF9","2043",0.027853764
"ATX","FMT","SF9","2044",0.027853764
"ATX","FMT","SF9","2045",0.027853764
"ATX","FMT","SF9","2046",0.027853764
"ATX","FMT","SF9","2047",0.027853764
"ATX","FMT","SF9","2048",0.027853764
"ATX","FMT","SF9","2049",0.027853764
"ATX","FMT","SF9","2050",0.027853764
"ATX","FMT","SF10","2015",0.03384141
"ATX","FMT","SF10","2016",0.03384141
"ATX","FMT","SF10","2017",0.03384141
"ATX","FMT","SF10","2018",0.03384141
"ATX","FMT","SF10","2019",0.03384141
"ATX","FMT","SF10","2020",0.03384141
"ATX","FMT","SF10","2021",0.03384141
"ATX","FMT","SF10","2022",0.03384141
"ATX","FMT","SF10","2023",0.03384141
"ATX","FMT","SF10","2024",0.03384141
"ATX","FMT","SF10","2025",0.03384141
"ATX","FMT","SF10","2026",0.03384141
"ATX","FMT","SF10","2027",0.03384141
"ATX","FMT","SF10","2028",0.03384141
"ATX","FMT","SF10","2029",0.03384141
"ATX","FMT","SF10","2030",0.03384141
"ATX","FMT","SF10","2031",0.03384141
"ATX","FMT","SF10","2032",0.03384141
"ATX","FMT","SF10","2033",0.03384141
"ATX","FMT","SF10","2034",0.03384141
"ATX","FMT","SF10","2035",0.03384141
"ATX","FMT","SF10","2036",0.03384141
"ATX","FMT","SF10","2037",0.03384141
"ATX","FMT","SF10","2038",0.03384141
"ATX","FMT","SF10","2039",0.03384141
"ATX","FMT","SF10","2040",0.03384141
"ATX","FMT","SF10","2041",0.03384141
"ATX","FMT","SF10","2042",0.03384141
"ATX","FMT","SF10","2043",0.03384141
"ATX","FMT","SF10","2044",0.03384141
"ATX","FMT","SF10","2045",0.03384141
"ATX","FMT","SF10","2046",0.03384141
"ATX","FMT","SF10","2047",0.03384141
"ATX","FMT","SF10","2048",0.03384141
"ATX","FMT","SF10","2049",0.03384141
"ATX","FMT","SF10","2050",0.03384141
"ATX","FMT","SF11","2015",0.031585434
"ATX","FMT","SF11","2016",0.031585434
"ATX","FMT","SF11","2017",0.031585434
"ATX","FMT","SF11","2018",0.031585434
"ATX","FMT","SF11","2019",0.031585434
"ATX","FMT","SF11","2020",0.031585434
"ATX","FMT","SF11","2021",0.031585434
"ATX","FMT","SF11","2022",0.031585434
"ATX","FMT","SF11","2023",0.031585434
"ATX","FMT","SF11","2024",0.031585434
"ATX","FMT","SF11","2025",0.031585434
"ATX","FMT","SF11","2026",0.031585434
"ATX","FMT","SF11","2027",0.031585434
"ATX","FMT","SF11","2028",0.031585434
"ATX","FMT","SF11","2029",0.031585434
"ATX","FMT","SF11","2030",0.031585434
"ATX","FMT","SF11","2031",0.031585434
"ATX","FMT","SF11","2032",0.031585434
"ATX","FMT","SF11","2033",0.031585434
"ATX","FMT","SF11","2034",0.031585434
"ATX","FMT","SF11","2035",0.031585434
"ATX","FMT","SF11","2036",0.031585434
"ATX","FMT","SF11","2037",0.031585434
"ATX","FMT","SF11","2038",0.031585434
"ATX","FMT","SF11","2039",0.031585434
"ATX","FMT","SF11","2040",0.031585434
"ATX","FMT","SF11","2041",0.031585434
"ATX","FMT","SF11","2042",0.031585434
"ATX","FMT","SF11","2043",0.031585434
"ATX","FMT","SF11","2044",0.031585434
"ATX","FMT","SF11","2045",0.031585434
"ATX","FMT","SF11","2046",0.031585434
"ATX","FMT","SF11","2047",0.031585434
"ATX","FMT","SF11","2048",0.031585434
"ATX","FMT","SF11","2049",0.031585434
"ATX","FMT","SF11","2050",0.031585434
"ATX","FMT","SF12","2015",0.03312393
"ATX","FMT","SF12","2016",0.03312393
"ATX","FMT","SF12","2017",0.03312393
"ATX","FMT","SF12","2018",0.03312393
"ATX","FMT","SF12","2019",0.03312393
"ATX","FMT","SF12","2020",0.03312393
"ATX","FMT","SF12","2021",0.03312393
"ATX","FMT","SF12","2022",0.03312393
"ATX","FMT","SF12","2023",0.03312393
"ATX","FMT","SF12","2024",0.03312393
"ATX","FMT","SF12","2025",0.03312393
"ATX","FMT","SF12","2026",0.03312393
"ATX","FMT","SF12","2027",0.03312393
"ATX","FMT","SF12","2028",0.03312393
"ATX","FMT","SF12","2029",0.03312393
"ATX","FMT","SF12","2030",0.03312393
"ATX","FMT","SF12","2031",0.03312393
"ATX","FMT","SF12","2032",0.03312393
"ATX","FMT","SF12","2033",0.03312393
"ATX","FMT","SF12","2034",0.03312393
"ATX","FMT","SF12","2035",0.03312393
"ATX","FMT","SF12","2036",0.03312393
"ATX","FMT","SF12","2037",0.03312393
"ATX","FMT","SF12","2038",0.03312393
"ATX","FMT","SF12","2039",0.03312393
"ATX","FMT","SF12","2040",0.03312393
"ATX","FMT","SF12","2041",0.03312393
"ATX","FMT","SF12","2042",0.03312393
"ATX","FMT","SF12","2043",0.03312393
"ATX","FMT","SF12","2044",0.03312393
"ATX","FMT","SF12","2045",0.03312393
"ATX","FMT","SF12","2046",0.03312393
"ATX","FMT","SF12","2047",0.03312393
"ATX","FMT","SF12","2048",0.03312393
"ATX","FMT","SF12","2049",0.03312393
"ATX","FMT","SF12","2050",0.03312393
"ATX","FMT","SF13","2015",0.035656318
"ATX","FMT","SF13","2016",0.035656318
"ATX","FMT","SF13","2017",0.035656318
"ATX","FMT","SF13","2018",0.035656318
"ATX","FMT","SF13","2019",0.035656318
"ATX","FMT","SF13","2020",0.035656318
"ATX","FMT","SF13","2021",0.035656318
"ATX","FMT","SF13","2022",0.035656318
"ATX","FMT","SF13","2023",0.035656318
"ATX","FMT","SF13","2024",0.035656318
"ATX","FMT","SF13","2025",0.035656318
"ATX","FMT","SF13","2026",0.035656318
"ATX","FMT","SF13","2027",0.035656318
"ATX","FMT","SF13","2028",0.035656318
"ATX","FMT","SF13","2029",0.035656318
"ATX","FMT","SF13","2030",0.035656318
"ATX","FMT","SF13","2031",0.035656318
"ATX","FMT","SF13","2032",0.035656318
"ATX","FMT","SF13","2033",0.035656318
"ATX","FMT","SF13","2034",0.035656318
"ATX","FMT","SF13","2035",0.035656318
"ATX","FMT","SF13","2036",0.035656318
"ATX","FMT","SF13","2037",0.035656318
"ATX","FMT","SF13","2038",0.035656318
"ATX","FMT","SF13","2039",0.035656318
"ATX","FMT","SF13","2040",0.035656318
"ATX","FMT","SF13","2041",0.035656318
"ATX","FMT","SF13","2042",0.035656318
"ATX","FMT","SF13","2043",0.035656318
"ATX","FMT","SF13","2044",0.035656318
"ATX","FMT","SF13","2045",0.035656318
"ATX","FMT","SF13","2046",0.035656318
"ATX","FMT","SF13","2047",0.035656318
"ATX","FMT","SF13","2048",0.035656318
"ATX","FMT","SF13","2049",0.035656318
"ATX","FMT","SF13","2050",0.035656318
"ATX","FMT","SF14","2015",0.033082766
"ATX","FMT","SF14","2016",0.033082766
"ATX","FMT","SF14","2017",0.033082766
"ATX","FMT","SF14","2018",0.033082766
"ATX","FMT","SF14","2019",0.033082766
"ATX","FMT","SF14","2020",0.033082766
"ATX","FMT","SF14","2021",0.033082766
"ATX","FMT","SF14","2022",0.033082766
"ATX","FMT","SF14","2023",0.033082766
"ATX","FMT","SF14","2024",0.033082766
"ATX","FMT","SF14","2025",0.033082766
"ATX","FMT","SF14","2026",0.033082766
"ATX","FMT","SF14","2027",0.033082766
"ATX","FMT","SF14","2028",0.033082766
"ATX","FMT","SF14","2029",0.033082766
"ATX","FMT","SF14","2030",0.033082766
"ATX","FMT","SF14","2031",0.033082766
"ATX","FMT","SF14","2032",0.033082766
"ATX","FMT","SF14","2033",0.033082766
"ATX","FMT","SF14","2034",0.033082766
"ATX","FMT","SF14","2035",0.033082766
"ATX","FMT","SF14","2036",0.033082766
"ATX","FMT","SF14","2037",0.033082766
"ATX","FMT","SF14","2038",0.033082766
"ATX","FMT","SF14","2039",0.033082766
"ATX","FMT","SF14","2040",0.033082766
"ATX","FMT","SF14","2041",0.033082766
"ATX","FMT","SF14","2042",0.033082766
"ATX","FMT","SF14","2043",0.033082766
"ATX","FMT","SF14","2044",0.033082766
"ATX","FMT","SF14","2045",0.033082766
"ATX","FMT","SF14","2046",0.033082766
"ATX","FMT","SF14","2047",0.033082766
"ATX","FMT","SF14","2048",0.033082766
"ATX","FMT","SF14","2049",0.033082766
"ATX","FMT","SF14","2050",0.033082766
"ATX","FMT","SF15","2015",0.033715138
"ATX","FMT","SF15","2016",0.033715138
"ATX","FMT","SF15","2017",0.033715138
"ATX","FMT","SF15","2018",0.033715138
"ATX","FMT","SF15","2019",0.033715138
"ATX","FMT","SF15","2020",0.033715138
"ATX","FMT","SF15","2021",0.033715138
"ATX","FMT","SF15","2022",0.033715138
"ATX","FMT","SF15","2023",0.033715138
"ATX","FMT","SF15","2024",0.033715138
"ATX","FMT","SF15","2025",0.033715138
"ATX","FMT","SF15","2026",0.033715138
"ATX","FMT","SF15","2027",0.033715138
"ATX","FMT","SF15","2028",0.033715138
"ATX","FMT","SF15","2029",0.033715138
"ATX","FMT","SF15","2030",0.033715138
"ATX","FMT","SF15","2031",0.033715138
"ATX","FMT","SF15","2032",0.033715138
"ATX","FMT","SF15","2033",0.033715138
"ATX","FMT","SF15","2034",0.033715138
"ATX","FMT","SF15","2035",0.033715138
"ATX","FMT","SF15","2036",0.033715138
"ATX","FMT","SF15","2037",0.033715138
"ATX","FMT","SF15","2038",0.033715138
"ATX","FMT","SF15","2039",0.033715138
"ATX","FMT","SF15","2040",0.033715138
"ATX","FMT","SF15","2041",0.033715138
"ATX","FMT","SF15","2042",0.033715138
"ATX","FMT","SF15","2043",0.033715138
"ATX","FMT","SF15","2044",0.033715138
"ATX","FMT","SF15","2045",0.033715138
"ATX","FMT","SF15","2046",0.033715138
"ATX","FMT","SF15","2047",0.033715138
"ATX","FMT","SF15","2048",0.033715138
"ATX","FMT","SF15","2049",0.033715138
"ATX","FMT","SF15","2050",0.033715138
"ATX","FMT","SF16","2015",0.03616031
"ATX","FMT","SF16","2016",0.03616031
"ATX","FMT","SF16","2017",0.03616031
"ATX","FMT","SF16","2018",0.03616031
"ATX","FMT","SF16","2019",0.03616031
"ATX","FMT","SF16","2020",0.03616031
"ATX","FMT","SF16","2021",0.03616031
"ATX","FMT","SF16","2022",0.03616031
"ATX","FMT","SF16","2023",0.03616031
"ATX","FMT","SF16","2024",0.03616031
"ATX","FMT","SF16","2025",0.03616031
"ATX","FMT","SF16","2026",0.03616031
"ATX","FMT","SF16","2027",0.03616031
"ATX","FMT","SF16","2028",0.03616031
"ATX","FMT","SF16","2029",0.03616031
"ATX","FMT","SF16","2030",0.03616031
"ATX","FMT","SF16","2031",0.03616031
"ATX","FMT","SF16","2032",0.03616031
"ATX","FMT","SF16","2033",0.03616031
"ATX","FMT","SF16","2034",0.03616031
"ATX","FMT","SF16","2035",0.03616031
"ATX","FMT","SF16","2036",0.03616031
"ATX","FMT","SF16","2037",0.03616031
"ATX","FMT","SF16","2038",0.03616031
"ATX","FMT","SF16","2039",0.03616031
"ATX","FMT","SF16","2040",0.03616031
"ATX","FMT","SF16","2041",0.03616031
"ATX","FMT","SF16","2042",0.03616031
"ATX","FMT","SF16","2043",0.03616031
"ATX","FMT","SF16","2044",0.03616031
"ATX","FMT","SF16","2045",0.03616031
"ATX","FMT","SF16","2046",0.03616031
"ATX","FMT","SF16","2047",0.03616031
"ATX","FMT","SF16","2048",0.03616031
"ATX","FMT","SF16","2049",0.03616031
"ATX","FMT","SF16","2050",0.03616031
"ATX","FMT","SF17","2015",0.041161338
"ATX","FMT","SF17","2016",0.041161338
"ATX","FMT","SF17","2017",0.041161338
"ATX","FMT","SF17","2018",0.041161338
"ATX","FMT","SF17","2019",0.041161338
"ATX","FMT","SF17","2020",0.041161338
"ATX","FMT","SF17","2021",0.041161338
"ATX","FMT","SF17","2022",0.041161338
"ATX","FMT","SF17","2023",0.041161338
"ATX","FMT","SF17","2024",0.041161338
"ATX","FMT","SF17","2025",0.041161338
"ATX","FMT","SF17","2026",0.041161338
"ATX","FMT","SF17","2027",0.041161338
"ATX","FMT","SF17","2028",0.041161338
"ATX","FMT","SF17","2029",0.041161338
"ATX","FMT","SF17","2030",0.041161338
"ATX","FMT","SF17","2031",0.041161338
"ATX","FMT","SF17","2032",0.041161338
"ATX","FMT","SF17","2033",0.041161338
"ATX","FMT","SF17","2034",0.041161338
"ATX","FMT","SF17","2035",0.041161338
"ATX","FMT","SF17","2036",0.041161338
"ATX","FMT","SF17","2037",0.041161338
"ATX","FMT","SF17","2038",0.041161338
"ATX","FMT","SF17","2039",0.041161338
"ATX","FMT","SF17","2040",0.041161338
"ATX","FMT","SF17","2041",0.041161338
"ATX","FMT","SF17","2042",0.041161338
"ATX","FMT","SF17","2043",0.041161338
"ATX","FMT","SF17","2044",0.041161338
"ATX","FMT","SF17","2045",0.041161338
"ATX","FMT","SF17","2046",0.041161338
"ATX","FMT","SF17","2047",0.041161338
"ATX","FMT","SF17","2048",0.041161338
"ATX","FMT","SF17","2049",0.041161338
"ATX","FMT","SF17","2050",0.041161338
"ATX","FMT","SF18","2015",0.038377996
"ATX","FMT","SF18","2016",0.038377996
"ATX","FMT","SF18","2017",0.038377996
"ATX","FMT","SF18","2018",0.038377996
"ATX","FMT","SF18","2019",0.038377996
"ATX","FMT","SF18","2020",0.038377996
"ATX","FMT","SF18","2021",0.038377996
"ATX","FMT","SF18","2022",0.038377996
"ATX","FMT","SF18","2023",0.038377996
"ATX","FMT","SF18","2024",0.038377996
"ATX","FMT","SF18","2025",0.038377996
"ATX","FMT","SF18","2026",0.038377996
"ATX","FMT","SF18","2027",0.038377996
"ATX","FMT","SF18","2028",0.038377996
"ATX","FMT","SF18","2029",0.038377996
"ATX","FMT","SF18","2030",0.038377996
"ATX","FMT","SF18","2031",0.038377996
"ATX","FMT","SF18","2032",0.038377996
"ATX","FMT","SF18","2033",0.038377996
"ATX","FMT","SF18","2034",0.038377996
"ATX","FMT","SF18","2035",0.038377996
"ATX","FMT","SF18","2036",0.038377996
"ATX","FMT","SF18","2037",0.038377996
"ATX","FMT","SF18","2038",0.038377996
"ATX","FMT","SF18","2039",0.038377996
"ATX","FMT","SF18","2040",0.038377996
"ATX","FMT","SF18","2041",0.038377996
"ATX","FMT","SF18","2042",0.038377996
"ATX","FMT","SF18","2043",0.038377996
"ATX","FMT","SF18","2044",0.038377996
"ATX","FMT","SF18","2045",0.038377996
"ATX","FMT","SF18","2046",0.038377996
"ATX","FMT","SF18","2047",0.038377996
"ATX","FMT","SF18","2048",0.038377996
"ATX","FMT","SF18","2049",0.038377996
"ATX","FMT","SF18","2050",0.038377996
"ATX","FMT","SF19","2015",0.031471262
"ATX","FMT","SF19","2016",0.031471262
"ATX","FMT","SF19","2017",0.031471262
"ATX","FMT","SF19","2018",0.031471262
"ATX","FMT","SF19","2019",0.031471262
"ATX","FMT","SF19","2020",0.031471262
"ATX","FMT","SF19","2021",0.031471262
"ATX","FMT","SF19","2022",0.031471262
"ATX","FMT","SF19","2023",0.031471262
"ATX","FMT","SF19","2024",0.031471262
"ATX","FMT","SF19","2025",0.031471262
"ATX","FMT","SF19","2026",0.031471262
"ATX","FMT","SF19","2027",0.031471262
"ATX","FMT","SF19","2028",0.031471262
"ATX","FMT","SF19","2029",0.031471262
"ATX","FMT","SF19","2030",0.031471262
"ATX","FMT","SF19","2031",0.031471262
"ATX","FMT","SF19","2032",0.031471262
"ATX","FMT","SF19","2033",0.031471262
"ATX","FMT","SF19","2034",0.031471262
"ATX","FMT","SF19","2035",0.031471262
"ATX","FMT","SF19","2036",0.031471262
"ATX","FMT","SF19","2037",0.031471262
"ATX","FMT","SF19","2038",0.031471262
"ATX","FMT","SF19","2039",0.031471262
"ATX","FMT","SF19","2040",0.031471262
"ATX","FMT","SF19","2041",0.031471262
"ATX","FMT","SF19","2042",0.031471262
"ATX","FMT","SF19","2043",0.031471262
"ATX","FMT","SF19","2044",0.031471262
"ATX","FMT","SF19","2045",0.031471262
"ATX","FMT","SF19","2046",0.031471262
"ATX","FMT","SF19","2047",0.031471262
"ATX","FMT","SF19","2048",0.031471262
"ATX","FMT","SF19","2049",0.031471262
"ATX","FMT","SF19","2050",0.031471262
"ATX","FMT","SF20","2015",0.017976816
"ATX","FMT","SF20","2016",0.017976816
"ATX","FMT","SF20","2017",0.017976816
"ATX","FMT","SF20","2018",0.017976816
"ATX","FMT","SF20","2019",0.017976816
"ATX","FMT","SF20","2020",0.017976816
"ATX","FMT","SF20","2021",0.017976816
"ATX","FMT","SF20","2022",0.017976816
"ATX","FMT","SF20","2023",0.017976816
"ATX","FMT","SF20","2024",0.017976816
"ATX","FMT","SF20","2025",0.017976816
"ATX","FMT","SF20","2026",0.017976816
"ATX","FMT","SF20","2027",0.017976816
"ATX","FMT","SF20","2028",0.017976816
"ATX","FMT","SF20","2029",0.017976816
"ATX","FMT","SF20","2030",0.017976816
"ATX","FMT","SF20","2031",0.017976816
"ATX","FMT","SF20","2032",0.017976816
"ATX","FMT","SF20","2033",0.017976816
"ATX","FMT","SF20","2034",0.017976816
"ATX","FMT","SF20","2035",0.017976816
"ATX","FMT","SF20","2036",0.017976816
"ATX","FMT","SF20","2037",0.017976816
"ATX","FMT","SF20","2038",0.017976816
"ATX","FMT","SF20","2039",0.017976816
"ATX","FMT","SF20","2040",0.017976816
"ATX","FMT","SF20","2041",0.017976816
"ATX","FMT","SF20","2042",0.017976816
"ATX","FMT","SF20","2043",0.017976816
"ATX","FMT","SF20","2044",0.017976816
"ATX","FMT","SF20","2045",0.017976816
"ATX","FMT","SF20","2046",0.017976816
"ATX","FMT","SF20","2047",0.017976816
"ATX","FMT","SF20","2048",0.017976816
"ATX","FMT","SF20","2049",0.017976816
"ATX","FMT","SF20","2050",0.017976816
"ATX","FMT","SF21","2015",0.013160278
"ATX","FMT","SF21","2016",0.013160278
"ATX","FMT","SF21","2017",0.013160278
"ATX","FMT","SF21","2018",0.013160278
"ATX","FMT","SF21","2019",0.013160278
"ATX","FMT","SF21","2020",0.013160278
"ATX","FMT","SF21","2021",0.013160278
"ATX","FMT","SF21","2022",0.013160278
"ATX","FMT","SF21","2023",0.013160278
"ATX","FMT","SF21","2024",0.013160278
"ATX","FMT","SF21","2025",0.013160278
"ATX","FMT","SF21","2026",0.013160278
"ATX","FMT","SF21","2027",0.013160278
"ATX","FMT","SF21","2028",0.013160278
"ATX","FMT","SF21","2029",0.013160278
"ATX","FMT","SF21","2030",0.013160278
"ATX","FMT","SF21","2031",0.013160278
"ATX","FMT","SF21","2032",0.013160278
"ATX","FMT","SF21","2033",0.013160278
"ATX","FMT","SF21","2034",0.013160278
"ATX","FMT","SF21","2035",0.013160278
"ATX","FMT","SF21","2036",0.013160278
"ATX","FMT","SF21","2037",0.013160278
"ATX","FMT","SF21","2038",0.013160278
"ATX","FMT","SF21","2039",0.013160278
"ATX","FMT","SF21","2040",0.013160278
"ATX","FMT","SF21","2041",0.013160278
"ATX","FMT","SF21","2042",0.013160278
"ATX","FMT","SF21","2043",0.013160278
"ATX","FMT","SF21","2044",0.013160278
"ATX","FMT","SF21","2045",0.013160278
"ATX","FMT","SF21","2046",0.013160278
"ATX","FMT","SF21","2047",0.013160278
"ATX","FMT","SF21","2048",0.013160278
"ATX","FMT","SF21","2049",0.013160278
"ATX","FMT","SF21","2050",0.013160278
"ATX","FMT","SF22","2015",0.009801708
"ATX","FMT","SF22","2016",0.009801708
"ATX","FMT","SF22","2017",0.009801708
"ATX","FMT","SF22","2018",0.009801708
"ATX","FMT","SF22","2019",0.009801708
"ATX","FMT","SF22","2020",0.009801708
"ATX","FMT","SF22","2021",0.009801708
"ATX","FMT","SF22","2022",0.009801708
"ATX","FMT","SF22","2023",0.009801708
"ATX","FMT","SF22","2024",0.009801708
"ATX","FMT","SF22","2025",0.009801708
"ATX","FMT","SF22","2026",0.009801708
"ATX","FMT","SF22","2027",0.009801708
"ATX","FMT","SF22","2028",0.009801708
"ATX","FMT","SF22","2029",0.009801708
"ATX","FMT","SF22","2030",0.009801708
"ATX","FMT","SF22","2031",0.009801708
"ATX","FMT","SF22","2032",0.009801708
"ATX","FMT","SF22","2033",0.009801708
"ATX","FMT","SF22","2034",0.009801708
"ATX","FMT","SF22","2035",0.009801708
"ATX","FMT","SF22","2036",0.009801708
"ATX","FMT","SF22","2037",0.009801708
"ATX","FMT","SF22","2038",0.009801708
"ATX","FMT","SF22","2039",0.009801708
"ATX","FMT","SF22","2040",0.009801708
"ATX","FMT","SF22","2041",0.009801708
"ATX","FMT","SF22","2042",0.009801708
"ATX","FMT","SF22","2043",0.009801708
"ATX","FMT","SF22","2044",0.009801708
"ATX","FMT","SF22","2045",0.009801708
"ATX","FMT","SF22","2046",0.009801708
"ATX","FMT","SF22","2047",0.009801708
"ATX","FMT","SF22","2048",0.009801708
"ATX","FMT","SF22","2049",0.009801708
"ATX","FMT","SF22","2050",0.009801708
"ATX","FMT","SF23","2015",0.005230134
"ATX","FMT","SF23","2016",0.005230134
"ATX","FMT","SF23","2017",0.005230134
"ATX","FMT","SF23","2018",0.005230134
"ATX","FMT","SF23","2019",0.005230134
"ATX","FMT","SF23","2020",0.005230134
"ATX","FMT","SF23","2021",0.005230134
"ATX","FMT","SF23","2022",0.005230134
"ATX","FMT","SF23","2023",0.005230134
"ATX","FMT","SF23","2024",0.005230134
"ATX","FMT","SF23","2025",0.005230134
"ATX","FMT","SF23","2026",0.005230134
"ATX","FMT","SF23","2027",0.005230134
"ATX","FMT","SF23","2028",0.005230134
"ATX","FMT","SF23","2029",0.005230134
"ATX","FMT","SF23","2030",0.005230134
"ATX","FMT","SF23","2031",0.005230134
"ATX","FMT","SF23","2032",0.005230134
"ATX","FMT","SF23","2033",0.005230134
"ATX","FMT","SF23","2034",0.005230134
"ATX","FMT","SF23","2035",0.005230134
"ATX","FMT","SF23","2036",0.005230134
"ATX","FMT","SF23","2037",0.005230134
"ATX","FMT","SF23","2038",0.005230134
"ATX","FMT","SF23","2039",0.005230134
"ATX","FMT","SF23","2040",0.005230134
"ATX","FMT","SF23","2041",0.005230134
"ATX","FMT","SF23","2042",0.005230134
"ATX","FMT","SF23","2043",0.005230134
"ATX","FMT","SF23","2044",0.005230134
"ATX","FMT","SF23","2045",0.005230134
"ATX","FMT","SF23","2046",0.005230134
"ATX","FMT","SF23","2047",0.005230134
"ATX","FMT","SF23","2048",0.005230134
"ATX","FMT","SF23","2049",0.005230134
"ATX","FMT","SF23","2050",0.005230134
"ATX","FMT","SF24","2015",0.002665628
"ATX","FMT","SF24","2016",0.002665628
"ATX","FMT","SF24","2017",0.002665628
"ATX","FMT","SF24","2018",0.002665628
"ATX","FMT","SF24","2019",0.002665628
"ATX","FMT","SF24","2020",0.002665628
"ATX","FMT","SF24","2021",0.002665628
"ATX","FMT","SF24","2022",0.002665628
"ATX","FMT","SF24","2023",0.002665628
"ATX","FMT","SF24","2024",0.002665628
"ATX","FMT","SF24","2025",0.002665628
"ATX","FMT","SF24","2026",0.002665628
"ATX","FMT","SF24","2027",0.002665628
"ATX","FMT","SF24","2028",0.002665628
"ATX","FMT","SF24","2029",0.002665628
"ATX","FMT","SF24","2030",0.002665628
"ATX","FMT","SF24","2031",0.002665628
"ATX","FMT","SF24","2032",0.002665628
"ATX","FMT","SF24","2033",0.002665628
"ATX","FMT","SF24","2034",0.002665628
"ATX","FMT","SF24","2035",0.002665628
"ATX","FMT","SF24","2036",0.002665628
"ATX","FMT","SF24","2037",0.002665628
"ATX","FMT","SF24","2038",0.002665628
"ATX","FMT","SF24","2039",0.002665628
"ATX","FMT","SF24","2040",0.002665628
"ATX","FMT","SF24","2041",0.002665628
"ATX","FMT","SF24","2042",0.002665628
"ATX","FMT","SF24","2043",0.002665628
"ATX","FMT","SF24","2044",0.002665628
"ATX","FMT","SF24","2045",0.002665628
"ATX","FMT","SF24","2046",0.002665628
"ATX","FMT","SF24","2047",0.002665628
"ATX","FMT","SF24","2048",0.002665628
"ATX","FMT","SF24","2049",0.002665628
"ATX","FMT","SF24","2050",0.002665628
"ATX","FMT","S1","2015",0.000933567
"ATX","FMT","S1","2016",0.000933567
"ATX","FMT","S1","2017",0.000933567
"ATX","FMT","S1","2018",0.000933567
"ATX","FMT","S1","2019",0.000933567
"ATX","FMT","S1","2020",0.000933567
"ATX","FMT","S1","2021",0.000933567
"ATX","FMT","S1","2022",0.000933567
"ATX","FMT","S1","2023",0.000933567
"ATX","FMT","S1","2024",0.000933567
"ATX","FMT","S1","2025",0.000933567
"ATX","FMT","S1","2026",0.000933567
"ATX","FMT","S1","2027",0.000933567
"ATX","FMT","S1","2028",0.000933567
"ATX","FMT","S1","2029",0.000933567
"ATX","FMT","S1","2030",0.000933567
"ATX","FMT","S1","2031",0.000933567
"ATX","FMT","S1","2032",0.000933567
"ATX","FMT","S1","2033",0.000933567
"ATX","FMT","S1","2034",0.000933567
"ATX","FMT","S1","2035",0.000933567
"ATX","FMT","S1","2036",0.000933567
"ATX","FMT","S1","2037",0.000933567
"ATX","FMT","S1","2038",0.000933567
"ATX","FMT","S1","2039",0.000933567
"ATX","FMT","S1","2040",0.000933567
"ATX","FMT","S1","2041",0.000933567
"ATX","FMT","S1","2042",0.000933567
"ATX","FMT","S1","2043",0.000933567
"ATX","FMT","S1","2044",0.000933567
"ATX","FMT","S1","2045",0.000933567
"ATX","FMT","S1","2046",0.000933567
"ATX","FMT","S1","2047",0.000933567
"ATX","FMT","S1","2048",0.000933567
"ATX","FMT","S1","2049",0.000933567
"ATX","FMT","S1","2050",0.000933567
"ATX","FMT","S2","2015",0.000314734
"ATX","FMT","S2","2016",0.000314734
"ATX","FMT","S2","2017",0.000314734
"ATX","FMT","S2","2018",0.000314734
"ATX","FMT","S2","2019",0.000314734
"ATX","FMT","S2","2020",0.000314734
"ATX","FMT","S2","2021",0.000314734
"ATX","FMT","S2","2022",0.000314734
"ATX","FMT","S2","2023",0.000314734
"ATX","FMT","S2","2024",0.000314734
"ATX","FMT","S2","2025",0.000314734
"ATX","FMT","S2","2026",0.000314734
"ATX","FMT","S2","2027",0.000314734
"ATX","FMT","S2","2028",0.000314734
"ATX","FMT","S2","2029",0.000314734
"ATX","FMT","S2","2030",0.000314734
"ATX","FMT","S2","2031",0.000314734
"ATX","FMT","S2","2032",0.000314734
"ATX","FMT","S2","2033",0.000314734
"ATX","FMT","S2","2034",0.000314734
"ATX","FMT","S2","2035",0.000314734
"ATX","FMT","S2","2036",0.000314734
"ATX","FMT","S2","2037",0.000314734
"ATX","FMT","S2","2038",0.000314734
"ATX","FMT","S2","2039",0.000314734
"ATX","FMT","S2","2040",0.000314734
"ATX","FMT","S2","2041",0.000314734
"ATX","FMT","S2","2042",0.000314734
"ATX","FMT","S2","2043",0.000314734
"ATX","FMT","S2","2044",0.000314734
"ATX","FMT","S2","2045",0.000314734
"ATX","FMT","S2","2046",0.000314734
"ATX","FMT","S2","2047",0.000314734
"ATX","FMT","S2","2048",0.000314734
"ATX","FMT","S2","2049",0.000314734
"ATX","FMT","S2","2050",0.000314734
"ATX","FMT","S3","2015",0.000289981
"ATX","FMT","S3","2016",0.000289981
"ATX","FMT","S3","2017",0.000289981
"ATX","FMT","S3","2018",0.000289981
"ATX","FMT","S3","2019",0.000289981
"ATX","FMT","S3","2020",0.000289981
"ATX","FMT","S3","2021",0.000289981
"ATX","FMT","S3","2022",0.000289981
"ATX","FMT","S3","2023",0.000289981
"ATX","FMT","S3","2024",0.000289981
"ATX","FMT","S3","2025",0.000289981
"ATX","FMT","S3","2026",0.000289981
"ATX","FMT","S3","2027",0.000289981
"ATX","FMT","S3","2028",0.000289981
"ATX","FMT","S3","2029",0.000289981
"ATX","FMT","S3","2030",0.000289981
"ATX","FMT","S3","2031",0.000289981
"ATX","FMT","S3","2032",0.000289981
"ATX","FMT","S3","2033",0.000289981
"ATX","FMT","S3","2034",0.000289981
"ATX","FMT","S3","2035",0.000289981
"ATX","FMT","S3","2036",0.000289981
"ATX","FMT","S3","2037",0.000289981
"ATX","FMT","S3","2038",0.000289981
"ATX","FMT","S3","2039",0.000289981
"ATX","FMT","S3","2040",0.000289981
"ATX","FMT","S3","2041",0.000289981
"ATX","FMT","S3","2042",0.000289981
"ATX","FMT","S3","2043",0.000289981
"ATX","FMT","S3","2044",0.000289981
"ATX","FMT","S3","2045",0.000289981
"ATX","FMT","S3","2046",0.000289981
"ATX","FMT","S3","2047",0.000289981
"ATX","FMT","S3","2048",0.000289981
"ATX","FMT","S3","2049",0.000289981
"ATX","FMT","S3","2050",0.000289981
"ATX","FMT","S4","2015",0.000155488
"ATX","FMT","S4","2016",0.000155488
"ATX","FMT","S4","2017",0.000155488
"ATX","FMT","S4","2018",0.000155488
"ATX","FMT","S4","2019",0.000155488
"ATX","FMT","S4","2020",0.000155488
"ATX","FMT","S4","2021",0.000155488
"ATX","FMT","S4","2022",0.000155488
"ATX","FMT","S4","2023",0.000155488
"ATX","FMT","S4","2024",0.000155488
"ATX","FMT","S4","2025",0.000155488
"ATX","FMT","S4","2026",0.000155488
"ATX","FMT","S4","2027",0.000155488
"ATX","FMT","S4","2028",0.000155488
"ATX","FMT","S4","2029",0.000155488
"ATX","FMT","S4","2030",0.000155488
"ATX","FMT","S4","2031",0.000155488
"ATX","FMT","S4","2032",0.000155488
"ATX","FMT","S4","2033",0.000155488
"ATX","FMT","S4","2034",0.000155488
"ATX","FMT","S4","2035",0.000155488
"ATX","FMT","S4","2036",0.000155488
"ATX","FMT","S4","2037",0.000155488
"ATX","FMT","S4","2038",0.000155488
"ATX","FMT","S4","2039",0.000155488
"ATX","FMT","S4","2040",0.000155488
"ATX","FMT","S4","2041",0.000155488
"ATX","FMT","S4","2042",0.000155488
"ATX","FMT","S4","2043",0.000155488
"ATX","FMT","S4","2044",0.000155488
"ATX","FMT","S4","2045",0.000155488
"ATX","FMT","S4","2046",0.000155488
"ATX","FMT","S4","2047",0.000155488
"ATX","FMT","S4","2048",0.000155488
"ATX","FMT","S4","2049",0.000155488
"ATX","FMT","S4","2050",0.000155488
"ATX","FMT","S5","2015",0.002790067
"ATX","FMT","S5","2016",0.002790067
"ATX","FMT","S5","2017",0.002790067
"ATX","FMT","S5","2018",0.002790067
"ATX","FMT","S5","2019",0.002790067
"ATX","FMT","S5","2020",0.002790067
"ATX","FMT","S5","2021",0.002790067
"ATX","FMT","S5","2022",0.002790067
"ATX","FMT","S5","2023",0.002790067
"ATX","FMT","S5","2024",0.002790067
"ATX","FMT","S5","2025",0.002790067
"ATX","FMT","S5","2026",0.002790067
"ATX","FMT","S5","2027",0.002790067
"ATX","FMT","S5","2028",0.002790067
"ATX","FMT","S5","2029",0.002790067
"ATX","FMT","S5","2030",0.002790067
"ATX","FMT","S5","2031",0.002790067
"ATX","FMT","S5","2032",0.002790067
"ATX","FMT","S5","2033",0.002790067
"ATX","FMT","S5","2034",0.002790067
"ATX","FMT","S5","2035",0.002790067
"ATX","FMT","S5","2036",0.002790067
"ATX","FMT","S5","2037",0.002790067
"ATX","FMT","S5","2038",0.002790067
"ATX","FMT","S5","2039",0.002790067
"ATX","FMT","S5","2040",0.002790067
"ATX","FMT","S5","2041",0.002790067
"ATX","FMT","S5","2042",0.002790067
"ATX","FMT","S5","2043",0.002790067
"ATX","FMT","S5","2044",0.002790067
"ATX","FMT","S5","2045",0.002790067
"ATX","FMT","S5","2046",0.002790067
"ATX","FMT","S5","2047",0.002790067
"ATX","FMT","S5","2048",0.002790067
"ATX","FMT","S5","2049",0.002790067
"ATX","FMT","S5","2050",0.002790067
"ATX","FMT","S6","2015",0.00434945
"ATX","FMT","S6","2016",0.00434945
"ATX","FMT","S6","2017",0.00434945
"ATX","FMT","S6","2018",0.00434945
"ATX","FMT","S6","2019",0.00434945
"ATX","FMT","S6","2020",0.00434945
"ATX","FMT","S6","2021",0.00434945
"ATX","FMT","S6","2022",0.00434945
"ATX","FMT","S6","2023",0.00434945
"ATX","FMT","S6","2024",0.00434945
"ATX","FMT","S6","2025",0.00434945
"ATX","FMT","S6","2026",0.00434945
"ATX","FMT","S6","2027",0.00434945
"ATX","FMT","S6","2028",0.00434945
"ATX","FMT","S6","2029",0.00434945
"ATX","FMT","S6","2030",0.00434945
"ATX","FMT","S6","2031",0.00434945
"ATX","FMT","S6","2032",0.00434945
"ATX","FMT","S6","2033",0.00434945
"ATX","FMT","S6","2034",0.00434945
"ATX","FMT","S6","2035",0.00434945
"ATX","FMT","S6","2036",0.00434945
"ATX","FMT","S6","2037",0.00434945
"ATX","FMT","S6","2038",0.00434945
"ATX","FMT","S6","2039",0.00434945
"ATX","FMT","S6","2040",0.00434945
"ATX","FMT","S6","2041",0.00434945
"ATX","FMT","S6","2042",0.00434945
"ATX","FMT","S6","2043",0.00434945
"ATX","FMT","S6","2044",0.00434945
"ATX","FMT","S6","2045",0.00434945
"ATX","FMT","S6","2046",0.00434945
"ATX","FMT","S6","2047",0.00434945
"ATX","FMT","S6","2048",0.00434945
"ATX","FMT","S6","2049",0.00434945
"ATX","FMT","S6","2050",0.00434945
"ATX","FMT","S7","2015",0.012075438
"ATX","FMT","S7","2016",0.012075438
"ATX","FMT","S7","2017",0.012075438
"ATX","FMT","S7","2018",0.012075438
"ATX","FMT","S7","2019",0.012075438
"ATX","FMT","S7","2020",0.012075438
"ATX","FMT","S7","2021",0.012075438
"ATX","FMT","S7","2022",0.012075438
"ATX","FMT","S7","2023",0.012075438
"ATX","FMT","S7","2024",0.012075438
"ATX","FMT","S7","2025",0.012075438
"ATX","FMT","S7","2026",0.012075438
"ATX","FMT","S7","2027",0.012075438
"ATX","FMT","S7","2028",0.012075438
"ATX","FMT","S7","2029",0.012075438
"ATX","FMT","S7","2030",0.012075438
"ATX","FMT","S7","2031",0.012075438
"ATX","FMT","S7","2032",0.012075438
"ATX","FMT","S7","2033",0.012075438
"ATX","FMT","S7","2034",0.012075438
"ATX","FMT","S7","2035",0.012075438
"ATX","FMT","S7","2036",0.012075438
"ATX","FMT","S7","2037",0.012075438
"ATX","FMT","S7","2038",0.012075438
"ATX","FMT","S7","2039",0.012075438
"ATX","FMT","S7","2040",0.012075438
"ATX","FMT","S7","2041",0.012075438
"ATX","FMT","S7","2042",0.012075438
"ATX","FMT","S7","2043",0.012075438
"ATX","FMT","S7","2044",0.012075438
"ATX","FMT","S7","2045",0.012075438
"ATX","FMT","S7","2046",0.012075438
"ATX","FMT","S7","2047",0.012075438
"ATX","FMT","S7","2048",0.012075438
"ATX","FMT","S7","2049",0.012075438
"ATX","FMT","S7","2050",0.012075438
"ATX","FMT","S8","2015",0.01665916
"ATX","FMT","S8","2016",0.01665916
"ATX","FMT","S8","2017",0.01665916
"ATX","FMT","S8","2018",0.01665916
"ATX","FMT","S8","2019",0.01665916
"ATX","FMT","S8","2020",0.01665916
"ATX","FMT","S8","2021",0.01665916
"ATX","FMT","S8","2022",0.01665916
"ATX","FMT","S8","2023",0.01665916
"ATX","FMT","S8","2024",0.01665916
"ATX","FMT","S8","2025",0.01665916
"ATX","FMT","S8","2026",0.01665916
"ATX","FMT","S8","2027",0.01665916
"ATX","FMT","S8","2028",0.01665916
"ATX","FMT","S8","2029",0.01665916
"ATX","FMT","S8","2030",0.01665916
"ATX","FMT","S8","2031",0.01665916
"ATX","FMT","S8","2032",0.01665916
"ATX","FMT","S8","2033",0.01665916
"ATX","FMT","S8","2034",0.01665916
"ATX","FMT","S8","2035",0.01665916
"ATX","FMT","S8","2036",0.01665916
"ATX","FMT","S8","2037",0.01665916
"ATX","FMT","S8","2038",0.01665916
"ATX","FMT","S8","2039",0.01665916
"ATX","FMT","S8","2040",0.01665916
"ATX","FMT","S8","2041",0.01665916
"ATX","FMT","S8","2042",0.01665916
"ATX","FMT","S8","2043",0.01665916
"ATX","FMT","S8","2044",0.01665916
"ATX","FMT","S8","2045",0.01665916
"ATX","FMT","S8","2046",0.01665916
"ATX","FMT","S8","2047",0.01665916
"ATX","FMT","S8","2048",0.01665916
"ATX","FMT","S8","2049",0.01665916
"ATX","FMT","S8","2050",0.01665916
"ATX","FMT","S9","2015",0.013926882
"ATX","FMT","S9","2016",0.013926882
"ATX","FMT","S9","2017",0.013926882
"ATX","FMT","S9","2018",0.013926882
"ATX","FMT","S9","2019",0.013926882
"ATX","FMT","S9","2020",0.013926882
"ATX","FMT","S9","2021",0.013926882
"ATX","FMT","S9","2022",0.013926882
"ATX","FMT","S9","2023",0.013926882
"ATX","FMT","S9","2024",0.013926882
"ATX","FMT","S9","2025",0.013926882
"ATX","FMT","S9","2026",0.013926882
"ATX","FMT","S9","2027",0.013926882
"ATX","FMT","S9","2028",0.013926882
"ATX","FMT","S9","2029",0.013926882
"ATX","FMT","S9","2030",0.013926882
"ATX","FMT","S9","2031",0.013926882
"ATX","FMT","S9","2032",0.013926882
"ATX","FMT","S9","2033",0.013926882
"ATX","FMT","S9","2034",0.013926882
"ATX","FMT","S9","2035",0.013926882
"ATX","FMT","S9","2036",0.013926882
"ATX","FMT","S9","2037",0.013926882
"ATX","FMT","S9","2038",0.013926882
"ATX","FMT","S9","2039",0.013926882
"ATX","FMT","S9","2040",0.013926882
"ATX","FMT","S9","2041",0.013926882
"ATX","FMT","S9","2042",0.013926882
"ATX","FMT","S9","2043",0.013926882
"ATX","FMT","S9","2044",0.013926882
"ATX","FMT","S9","2045",0.013926882
"ATX","FMT","S9","2046",0.013926882
"ATX","FMT","S9","2047",0.013926882
"ATX","FMT","S9","2048",0.013926882
"ATX","FMT","S9","2049",0.013926882
"ATX","FMT","S9","2050",0.013926882
"ATX","FMT","S10","2015",0.016920705
"ATX","FMT","S10","2016",0.016920705
"ATX","FMT","S10","2017",0.016920705
"ATX","FMT","S10","2018",0.016920705
"ATX","FMT","S10","2019",0.016920705
"ATX","FMT","S10","2020",0.016920705
"ATX","FMT","S10","2021",0.016920705
"ATX","FMT","S10","2022",0.016920705
"ATX","FMT","S10","2023",0.016920705
"ATX","FMT","S10","2024",0.016920705
"ATX","FMT","S10","2025",0.016920705
"ATX","FMT","S10","2026",0.016920705
"ATX","FMT","S10","2027",0.016920705
"ATX","FMT","S10","2028",0.016920705
"ATX","FMT","S10","2029",0.016920705
"ATX","FMT","S10","2030",0.016920705
"ATX","FMT","S10","2031",0.016920705
"ATX","FMT","S10","2032",0.016920705
"ATX","FMT","S10","2033",0.016920705
"ATX","FMT","S10","2034",0.016920705
"ATX","FMT","S10","2035",0.016920705
"ATX","FMT","S10","2036",0.016920705
"ATX","FMT","S10","2037",0.016920705
"ATX","FMT","S10","2038",0.016920705
"ATX","FMT","S10","2039",0.016920705
"ATX","FMT","S10","2040",0.016920705
"ATX","FMT","S10","2041",0.016920705
"ATX","FMT","S10","2042",0.016920705
"ATX","FMT","S10","2043",0.016920705
"ATX","FMT","S10","2044",0.016920705
"ATX","FMT","S10","2045",0.016920705
"ATX","FMT","S10","2046",0.016920705
"ATX","FMT","S10","2047",0.016920705
"ATX","FMT","S10","2048",0.016920705
"ATX","FMT","S10","2049",0.016920705
"ATX","FMT","S10","2050",0.016920705
"ATX","FMT","S11","2015",0.015792717
"ATX","FMT","S11","2016",0.015792717
"ATX","FMT","S11","2017",0.015792717
"ATX","FMT","S11","2018",0.015792717
"ATX","FMT","S11","2019",0.015792717
"ATX","FMT","S11","2020",0.015792717
"ATX","FMT","S11","2021",0.015792717
"ATX","FMT","S11","2022",0.015792717
"ATX","FMT","S11","2023",0.015792717
"ATX","FMT","S11","2024",0.015792717
"ATX","FMT","S11","2025",0.015792717
"ATX","FMT","S11","2026",0.015792717
"ATX","FMT","S11","2027",0.015792717
"ATX","FMT","S11","2028",0.015792717
"ATX","FMT","S11","2029",0.015792717
"ATX","FMT","S11","2030",0.015792717
"ATX","FMT","S11","2031",0.015792717
"ATX","FMT","S11","2032",0.015792717
"ATX","FMT","S11","2033",0.015792717
"ATX","FMT","S11","2034",0.015792717
"ATX","FMT","S11","2035",0.015792717
"ATX","FMT","S11","2036",0.015792717
"ATX","FMT","S11","2037",0.015792717
"ATX","FMT","S11","2038",0.015792717
"ATX","FMT","S11","2039",0.015792717
"ATX","FMT","S11","2040",0.015792717
"ATX","FMT","S11","2041",0.015792717
"ATX","FMT","S11","2042",0.015792717
"ATX","FMT","S11","2043",0.015792717
"ATX","FMT","S11","2044",0.015792717
"ATX","FMT","S11","2045",0.015792717
"ATX","FMT","S11","2046",0.015792717
"ATX","FMT","S11","2047",0.015792717
"ATX","FMT","S11","2048",0.015792717
"ATX","FMT","S11","2049",0.015792717
"ATX","FMT","S11","2050",0.015792717
"ATX","FMT","S12","2015",0.016561965
"ATX","FMT","S12","2016",0.016561965
"ATX","FMT","S12","2017",0.016561965
"ATX","FMT","S12","2018",0.016561965
"ATX","FMT","S12","2019",0.016561965
"ATX","FMT","S12","2020",0.016561965
"ATX","FMT","S12","2021",0.016561965
"ATX","FMT","S12","2022",0.016561965
"ATX","FMT","S12","2023",0.016561965
"ATX","FMT","S12","2024",0.016561965
"ATX","FMT","S12","2025",0.016561965
"ATX","FMT","S12","2026",0.016561965
"ATX","FMT","S12","2027",0.016561965
"ATX","FMT","S12","2028",0.016561965
"ATX","FMT","S12","2029",0.016561965
"ATX","FMT","S12","2030",0.016561965
"ATX","FMT","S12","2031",0.016561965
"ATX","FMT","S12","2032",0.016561965
"ATX","FMT","S12","2033",0.016561965
"ATX","FMT","S12","2034",0.016561965
"ATX","FMT","S12","2035",0.016561965
"ATX","FMT","S12","2036",0.016561965
"ATX","FMT","S12","2037",0.016561965
"ATX","FMT","S12","2038",0.016561965
"ATX","FMT","S12","2039",0.016561965
"ATX","FMT","S12","2040",0.016561965
"ATX","FMT","S12","2041",0.016561965
"ATX","FMT","S12","2042",0.016561965
"ATX","FMT","S12","2043",0.016561965
"ATX","FMT","S12","2044",0.016561965
"ATX","FMT","S12","2045",0.016561965
"ATX","FMT","S12","2046",0.016561965
"ATX","FMT","S12","2047",0.016561965
"ATX","FMT","S12","2048",0.016561965
"ATX","FMT","S12","2049",0.016561965
"ATX","FMT","S12","2050",0.016561965
"ATX","FMT","S13","2015",0.017828159
"ATX","FMT","S13","2016",0.017828159
"ATX","FMT","S13","2017",0.017828159
"ATX","FMT","S13","2018",0.017828159
"ATX","FMT","S13","2019",0.017828159
"ATX","FMT","S13","2020",0.017828159
"ATX","FMT","S13","2021",0.017828159
"ATX","FMT","S13","2022",0.017828159
"ATX","FMT","S13","2023",0.017828159
"ATX","FMT","S13","2024",0.017828159
"ATX","FMT","S13","2025",0.017828159
"ATX","FMT","S13","2026",0.017828159
"ATX","FMT","S13","2027",0.017828159
"ATX","FMT","S13","2028",0.017828159
"ATX","FMT","S13","2029",0.017828159
"ATX","FMT","S13","2030",0.017828159
"ATX","FMT","S13","2031",0.017828159
"ATX","FMT","S13","2032",0.017828159
"ATX","FMT","S13","2033",0.017828159
"ATX","FMT","S13","2034",0.017828159
"ATX","FMT","S13","2035",0.017828159
"ATX","FMT","S13","2036",0.017828159
"ATX","FMT","S13","2037",0.017828159
"ATX","FMT","S13","2038",0.017828159
"ATX","FMT","S13","2039",0.017828159
"ATX","FMT","S13","2040",0.017828159
"ATX","FMT","S13","2041",0.017828159
"ATX","FMT","S13","2042",0.017828159
"ATX","FMT","S13","2043",0.017828159
"ATX","FMT","S13","2044",0.017828159
"ATX","FMT","S13","2045",0.017828159
"ATX","FMT","S13","2046",0.017828159
"ATX","FMT","S13","2047",0.017828159
"ATX","FMT","S13","2048",0.017828159
"ATX","FMT","S13","2049",0.017828159
"ATX","FMT","S13","2050",0.017828159
"ATX","FMT","S14","2015",0.016541383
"ATX","FMT","S14","2016",0.016541383
"ATX","FMT","S14","2017",0.016541383
"ATX","FMT","S14","2018",0.016541383
"ATX","FMT","S14","2019",0.016541383
"ATX","FMT","S14","2020",0.016541383
"ATX","FMT","S14","2021",0.016541383
"ATX","FMT","S14","2022",0.016541383
"ATX","FMT","S14","2023",0.016541383
"ATX","FMT","S14","2024",0.016541383
"ATX","FMT","S14","2025",0.016541383
"ATX","FMT","S14","2026",0.016541383
"ATX","FMT","S14","2027",0.016541383
"ATX","FMT","S14","2028",0.016541383
"ATX","FMT","S14","2029",0.016541383
"ATX","FMT","S14","2030",0.016541383
"ATX","FMT","S14","2031",0.016541383
"ATX","FMT","S14","2032",0.016541383
"ATX","FMT","S14","2033",0.016541383
"ATX","FMT","S14","2034",0.016541383
"ATX","FMT","S14","2035",0.016541383
"ATX","FMT","S14","2036",0.016541383
"ATX","FMT","S14","2037",0.016541383
"ATX","FMT","S14","2038",0.016541383
"ATX","FMT","S14","2039",0.016541383
"ATX","FMT","S14","2040",0.016541383
"ATX","FMT","S14","2041",0.016541383
"ATX","FMT","S14","2042",0.016541383
"ATX","FMT","S14","2043",0.016541383
"ATX","FMT","S14","2044",0.016541383
"ATX","FMT","S14","2045",0.016541383
"ATX","FMT","S14","2046",0.016541383
"ATX","FMT","S14","2047",0.016541383
"ATX","FMT","S14","2048",0.016541383
"ATX","FMT","S14","2049",0.016541383
"ATX","FMT","S14","2050",0.016541383
"ATX","FMT","S15","2015",0.016857569
"ATX","FMT","S15","2016",0.016857569
"ATX","FMT","S15","2017",0.016857569
"ATX","FMT","S15","2018",0.016857569
"ATX","FMT","S15","2019",0.016857569
"ATX","FMT","S15","2020",0.016857569
"ATX","FMT","S15","2021",0.016857569
"ATX","FMT","S15","2022",0.016857569
"ATX","FMT","S15","2023",0.016857569
"ATX","FMT","S15","2024",0.016857569
"ATX","FMT","S15","2025",0.016857569
"ATX","FMT","S15","2026",0.016857569
"ATX","FMT","S15","2027",0.016857569
"ATX","FMT","S15","2028",0.016857569
"ATX","FMT","S15","2029",0.016857569
"ATX","FMT","S15","2030",0.016857569
"ATX","FMT","S15","2031",0.016857569
"ATX","FMT","S15","2032",0.016857569
"ATX","FMT","S15","2033",0.016857569
"ATX","FMT","S15","2034",0.016857569
"ATX","FMT","S15","2035",0.016857569
"ATX","FMT","S15","2036",0.016857569
"ATX","FMT","S15","2037",0.016857569
"ATX","FMT","S15","2038",0.016857569
"ATX","FMT","S15","2039",0.016857569
"ATX","FMT","S15","2040",0.016857569
"ATX","FMT","S15","2041",0.016857569
"ATX","FMT","S15","2042",0.016857569
"ATX","FMT","S15","2043",0.016857569
"ATX","FMT","S15","2044",0.016857569
"ATX","FMT","S15","2045",0.016857569
"ATX","FMT","S15","2046",0.016857569
"ATX","FMT","S15","2047",0.016857569
"ATX","FMT","S15","2048",0.016857569
"ATX","FMT","S15","2049",0.016857569
"ATX","FMT","S15","2050",0.016857569
"ATX","FMT","S16","2015",0.018080155
"ATX","FMT","S16","2016",0.018080155
"ATX","FMT","S16","2017",0.018080155
"ATX","FMT","S16","2018",0.018080155
"ATX","FMT","S16","2019",0.018080155
"ATX","FMT","S16","2020",0.018080155
"ATX","FMT","S16","2021",0.018080155
"ATX","FMT","S16","2022",0.018080155
"ATX","FMT","S16","2023",0.018080155
"ATX","FMT","S16","2024",0.018080155
"ATX","FMT","S16","2025",0.018080155
"ATX","FMT","S16","2026",0.018080155
"ATX","FMT","S16","2027",0.018080155
"ATX","FMT","S16","2028",0.018080155
"ATX","FMT","S16","2029",0.018080155
"ATX","FMT","S16","2030",0.018080155
"ATX","FMT","S16","2031",0.018080155
"ATX","FMT","S16","2032",0.018080155
"ATX","FMT","S16","2033",0.018080155
"ATX","FMT","S16","2034",0.018080155
"ATX","FMT","S16","2035",0.018080155
"ATX","FMT","S16","2036",0.018080155
"ATX","FMT","S16","2037",0.018080155
"ATX","FMT","S16","2038",0.018080155
"ATX","FMT","S16","2039",0.018080155
"ATX","FMT","S16","2040",0.018080155
"ATX","FMT","S16","2041",0.018080155
"ATX","FMT","S16","2042",0.018080155
"ATX","FMT","S16","2043",0.018080155
"ATX","FMT","S16","2044",0.018080155
"ATX","FMT","S16","2045",0.018080155
"ATX","FMT","S16","2046",0.018080155
"ATX","FMT","S16","2047",0.018080155
"ATX","FMT","S16","2048",0.018080155
"ATX","FMT","S16","2049",0.018080155
"ATX","FMT","S16","2050",0.018080155
"ATX","FMT","S17","2015",0.020580669
"ATX","FMT","S17","2016",0.020580669
"ATX","FMT","S17","2017",0.020580669
"ATX","FMT","S17","2018",0.020580669
"ATX","FMT","S17","2019",0.020580669
"ATX","FMT","S17","2020",0.020580669
"ATX","FMT","S17","2021",0.020580669
"ATX","FMT","S17","2022",0.020580669
"ATX","FMT","S17","2023",0.020580669
"ATX","FMT","S17","2024",0.020580669
"ATX","FMT","S17","2025",0.020580669
"ATX","FMT","S17","2026",0.020580669
"ATX","FMT","S17","2027",0.020580669
"ATX","FMT","S17","2028",0.020580669
"ATX","FMT","S17","2029",0.020580669
"ATX","FMT","S17","2030",0.020580669
"ATX","FMT","S17","2031",0.020580669
"ATX","FMT","S17","2032",0.020580669
"ATX","FMT","S17","2033",0.020580669
"ATX","FMT","S17","2034",0.020580669
"ATX","FMT","S17","2035",0.020580669
"ATX","FMT","S17","2036",0.020580669
"ATX","FMT","S17","2037",0.020580669
"ATX","FMT","S17","2038",0.020580669
"ATX","FMT","S17","2039",0.020580669
"ATX","FMT","S17","2040",0.020580669
"ATX","FMT","S17","2041",0.020580669
"ATX","FMT","S17","2042",0.020580669
"ATX","FMT","S17","2043",0.020580669
"ATX","FMT","S17","2044",0.020580669
"ATX","FMT","S17","2045",0.020580669
"ATX","FMT","S17","2046",0.020580669
"ATX","FMT","S17","2047",0.020580669
"ATX","FMT","S17","2048",0.020580669
"ATX","FMT","S17","2049",0.020580669
"ATX","FMT","S17","2050",0.020580669
"ATX","FMT","S18","2015",0.019188998
"ATX","FMT","S18","2016",0.019188998
"ATX","FMT","S18","2017",0.019188998
"ATX","FMT","S18","2018",0.019188998
"ATX","FMT","S18","2019",0.019188998
"ATX","FMT","S18","2020",0.019188998
"ATX","FMT","S18","2021",0.019188998
"ATX","FMT","S18","2022",0.019188998
"ATX","FMT","S18","2023",0.019188998
"ATX","FMT","S18","2024",0.019188998
"ATX","FMT","S18","2025",0.019188998
"ATX","FMT","S18","2026",0.019188998
"ATX","FMT","S18","2027",0.019188998
"ATX","FMT","S18","2028",0.019188998
"ATX","FMT","S18","2029",0.019188998
"ATX","FMT","S18","2030",0.019188998
"ATX","FMT","S18","2031",0.019188998
"ATX","FMT","S18","2032",0.019188998
"ATX","FMT","S18","2033",0.019188998
"ATX","FMT","S18","2034",0.019188998
"ATX","FMT","S18","2035",0.019188998
"ATX","FMT","S18","2036",0.019188998
"ATX","FMT","S18","2037",0.019188998
"ATX","FMT","S18","2038",0.019188998
"ATX","FMT","S18","2039",0.019188998
"ATX","FMT","S18","2040",0.019188998
"ATX","FMT","S18","2041",0.019188998
"ATX","FMT","S18","2042",0.019188998
"ATX","FMT","S18","2043",0.019188998
"ATX","FMT","S18","2044",0.019188998
"ATX","FMT","S18","2045",0.019188998
"ATX","FMT","S18","2046",0.019188998
"ATX","FMT","S18","2047",0.019188998
"ATX","FMT","S18","2048",0.019188998
"ATX","FMT","S18","2049",0.019188998
"ATX","FMT","S18","2050",0.019188998
"ATX","FMT","S19","2015",0.015735631
"ATX","FMT","S19","2016",0.015735631
"ATX","FMT","S19","2017",0.015735631
"ATX","FMT","S19","2018",0.015735631
"ATX","FMT","S19","2019",0.015735631
"ATX","FMT","S19","2020",0.015735631
"ATX","FMT","S19","2021",0.015735631
"ATX","FMT","S19","2022",0.015735631
"ATX","FMT","S19","2023",0.015735631
"ATX","FMT","S19","2024",0.015735631
"ATX","FMT","S19","2025",0.015735631
"ATX","FMT","S19","2026",0.015735631
"ATX","FMT","S19","2027",0.015735631
"ATX","FMT","S19","2028",0.015735631
"ATX","FMT","S19","2029",0.015735631
"ATX","FMT","S19","2030",0.015735631
"ATX","FMT","S19","2031",0.015735631
"ATX","FMT","S19","2032",0.015735631
"ATX","FMT","S19","2033",0.015735631
"ATX","FMT","S19","2034",0.015735631
"ATX","FMT","S19","2035",0.015735631
"ATX","FMT","S19","2036",0.015735631
"ATX","FMT","S19","2037",0.015735631
"ATX","FMT","S19","2038",0.015735631
"ATX","FMT","S19","2039",0.015735631
"ATX","FMT","S19","2040",0.015735631
"ATX","FMT","S19","2041",0.015735631
"ATX","FMT","S19","2042",0.015735631
"ATX","FMT","S19","2043",0.015735631
"ATX","FMT","S19","2044",0.015735631
"ATX","FMT","S19","2045",0.015735631
"ATX","FMT","S19","2046",0.015735631
"ATX","FMT","S19","2047",0.015735631
"ATX","FMT","S19","2048",0.015735631
"ATX","FMT","S19","2049",0.015735631
"ATX","FMT","S19","2050",0.015735631
"ATX","FMT","S20","2015",0.008988408
"ATX","FMT","S20","2016",0.008988408
"ATX","FMT","S20","2017",0.008988408
"ATX","FMT","S20","2018",0.008988408
"ATX","FMT","S20","2019",0.008988408
"ATX","FMT","S20","2020",0.008988408
"ATX","FMT","S20","2021",0.008988408
"ATX","FMT","S20","2022",0.008988408
"ATX","FMT","S20","2023",0.008988408
"ATX","FMT","S20","2024",0.008988408
"ATX","FMT","S20","2025",0.008988408
"ATX","FMT","S20","2026",0.008988408
"ATX","FMT","S20","2027",0.008988408
"ATX","FMT","S20","2028",0.008988408
"ATX","FMT","S20","2029",0.008988408
"ATX","FMT","S20","2030",0.008988408
"ATX","FMT","S20","2031",0.008988408
"ATX","FMT","S20","2032",0.008988408
"ATX","FMT","S20","2033",0.008988408
"ATX","FMT","S20","2034",0.008988408
"ATX","FMT","S20","2035",0.008988408
"ATX","FMT","S20","2036",0.008988408
"ATX","FMT","S20","2037",0.008988408
"ATX","FMT","S20","2038",0.008988408
"ATX","FMT","S20","2039",0.008988408
"ATX","FMT","S20","2040",0.008988408
"ATX","FMT","S20","2041",0.008988408
"ATX","FMT","S20","2042",0.008988408
"ATX","FMT","S20","2043",0.008988408
"ATX","FMT","S20","2044",0.008988408
"ATX","FMT","S20","2045",0.008988408
"ATX","FMT","S20","2046",0.008988408
"ATX","FMT","S20","2047",0.008988408
"ATX","FMT","S20","2048",0.008988408
"ATX","FMT","S20","2049",0.008988408
"ATX","FMT","S20","2050",0.008988408
"ATX","FMT","S21","2015",0.006580139
"ATX","FMT","S21","2016",0.006580139
"ATX","FMT","S21","2017",0.006580139
"ATX","FMT","S21","2018",0.006580139
"ATX","FMT","S21","2019",0.006580139
"ATX","FMT","S21","2020",0.006580139
"ATX","FMT","S21","2021",0.006580139
"ATX","FMT","S21","2022",0.006580139
"ATX","FMT","S21","2023",0.006580139
"ATX","FMT","S21","2024",0.006580139
"ATX","FMT","S21","2025",0.006580139
"ATX","FMT","S21","2026",0.006580139
"ATX","FMT","S21","2027",0.006580139
"ATX","FMT","S21","2028",0.006580139
"ATX","FMT","S21","2029",0.006580139
"ATX","FMT","S21","2030",0.006580139
"ATX","FMT","S21","2031",0.006580139
"ATX","FMT","S21","2032",0.006580139
"ATX","FMT","S21","2033",0.006580139
"ATX","FMT","S21","2034",0.006580139
"ATX","FMT","S21","2035",0.006580139
"ATX","FMT","S21","2036",0.006580139
"ATX","FMT","S21","2037",0.006580139
"ATX","FMT","S21","2038",0.006580139
"ATX","FMT","S21","2039",0.006580139
"ATX","FMT","S21","2040",0.006580139
"ATX","FMT","S21","2041",0.006580139
"ATX","FMT","S21","2042",0.006580139
"ATX","FMT","S21","2043",0.006580139
"ATX","FMT","S21","2044",0.006580139
"ATX","FMT","S21","2045",0.006580139
"ATX","FMT","S21","2046",0.006580139
"ATX","FMT","S21","2047",0.006580139
"ATX","FMT","S21","2048",0.006580139
"ATX","FMT","S21","2049",0.006580139
"ATX","FMT","S21","2050",0.006580139
"ATX","FMT","S22","2015",0.004900854
"ATX","FMT","S22","2016",0.004900854
"ATX","FMT","S22","2017",0.004900854
"ATX","FMT","S22","2018",0.004900854
"ATX","FMT","S22","2019",0.004900854
"ATX","FMT","S22","2020",0.004900854
"ATX","FMT","S22","2021",0.004900854
"ATX","FMT","S22","2022",0.004900854
"ATX","FMT","S22","2023",0.004900854
"ATX","FMT","S22","2024",0.004900854
"ATX","FMT","S22","2025",0.004900854
"ATX","FMT","S22","2026",0.004900854
"ATX","FMT","S22","2027",0.004900854
"ATX","FMT","S22","2028",0.004900854
"ATX","FMT","S22","2029",0.004900854
"ATX","FMT","S22","2030",0.004900854
"ATX","FMT","S22","2031",0.004900854
"ATX","FMT","S22","2032",0.004900854
"ATX","FMT","S22","2033",0.004900854
"ATX","FMT","S22","2034",0.004900854
"ATX","FMT","S22","2035",0.004900854
"ATX","FMT","S22","2036",0.004900854
"ATX","FMT","S22","2037",0.004900854
"ATX","FMT","S22","2038",0.004900854
"ATX","FMT","S22","2039",0.004900854
"ATX","FMT","S22","2040",0.004900854
"ATX","FMT","S22","2041",0.004900854
"ATX","FMT","S22","2042",0.004900854
"ATX","FMT","S22","2043",0.004900854
"ATX","FMT","S22","2044",0.004900854
"ATX","FMT","S22","2045",0.004900854
"ATX","FMT","S22","2046",0.004900854
"ATX","FMT","S22","2047",0.004900854
"ATX","FMT","S22","2048",0.004900854
"ATX","FMT","S22","2049",0.004900854
"ATX","FMT","S22","2050",0.004900854
"ATX","FMT","S23","2015",0.002615067
"ATX","FMT","S23","2016",0.002615067
"ATX","FMT","S23","2017",0.002615067
"ATX","FMT","S23","2018",0.002615067
"ATX","FMT","S23","2019",0.002615067
"ATX","FMT","S23","2020",0.002615067
"ATX","FMT","S23","2021",0.002615067
"ATX","FMT","S23","2022",0.002615067
"ATX","FMT","S23","2023",0.002615067
"ATX","FMT","S23","2024",0.002615067
"ATX","FMT","S23","2025",0.002615067
"ATX","FMT","S23","2026",0.002615067
"ATX","FMT","S23","2027",0.002615067
"ATX","FMT","S23","2028",0.002615067
"ATX","FMT","S23","2029",0.002615067
"ATX","FMT","S23","2030",0.002615067
"ATX","FMT","S23","2031",0.002615067
"ATX","FMT","S23","2032",0.002615067
"ATX","FMT","S23","2033",0.002615067
"ATX","FMT","S23","2034",0.002615067
"ATX","FMT","S23","2035",0.002615067
"ATX","FMT","S23","2036",0.002615067
"ATX","FMT","S23","2037",0.002615067
"ATX","FMT","S23","2038",0.002615067
"ATX","FMT","S23","2039",0.002615067
"ATX","FMT","S23","2040",0.002615067
"ATX","FMT","S23","2041",0.002615067
"ATX","FMT","S23","2042",0.002615067
"ATX","FMT","S23","2043",0.002615067
"ATX","FMT","S23","2044",0.002615067
"ATX","FMT","S23","2045",0.002615067
"ATX","FMT","S23","2046",0.002615067
"ATX","FMT","S23","2047",0.002615067
"ATX","FMT","S23","2048",0.002615067
"ATX","FMT","S23","2049",0.002615067
"ATX","FMT","S23","2050",0.002615067
"ATX","FMT","S24","2015",0.001332814
"ATX","FMT","S24","2016",0.001332814
"ATX","FMT","S24","2017",0.001332814
"ATX","FMT","S24","2018",0.001332814
"ATX","FMT","S24","2019",0.001332814
"ATX","FMT","S24","2020",0.001332814
"ATX","FMT","S24","2021",0.001332814
"ATX","FMT","S24","2022",0.001332814
"ATX","FMT","S24","2023",0.001332814
"ATX","FMT","S24","2024",0.001332814
"ATX","FMT","S24","2025",0.001332814
"ATX","FMT","S24","2026",0.001332814
"ATX","FMT","S24","2027",0.001332814
"ATX","FMT","S24","2028",0.001332814
"ATX","FMT","S24","2029",0.001332814
"ATX","FMT","S24","2030",0.001332814
"ATX","FMT","S24","2031",0.001332814
"ATX","FMT","S24","2032",0.001332814
"ATX","FMT","S24","2033",0.001332814
"ATX","FMT","S24","2034",0.001332814
"ATX","FMT","S24","2035",0.001332814
"ATX","FMT","S24","2036",0.001332814
"ATX","FMT","S24","2037",0.001332814
"ATX","FMT","S24","2038",0.001332814
"ATX","FMT","S24","2039",0.001332814
"ATX","FMT","S24","2040",0.001332814
"ATX","FMT","S24","2041",0.001332814
"ATX","FMT","S24","2042",0.001332814
"ATX","FMT","S24","2043",0.001332814
"ATX","FMT","S24","2044",0.001332814
"ATX","FMT","S24","2045",0.001332814
"ATX","FMT","S24","2046",0.001332814
"ATX","FMT","S24","2047",0.001332814
"ATX","FMT","S24","2048",0.001332814
"ATX","FMT","S24","2049",0.001332814
"ATX","FMT","S24","2050",0.001332814
"ATX","PM","W4","2015",3.64836483112386E-6
"ATX","PM","W4","2016",3.64836483112386E-6
"ATX","PM","W4","2017",3.64836483112386E-6
"ATX","PM","W4","2018",3.64836483112386E-6
"ATX","PM","W4","2019",3.64836483112386E-6
"ATX","PM","W4","2020",3.64836483112386E-6
"ATX","PM","W4","2021",3.64836483112386E-6
"ATX","PM","W4","2022",3.64836483112386E-6
"ATX","PM","W4","2023",3.64836483112386E-6
"ATX","PM","W4","2024",3.64836483112386E-6
"ATX","PM","W4","2025",3.64836483112386E-6
"ATX","PM","W4","2026",3.64836483112386E-6
"ATX","PM","W4","2027",3.64836483112386E-6
"ATX","PM","W4","2028",3.64836483112386E-6
"ATX","PM","W4","2029",3.64836483112386E-6
"ATX","PM","W4","2030",3.64836483112386E-6
"ATX","PM","W4","2031",3.64836483112386E-6
"ATX","PM","W4","2032",3.64836483112386E-6
"ATX","PM","W4","2033",3.64836483112386E-6
"ATX","PM","W4","2034",3.64836483112386E-6
"ATX","PM","W4","2035",3.64836483112386E-6
"ATX","PM","W4","2036",3.64836483112386E-6
"ATX","PM","W4","2037",3.64836483112386E-6
"ATX","PM","W4","2038",3.64836483112386E-6
"ATX","PM","W4","2039",3.64836483112386E-6
"ATX","PM","W4","2040",3.64836483112386E-6
"ATX","PM","W4","2041",3.64836483112386E-6
"ATX","PM","W4","2042",3.64836483112386E-6
"ATX","PM","W4","2043",3.64836483112386E-6
"ATX","PM","W4","2044",3.64836483112386E-6
"ATX","PM","W4","2045",3.64836483112386E-6
"ATX","PM","W4","2046",3.64836483112386E-6
"ATX","PM","W4","2047",3.64836483112386E-6
"ATX","PM","W4","2048",3.64836483112386E-6
"ATX","PM","W4","2049",3.64836483112386E-6
"ATX","PM","W4","2050",3.64836483112386E-6
"ATX","PM","W5","2015",0.00141205839548448
"ATX","PM","W5","2016",0.00141205839548448
"ATX","PM","W5","2017",0.00141205839548448
"ATX","PM","W5","2018",0.00141205839548448
"ATX","PM","W5","2019",0.00141205839548448
"ATX","PM","W5","2020",0.00141205839548448
"ATX","PM","W5","2021",0.00141205839548448
"ATX","PM","W5","2022",0.00141205839548448
"ATX","PM","W5","2023",0.00141205839548448
"ATX","PM","W5","2024",0.00141205839548448
"ATX","PM","W5","2025",0.00141205839548448
"ATX","PM","W5","2026",0.00141205839548448
"ATX","PM","W5","2027",0.00141205839548448
"ATX","PM","W5","2028",0.00141205839548448
"ATX","PM","W5","2029",0.00141205839548448
"ATX","PM","W5","2030",0.00141205839548448
"ATX","PM","W5","2031",0.00141205839548448
"ATX","PM","W5","2032",0.00141205839548448
"ATX","PM","W5","2033",0.00141205839548448
"ATX","PM","W5","2034",0.00141205839548448
"ATX","PM","W5","2035",0.00141205839548448
"ATX","PM","W5","2036",0.00141205839548448
"ATX","PM","W5","2037",0.00141205839548448
"ATX","PM","W5","2038",0.00141205839548448
"ATX","PM","W5","2039",0.00141205839548448
"ATX","PM","W5","2040",0.00141205839548448
"ATX","PM","W5","2041",0.00141205839548448
"ATX","PM","W5","2042",0.00141205839548448
"ATX","PM","W5","2043",0.00141205839548448
"ATX","PM","W5","2044",0.00141205839548448
"ATX","PM","W5","2045",0.00141205839548448
"ATX","PM","W5","2046",0.00141205839548448
"ATX","PM","W5","2047",0.00141205839548448
"ATX","PM","W5","2048",0.00141205839548448
"ATX","PM","W5","2049",0.00141205839548448
"ATX","PM","W5","2050",0.00141205839548448
"ATX","PM","W6","2015",0.00627216636133805
"ATX","PM","W6","2016",0.00627216636133805
"ATX","PM","W6","2017",0.00627216636133805
"ATX","PM","W6","2018",0.00627216636133805
"ATX","PM","W6","2019",0.00627216636133805
"ATX","PM","W6","2020",0.00627216636133805
"ATX","PM","W6","2021",0.00627216636133805
"ATX","PM","W6","2022",0.00627216636133805
"ATX","PM","W6","2023",0.00627216636133805
"ATX","PM","W6","2024",0.00627216636133805
"ATX","PM","W6","2025",0.00627216636133805
"ATX","PM","W6","2026",0.00627216636133805
"ATX","PM","W6","2027",0.00627216636133805
"ATX","PM","W6","2028",0.00627216636133805
"ATX","PM","W6","2029",0.00627216636133805
"ATX","PM","W6","2030",0.00627216636133805
"ATX","PM","W6","2031",0.00627216636133805
"ATX","PM","W6","2032",0.00627216636133805
"ATX","PM","W6","2033",0.00627216636133805
"ATX","PM","W6","2034",0.00627216636133805
"ATX","PM","W6","2035",0.00627216636133805
"ATX","PM","W6","2036",0.00627216636133805
"ATX","PM","W6","2037",0.00627216636133805
"ATX","PM","W6","2038",0.00627216636133805
"ATX","PM","W6","2039",0.00627216636133805
"ATX","PM","W6","2040",0.00627216636133805
"ATX","PM","W6","2041",0.00627216636133805
"ATX","PM","W6","2042",0.00627216636133805
"ATX","PM","W6","2043",0.00627216636133805
"ATX","PM","W6","2044",0.00627216636133805
"ATX","PM","W6","2045",0.00627216636133805
"ATX","PM","W6","2046",0.00627216636133805
"ATX","PM","W6","2047",0.00627216636133805
"ATX","PM","W6","2048",0.00627216636133805
"ATX","PM","W6","2049",0.00627216636133805
"ATX","PM","W6","2050",0.00627216636133805
"ATX","PM","W7","2015",0.0190317723121908
"ATX","PM","W7","2016",0.0190317723121908
"ATX","PM","W7","2017",0.0190317723121908
"ATX","PM","W7","2018",0.0190317723121908
"ATX","PM","W7","2019",0.0190317723121908
"ATX","PM","W7","2020",0.0190317723121908
"ATX","PM","W7","2021",0.0190317723121908
"ATX","PM","W7","2022",0.0190317723121908
"ATX","PM","W7","2023",0.0190317723121908
"ATX","PM","W7","2024",0.0190317723121908
"ATX","PM","W7","2025",0.0190317723121908
"ATX","PM","W7","2026",0.0190317723121908
"ATX","PM","W7","2027",0.0190317723121908
"ATX","PM","W7","2028",0.0190317723121908
"ATX","PM","W7","2029",0.0190317723121908
"ATX","PM","W7","2030",0.0190317723121908
"ATX","PM","W7","2031",0.0190317723121908
"ATX","PM","W7","2032",0.0190317723121908
"ATX","PM","W7","2033",0.0190317723121908
"ATX","PM","W7","2034",0.0190317723121908
"ATX","PM","W7","2035",0.0190317723121908
"ATX","PM","W7","2036",0.0190317723121908
"ATX","PM","W7","2037",0.0190317723121908
"ATX","PM","W7","2038",0.0190317723121908
"ATX","PM","W7","2039",0.0190317723121908
"ATX","PM","W7","2040",0.0190317723121908
"ATX","PM","W7","2041",0.0190317723121908
"ATX","PM","W7","2042",0.0190317723121908
"ATX","PM","W7","2043",0.0190317723121908
"ATX","PM","W7","2044",0.0190317723121908
"ATX","PM","W7","2045",0.0190317723121908
"ATX","PM","W7","2046",0.0190317723121908
"ATX","PM","W7","2047",0.0190317723121908
"ATX","PM","W7","2048",0.0190317723121908
"ATX","PM","W7","2049",0.0190317723121908
"ATX","PM","W7","2050",0.0190317723121908
"ATX","PM","W8","2015",0.0273162138350828
"ATX","PM","W8","2016",0.0273162138350828
"ATX","PM","W8","2017",0.0273162138350828
"ATX","PM","W8","2018",0.0273162138350828
"ATX","PM","W8","2019",0.0273162138350828
"ATX","PM","W8","2020",0.0273162138350828
"ATX","PM","W8","2021",0.0273162138350828
"ATX","PM","W8","2022",0.0273162138350828
"ATX","PM","W8","2023",0.0273162138350828
"ATX","PM","W8","2024",0.0273162138350828
"ATX","PM","W8","2025",0.0273162138350828
"ATX","PM","W8","2026",0.0273162138350828
"ATX","PM","W8","2027",0.0273162138350828
"ATX","PM","W8","2028",0.0273162138350828
"ATX","PM","W8","2029",0.0273162138350828
"ATX","PM","W8","2030",0.0273162138350828
"ATX","PM","W8","2031",0.0273162138350828
"ATX","PM","W8","2032",0.0273162138350828
"ATX","PM","W8","2033",0.0273162138350828
"ATX","PM","W8","2034",0.0273162138350828
"ATX","PM","W8","2035",0.0273162138350828
"ATX","PM","W8","2036",0.0273162138350828
"ATX","PM","W8","2037",0.0273162138350828
"ATX","PM","W8","2038",0.0273162138350828
"ATX","PM","W8","2039",0.0273162138350828
"ATX","PM","W8","2040",0.0273162138350828
"ATX","PM","W8","2041",0.0273162138350828
"ATX","PM","W8","2042",0.0273162138350828
"ATX","PM","W8","2043",0.0273162138350828
"ATX","PM","W8","2044",0.0273162138350828
"ATX","PM","W8","2045",0.0273162138350828
"ATX","PM","W8","2046",0.0273162138350828
"ATX","PM","W8","2047",0.0273162138350828
"ATX","PM","W8","2048",0.0273162138350828
"ATX","PM","W8","2049",0.0273162138350828
"ATX","PM","W8","2050",0.0273162138350828
"ATX","PM","W9","2015",0.00526146421970126
"ATX","PM","W9","2016",0.00526146421970126
"ATX","PM","W9","2017",0.00526146421970126
"ATX","PM","W9","2018",0.00526146421970126
"ATX","PM","W9","2019",0.00526146421970126
"ATX","PM","W9","2020",0.00526146421970126
"ATX","PM","W9","2021",0.00526146421970126
"ATX","PM","W9","2022",0.00526146421970126
"ATX","PM","W9","2023",0.00526146421970126
"ATX","PM","W9","2024",0.00526146421970126
"ATX","PM","W9","2025",0.00526146421970126
"ATX","PM","W9","2026",0.00526146421970126
"ATX","PM","W9","2027",0.00526146421970126
"ATX","PM","W9","2028",0.00526146421970126
"ATX","PM","W9","2029",0.00526146421970126
"ATX","PM","W9","2030",0.00526146421970126
"ATX","PM","W9","2031",0.00526146421970126
"ATX","PM","W9","2032",0.00526146421970126
"ATX","PM","W9","2033",0.00526146421970126
"ATX","PM","W9","2034",0.00526146421970126
"ATX","PM","W9","2035",0.00526146421970126
"ATX","PM","W9","2036",0.00526146421970126
"ATX","PM","W9","2037",0.00526146421970126
"ATX","PM","W9","2038",0.00526146421970126
"ATX","PM","W9","2039",0.00526146421970126
"ATX","PM","W9","2040",0.00526146421970126
"ATX","PM","W9","2041",0.00526146421970126
"ATX","PM","W9","2042",0.00526146421970126
"ATX","PM","W9","2043",0.00526146421970126
"ATX","PM","W9","2044",0.00526146421970126
"ATX","PM","W9","2045",0.00526146421970126
"ATX","PM","W9","2046",0.00526146421970126
"ATX","PM","W9","2047",0.00526146421970126
"ATX","PM","W9","2048",0.00526146421970126
"ATX","PM","W9","2049",0.00526146421970126
"ATX","PM","W9","2050",0.00526146421970126
"ATX","PM","W10","2015",0.0125771680061562
"ATX","PM","W10","2016",0.0125771680061562
"ATX","PM","W10","2017",0.0125771680061562
"ATX","PM","W10","2018",0.0125771680061562
"ATX","PM","W10","2019",0.0125771680061562
"ATX","PM","W10","2020",0.0125771680061562
"ATX","PM","W10","2021",0.0125771680061562
"ATX","PM","W10","2022",0.0125771680061562
"ATX","PM","W10","2023",0.0125771680061562
"ATX","PM","W10","2024",0.0125771680061562
"ATX","PM","W10","2025",0.0125771680061562
"ATX","PM","W10","2026",0.0125771680061562
"ATX","PM","W10","2027",0.0125771680061562
"ATX","PM","W10","2028",0.0125771680061562
"ATX","PM","W10","2029",0.0125771680061562
"ATX","PM","W10","2030",0.0125771680061562
"ATX","PM","W10","2031",0.0125771680061562
"ATX","PM","W10","2032",0.0125771680061562
"ATX","PM","W10","2033",0.0125771680061562
"ATX","PM","W10","2034",0.0125771680061562
"ATX","PM","W10","2035",0.0125771680061562
"ATX","PM","W10","2036",0.0125771680061562
"ATX","PM","W10","2037",0.0125771680061562
"ATX","PM","W10","2038",0.0125771680061562
"ATX","PM","W10","2039",0.0125771680061562
"ATX","PM","W10","2040",0.0125771680061562
"ATX","PM","W10","2041",0.0125771680061562
"ATX","PM","W10","2042",0.0125771680061562
"ATX","PM","W10","2043",0.0125771680061562
"ATX","PM","W10","2044",0.0125771680061562
"ATX","PM","W10","2045",0.0125771680061562
"ATX","PM","W10","2046",0.0125771680061562
"ATX","PM","W10","2047",0.0125771680061562
"ATX","PM","W10","2048",0.0125771680061562
"ATX","PM","W10","2049",0.0125771680061562
"ATX","PM","W10","2050",0.0125771680061562
"ATX","PM","W11","2015",0.00794693657937405
"ATX","PM","W11","2016",0.00794693657937405
"ATX","PM","W11","2017",0.00794693657937405
"ATX","PM","W11","2018",0.00794693657937405
"ATX","PM","W11","2019",0.00794693657937405
"ATX","PM","W11","2020",0.00794693657937405
"ATX","PM","W11","2021",0.00794693657937405
"ATX","PM","W11","2022",0.00794693657937405
"ATX","PM","W11","2023",0.00794693657937405
"ATX","PM","W11","2024",0.00794693657937405
"ATX","PM","W11","2025",0.00794693657937405
"ATX","PM","W11","2026",0.00794693657937405
"ATX","PM","W11","2027",0.00794693657937405
"ATX","PM","W11","2028",0.00794693657937405
"ATX","PM","W11","2029",0.00794693657937405
"ATX","PM","W11","2030",0.00794693657937405
"ATX","PM","W11","2031",0.00794693657937405
"ATX","PM","W11","2032",0.00794693657937405
"ATX","PM","W11","2033",0.00794693657937405
"ATX","PM","W11","2034",0.00794693657937405
"ATX","PM","W11","2035",0.00794693657937405
"ATX","PM","W11","2036",0.00794693657937405
"ATX","PM","W11","2037",0.00794693657937405
"ATX","PM","W11","2038",0.00794693657937405
"ATX","PM","W11","2039",0.00794693657937405
"ATX","PM","W11","2040",0.00794693657937405
"ATX","PM","W11","2041",0.00794693657937405
"ATX","PM","W11","2042",0.00794693657937405
"ATX","PM","W11","2043",0.00794693657937405
"ATX","PM","W11","2044",0.00794693657937405
"ATX","PM","W11","2045",0.00794693657937405
"ATX","PM","W11","2046",0.00794693657937405
"ATX","PM","W11","2047",0.00794693657937405
"ATX","PM","W11","2048",0.00794693657937405
"ATX","PM","W11","2049",0.00794693657937405
"ATX","PM","W11","2050",0.00794693657937405
"ATX","PM","W12","2015",0.0220456270613754
"ATX","PM","W12","2016",0.0220456270613754
"ATX","PM","W12","2017",0.0220456270613754
"ATX","PM","W12","2018",0.0220456270613754
"ATX","PM","W12","2019",0.0220456270613754
"ATX","PM","W12","2020",0.0220456270613754
"ATX","PM","W12","2021",0.0220456270613754
"ATX","PM","W12","2022",0.0220456270613754
"ATX","PM","W12","2023",0.0220456270613754
"ATX","PM","W12","2024",0.0220456270613754
"ATX","PM","W12","2025",0.0220456270613754
"ATX","PM","W12","2026",0.0220456270613754
"ATX","PM","W12","2027",0.0220456270613754
"ATX","PM","W12","2028",0.0220456270613754
"ATX","PM","W12","2029",0.0220456270613754
"ATX","PM","W12","2030",0.0220456270613754
"ATX","PM","W12","2031",0.0220456270613754
"ATX","PM","W12","2032",0.0220456270613754
"ATX","PM","W12","2033",0.0220456270613754
"ATX","PM","W12","2034",0.0220456270613754
"ATX","PM","W12","2035",0.0220456270613754
"ATX","PM","W12","2036",0.0220456270613754
"ATX","PM","W12","2037",0.0220456270613754
"ATX","PM","W12","2038",0.0220456270613754
"ATX","PM","W12","2039",0.0220456270613754
"ATX","PM","W12","2040",0.0220456270613754
"ATX","PM","W12","2041",0.0220456270613754
"ATX","PM","W12","2042",0.0220456270613754
"ATX","PM","W12","2043",0.0220456270613754
"ATX","PM","W12","2044",0.0220456270613754
"ATX","PM","W12","2045",0.0220456270613754
"ATX","PM","W12","2046",0.0220456270613754
"ATX","PM","W12","2047",0.0220456270613754
"ATX","PM","W12","2048",0.0220456270613754
"ATX","PM","W12","2049",0.0220456270613754
"ATX","PM","W12","2050",0.0220456270613754
"ATX","PM","W13","2015",0.00600215780912428
"ATX","PM","W13","2016",0.00600215780912428
"ATX","PM","W13","2017",0.00600215780912428
"ATX","PM","W13","2018",0.00600215780912428
"ATX","PM","W13","2019",0.00600215780912428
"ATX","PM","W13","2020",0.00600215780912428
"ATX","PM","W13","2021",0.00600215780912428
"ATX","PM","W13","2022",0.00600215780912428
"ATX","PM","W13","2023",0.00600215780912428
"ATX","PM","W13","2024",0.00600215780912428
"ATX","PM","W13","2025",0.00600215780912428
"ATX","PM","W13","2026",0.00600215780912428
"ATX","PM","W13","2027",0.00600215780912428
"ATX","PM","W13","2028",0.00600215780912428
"ATX","PM","W13","2029",0.00600215780912428
"ATX","PM","W13","2030",0.00600215780912428
"ATX","PM","W13","2031",0.00600215780912428
"ATX","PM","W13","2032",0.00600215780912428
"ATX","PM","W13","2033",0.00600215780912428
"ATX","PM","W13","2034",0.00600215780912428
"ATX","PM","W13","2035",0.00600215780912428
"ATX","PM","W13","2036",0.00600215780912428
"ATX","PM","W13","2037",0.00600215780912428
"ATX","PM","W13","2038",0.00600215780912428
"ATX","PM","W13","2039",0.00600215780912428
"ATX","PM","W13","2040",0.00600215780912428
"ATX","PM","W13","2041",0.00600215780912428
"ATX","PM","W13","2042",0.00600215780912428
"ATX","PM","W13","2043",0.00600215780912428
"ATX","PM","W13","2044",0.00600215780912428
"ATX","PM","W13","2045",0.00600215780912428
"ATX","PM","W13","2046",0.00600215780912428
"ATX","PM","W13","2047",0.00600215780912428
"ATX","PM","W13","2048",0.00600215780912428
"ATX","PM","W13","2049",0.00600215780912428
"ATX","PM","W13","2050",0.00600215780912428
"ATX","PM","W14","2015",0.0054256570563855
"ATX","PM","W14","2016",0.0054256570563855
"ATX","PM","W14","2017",0.0054256570563855
"ATX","PM","W14","2018",0.0054256570563855
"ATX","PM","W14","2019",0.0054256570563855
"ATX","PM","W14","2020",0.0054256570563855
"ATX","PM","W14","2021",0.0054256570563855
"ATX","PM","W14","2022",0.0054256570563855
"ATX","PM","W14","2023",0.0054256570563855
"ATX","PM","W14","2024",0.0054256570563855
"ATX","PM","W14","2025",0.0054256570563855
"ATX","PM","W14","2026",0.0054256570563855
"ATX","PM","W14","2027",0.0054256570563855
"ATX","PM","W14","2028",0.0054256570563855
"ATX","PM","W14","2029",0.0054256570563855
"ATX","PM","W14","2030",0.0054256570563855
"ATX","PM","W14","2031",0.0054256570563855
"ATX","PM","W14","2032",0.0054256570563855
"ATX","PM","W14","2033",0.0054256570563855
"ATX","PM","W14","2034",0.0054256570563855
"ATX","PM","W14","2035",0.0054256570563855
"ATX","PM","W14","2036",0.0054256570563855
"ATX","PM","W14","2037",0.0054256570563855
"ATX","PM","W14","2038",0.0054256570563855
"ATX","PM","W14","2039",0.0054256570563855
"ATX","PM","W14","2040",0.0054256570563855
"ATX","PM","W14","2041",0.0054256570563855
"ATX","PM","W14","2042",0.0054256570563855
"ATX","PM","W14","2043",0.0054256570563855
"ATX","PM","W14","2044",0.0054256570563855
"ATX","PM","W14","2045",0.0054256570563855
"ATX","PM","W14","2046",0.0054256570563855
"ATX","PM","W14","2047",0.0054256570563855
"ATX","PM","W14","2048",0.0054256570563855
"ATX","PM","W14","2049",0.0054256570563855
"ATX","PM","W14","2050",0.0054256570563855
"ATX","PM","W15","2015",0.0107600984242794
"ATX","PM","W15","2016",0.0107600984242794
"ATX","PM","W15","2017",0.0107600984242794
"ATX","PM","W15","2018",0.0107600984242794
"ATX","PM","W15","2019",0.0107600984242794
"ATX","PM","W15","2020",0.0107600984242794
"ATX","PM","W15","2021",0.0107600984242794
"ATX","PM","W15","2022",0.0107600984242794
"ATX","PM","W15","2023",0.0107600984242794
"ATX","PM","W15","2024",0.0107600984242794
"ATX","PM","W15","2025",0.0107600984242794
"ATX","PM","W15","2026",0.0107600984242794
"ATX","PM","W15","2027",0.0107600984242794
"ATX","PM","W15","2028",0.0107600984242794
"ATX","PM","W15","2029",0.0107600984242794
"ATX","PM","W15","2030",0.0107600984242794
"ATX","PM","W15","2031",0.0107600984242794
"ATX","PM","W15","2032",0.0107600984242794
"ATX","PM","W15","2033",0.0107600984242794
"ATX","PM","W15","2034",0.0107600984242794
"ATX","PM","W15","2035",0.0107600984242794
"ATX","PM","W15","2036",0.0107600984242794
"ATX","PM","W15","2037",0.0107600984242794
"ATX","PM","W15","2038",0.0107600984242794
"ATX","PM","W15","2039",0.0107600984242794
"ATX","PM","W15","2040",0.0107600984242794
"ATX","PM","W15","2041",0.0107600984242794
"ATX","PM","W15","2042",0.0107600984242794
"ATX","PM","W15","2043",0.0107600984242794
"ATX","PM","W15","2044",0.0107600984242794
"ATX","PM","W15","2045",0.0107600984242794
"ATX","PM","W15","2046",0.0107600984242794
"ATX","PM","W15","2047",0.0107600984242794
"ATX","PM","W15","2048",0.0107600984242794
"ATX","PM","W15","2049",0.0107600984242794
"ATX","PM","W15","2050",0.0107600984242794
"ATX","PM","W16","2015",0.0373538736295218
"ATX","PM","W16","2016",0.0373538736295218
"ATX","PM","W16","2017",0.0373538736295218
"ATX","PM","W16","2018",0.0373538736295218
"ATX","PM","W16","2019",0.0373538736295218
"ATX","PM","W16","2020",0.0373538736295218
"ATX","PM","W16","2021",0.0373538736295218
"ATX","PM","W16","2022",0.0373538736295218
"ATX","PM","W16","2023",0.0373538736295218
"ATX","PM","W16","2024",0.0373538736295218
"ATX","PM","W16","2025",0.0373538736295218
"ATX","PM","W16","2026",0.0373538736295218
"ATX","PM","W16","2027",0.0373538736295218
"ATX","PM","W16","2028",0.0373538736295218
"ATX","PM","W16","2029",0.0373538736295218
"ATX","PM","W16","2030",0.0373538736295218
"ATX","PM","W16","2031",0.0373538736295218
"ATX","PM","W16","2032",0.0373538736295218
"ATX","PM","W16","2033",0.0373538736295218
"ATX","PM","W16","2034",0.0373538736295218
"ATX","PM","W16","2035",0.0373538736295218
"ATX","PM","W16","2036",0.0373538736295218
"ATX","PM","W16","2037",0.0373538736295218
"ATX","PM","W16","2038",0.0373538736295218
"ATX","PM","W16","2039",0.0373538736295218
"ATX","PM","W16","2040",0.0373538736295218
"ATX","PM","W16","2041",0.0373538736295218
"ATX","PM","W16","2042",0.0373538736295218
"ATX","PM","W16","2043",0.0373538736295218
"ATX","PM","W16","2044",0.0373538736295218
"ATX","PM","W16","2045",0.0373538736295218
"ATX","PM","W16","2046",0.0373538736295218
"ATX","PM","W16","2047",0.0373538736295218
"ATX","PM","W16","2048",0.0373538736295218
"ATX","PM","W16","2049",0.0373538736295218
"ATX","PM","W16","2050",0.0373538736295218
"ATX","PM","W17","2015",0.0178933708337513
"ATX","PM","W17","2016",0.0178933708337513
"ATX","PM","W17","2017",0.0178933708337513
"ATX","PM","W17","2018",0.0178933708337513
"ATX","PM","W17","2019",0.0178933708337513
"ATX","PM","W17","2020",0.0178933708337513
"ATX","PM","W17","2021",0.0178933708337513
"ATX","PM","W17","2022",0.0178933708337513
"ATX","PM","W17","2023",0.0178933708337513
"ATX","PM","W17","2024",0.0178933708337513
"ATX","PM","W17","2025",0.0178933708337513
"ATX","PM","W17","2026",0.0178933708337513
"ATX","PM","W17","2027",0.0178933708337513
"ATX","PM","W17","2028",0.0178933708337513
"ATX","PM","W17","2029",0.0178933708337513
"ATX","PM","W17","2030",0.0178933708337513
"ATX","PM","W17","2031",0.0178933708337513
"ATX","PM","W17","2032",0.0178933708337513
"ATX","PM","W17","2033",0.0178933708337513
"ATX","PM","W17","2034",0.0178933708337513
"ATX","PM","W17","2035",0.0178933708337513
"ATX","PM","W17","2036",0.0178933708337513
"ATX","PM","W17","2037",0.0178933708337513
"ATX","PM","W17","2038",0.0178933708337513
"ATX","PM","W17","2039",0.0178933708337513
"ATX","PM","W17","2040",0.0178933708337513
"ATX","PM","W17","2041",0.0178933708337513
"ATX","PM","W17","2042",0.0178933708337513
"ATX","PM","W17","2043",0.0178933708337513
"ATX","PM","W17","2044",0.0178933708337513
"ATX","PM","W17","2045",0.0178933708337513
"ATX","PM","W17","2046",0.0178933708337513
"ATX","PM","W17","2047",0.0178933708337513
"ATX","PM","W17","2048",0.0178933708337513
"ATX","PM","W17","2049",0.0178933708337513
"ATX","PM","W17","2050",0.0178933708337513
"ATX","PM","W18","2015",0.0355751135203002
"ATX","PM","W18","2016",0.0355751135203002
"ATX","PM","W18","2017",0.0355751135203002
"ATX","PM","W18","2018",0.0355751135203002
"ATX","PM","W18","2019",0.0355751135203002
"ATX","PM","W18","2020",0.0355751135203002
"ATX","PM","W18","2021",0.0355751135203002
"ATX","PM","W18","2022",0.0355751135203002
"ATX","PM","W18","2023",0.0355751135203002
"ATX","PM","W18","2024",0.0355751135203002
"ATX","PM","W18","2025",0.0355751135203002
"ATX","PM","W18","2026",0.0355751135203002
"ATX","PM","W18","2027",0.0355751135203002
"ATX","PM","W18","2028",0.0355751135203002
"ATX","PM","W18","2029",0.0355751135203002
"ATX","PM","W18","2030",0.0355751135203002
"ATX","PM","W18","2031",0.0355751135203002
"ATX","PM","W18","2032",0.0355751135203002
"ATX","PM","W18","2033",0.0355751135203002
"ATX","PM","W18","2034",0.0355751135203002
"ATX","PM","W18","2035",0.0355751135203002
"ATX","PM","W18","2036",0.0355751135203002
"ATX","PM","W18","2037",0.0355751135203002
"ATX","PM","W18","2038",0.0355751135203002
"ATX","PM","W18","2039",0.0355751135203002
"ATX","PM","W18","2040",0.0355751135203002
"ATX","PM","W18","2041",0.0355751135203002
"ATX","PM","W18","2042",0.0355751135203002
"ATX","PM","W18","2043",0.0355751135203002
"ATX","PM","W18","2044",0.0355751135203002
"ATX","PM","W18","2045",0.0355751135203002
"ATX","PM","W18","2046",0.0355751135203002
"ATX","PM","W18","2047",0.0355751135203002
"ATX","PM","W18","2048",0.0355751135203002
"ATX","PM","W18","2049",0.0355751135203002
"ATX","PM","W18","2050",0.0355751135203002
"ATX","PM","W19","2015",0.00985157020105452
"ATX","PM","W19","2016",0.00985157020105452
"ATX","PM","W19","2017",0.00985157020105452
"ATX","PM","W19","2018",0.00985157020105452
"ATX","PM","W19","2019",0.00985157020105452
"ATX","PM","W19","2020",0.00985157020105452
"ATX","PM","W19","2021",0.00985157020105452
"ATX","PM","W19","2022",0.00985157020105452
"ATX","PM","W19","2023",0.00985157020105452
"ATX","PM","W19","2024",0.00985157020105452
"ATX","PM","W19","2025",0.00985157020105452
"ATX","PM","W19","2026",0.00985157020105452
"ATX","PM","W19","2027",0.00985157020105452
"ATX","PM","W19","2028",0.00985157020105452
"ATX","PM","W19","2029",0.00985157020105452
"ATX","PM","W19","2030",0.00985157020105452
"ATX","PM","W19","2031",0.00985157020105452
"ATX","PM","W19","2032",0.00985157020105452
"ATX","PM","W19","2033",0.00985157020105452
"ATX","PM","W19","2034",0.00985157020105452
"ATX","PM","W19","2035",0.00985157020105452
"ATX","PM","W19","2036",0.00985157020105452
"ATX","PM","W19","2037",0.00985157020105452
"ATX","PM","W19","2038",0.00985157020105452
"ATX","PM","W19","2039",0.00985157020105452
"ATX","PM","W19","2040",0.00985157020105452
"ATX","PM","W19","2041",0.00985157020105452
"ATX","PM","W19","2042",0.00985157020105452
"ATX","PM","W19","2043",0.00985157020105452
"ATX","PM","W19","2044",0.00985157020105452
"ATX","PM","W19","2045",0.00985157020105452
"ATX","PM","W19","2046",0.00985157020105452
"ATX","PM","W19","2047",0.00985157020105452
"ATX","PM","W19","2048",0.00985157020105452
"ATX","PM","W19","2049",0.00985157020105452
"ATX","PM","W19","2050",0.00985157020105452
"ATX","PM","W20","2015",0.0052213322065589
"ATX","PM","W20","2016",0.0052213322065589
"ATX","PM","W20","2017",0.0052213322065589
"ATX","PM","W20","2018",0.0052213322065589
"ATX","PM","W20","2019",0.0052213322065589
"ATX","PM","W20","2020",0.0052213322065589
"ATX","PM","W20","2021",0.0052213322065589
"ATX","PM","W20","2022",0.0052213322065589
"ATX","PM","W20","2023",0.0052213322065589
"ATX","PM","W20","2024",0.0052213322065589
"ATX","PM","W20","2025",0.0052213322065589
"ATX","PM","W20","2026",0.0052213322065589
"ATX","PM","W20","2027",0.0052213322065589
"ATX","PM","W20","2028",0.0052213322065589
"ATX","PM","W20","2029",0.0052213322065589
"ATX","PM","W20","2030",0.0052213322065589
"ATX","PM","W20","2031",0.0052213322065589
"ATX","PM","W20","2032",0.0052213322065589
"ATX","PM","W20","2033",0.0052213322065589
"ATX","PM","W20","2034",0.0052213322065589
"ATX","PM","W20","2035",0.0052213322065589
"ATX","PM","W20","2036",0.0052213322065589
"ATX","PM","W20","2037",0.0052213322065589
"ATX","PM","W20","2038",0.0052213322065589
"ATX","PM","W20","2039",0.0052213322065589
"ATX","PM","W20","2040",0.0052213322065589
"ATX","PM","W20","2041",0.0052213322065589
"ATX","PM","W20","2042",0.0052213322065589
"ATX","PM","W20","2043",0.0052213322065589
"ATX","PM","W20","2044",0.0052213322065589
"ATX","PM","W20","2045",0.0052213322065589
"ATX","PM","W20","2046",0.0052213322065589
"ATX","PM","W20","2047",0.0052213322065589
"ATX","PM","W20","2048",0.0052213322065589
"ATX","PM","W20","2049",0.0052213322065589
"ATX","PM","W20","2050",0.0052213322065589
"ATX","PM","W21","2015",0.0137228727819715
"ATX","PM","W21","2016",0.0137228727819715
"ATX","PM","W21","2017",0.0137228727819715
"ATX","PM","W21","2018",0.0137228727819715
"ATX","PM","W21","2019",0.0137228727819715
"ATX","PM","W21","2020",0.0137228727819715
"ATX","PM","W21","2021",0.0137228727819715
"ATX","PM","W21","2022",0.0137228727819715
"ATX","PM","W21","2023",0.0137228727819715
"ATX","PM","W21","2024",0.0137228727819715
"ATX","PM","W21","2025",0.0137228727819715
"ATX","PM","W21","2026",0.0137228727819715
"ATX","PM","W21","2027",0.0137228727819715
"ATX","PM","W21","2028",0.0137228727819715
"ATX","PM","W21","2029",0.0137228727819715
"ATX","PM","W21","2030",0.0137228727819715
"ATX","PM","W21","2031",0.0137228727819715
"ATX","PM","W21","2032",0.0137228727819715
"ATX","PM","W21","2033",0.0137228727819715
"ATX","PM","W21","2034",0.0137228727819715
"ATX","PM","W21","2035",0.0137228727819715
"ATX","PM","W21","2036",0.0137228727819715
"ATX","PM","W21","2037",0.0137228727819715
"ATX","PM","W21","2038",0.0137228727819715
"ATX","PM","W21","2039",0.0137228727819715
"ATX","PM","W21","2040",0.0137228727819715
"ATX","PM","W21","2041",0.0137228727819715
"ATX","PM","W21","2042",0.0137228727819715
"ATX","PM","W21","2043",0.0137228727819715
"ATX","PM","W21","2044",0.0137228727819715
"ATX","PM","W21","2045",0.0137228727819715
"ATX","PM","W21","2046",0.0137228727819715
"ATX","PM","W21","2047",0.0137228727819715
"ATX","PM","W21","2048",0.0137228727819715
"ATX","PM","W21","2049",0.0137228727819715
"ATX","PM","W21","2050",0.0137228727819715
"ATX","PM","W22","2015",0.00429820395629602
"ATX","PM","W22","2016",0.00429820395629602
"ATX","PM","W22","2017",0.00429820395629602
"ATX","PM","W22","2018",0.00429820395629602
"ATX","PM","W22","2019",0.00429820395629602
"ATX","PM","W22","2020",0.00429820395629602
"ATX","PM","W22","2021",0.00429820395629602
"ATX","PM","W22","2022",0.00429820395629602
"ATX","PM","W22","2023",0.00429820395629602
"ATX","PM","W22","2024",0.00429820395629602
"ATX","PM","W22","2025",0.00429820395629602
"ATX","PM","W22","2026",0.00429820395629602
"ATX","PM","W22","2027",0.00429820395629602
"ATX","PM","W22","2028",0.00429820395629602
"ATX","PM","W22","2029",0.00429820395629602
"ATX","PM","W22","2030",0.00429820395629602
"ATX","PM","W22","2031",0.00429820395629602
"ATX","PM","W22","2032",0.00429820395629602
"ATX","PM","W22","2033",0.00429820395629602
"ATX","PM","W22","2034",0.00429820395629602
"ATX","PM","W22","2035",0.00429820395629602
"ATX","PM","W22","2036",0.00429820395629602
"ATX","PM","W22","2037",0.00429820395629602
"ATX","PM","W22","2038",0.00429820395629602
"ATX","PM","W22","2039",0.00429820395629602
"ATX","PM","W22","2040",0.00429820395629602
"ATX","PM","W22","2041",0.00429820395629602
"ATX","PM","W22","2042",0.00429820395629602
"ATX","PM","W22","2043",0.00429820395629602
"ATX","PM","W22","2044",0.00429820395629602
"ATX","PM","W22","2045",0.00429820395629602
"ATX","PM","W22","2046",0.00429820395629602
"ATX","PM","W22","2047",0.00429820395629602
"ATX","PM","W22","2048",0.00429820395629602
"ATX","PM","W22","2049",0.00429820395629602
"ATX","PM","W22","2050",0.00429820395629602
"ATX","PM","W23","2015",0.000890289682926031
"ATX","PM","W23","2016",0.000890289682926031
"ATX","PM","W23","2017",0.000890289682926031
"ATX","PM","W23","2018",0.000890289682926031
"ATX","PM","W23","2019",0.000890289682926031
"ATX","PM","W23","2020",0.000890289682926031
"ATX","PM","W23","2021",0.000890289682926031
"ATX","PM","W23","2022",0.000890289682926031
"ATX","PM","W23","2023",0.000890289682926031
"ATX","PM","W23","2024",0.000890289682926031
"ATX","PM","W23","2025",0.000890289682926031
"ATX","PM","W23","2026",0.000890289682926031
"ATX","PM","W23","2027",0.000890289682926031
"ATX","PM","W23","2028",0.000890289682926031
"ATX","PM","W23","2029",0.000890289682926031
"ATX","PM","W23","2030",0.000890289682926031
"ATX","PM","W23","2031",0.000890289682926031
"ATX","PM","W23","2032",0.000890289682926031
"ATX","PM","W23","2033",0.000890289682926031
"ATX","PM","W23","2034",0.000890289682926031
"ATX","PM","W23","2035",0.000890289682926031
"ATX","PM","W23","2036",0.000890289682926031
"ATX","PM","W23","2037",0.000890289682926031
"ATX","PM","W23","2038",0.000890289682926031
"ATX","PM","W23","2039",0.000890289682926031
"ATX","PM","W23","2040",0.000890289682926031
"ATX","PM","W23","2041",0.000890289682926031
"ATX","PM","W23","2042",0.000890289682926031
"ATX","PM","W23","2043",0.000890289682926031
"ATX","PM","W23","2044",0.000890289682926031
"ATX","PM","W23","2045",0.000890289682926031
"ATX","PM","W23","2046",0.000890289682926031
"ATX","PM","W23","2047",0.000890289682926031
"ATX","PM","W23","2048",0.000890289682926031
"ATX","PM","W23","2049",0.000890289682926031
"ATX","PM","W23","2050",0.000890289682926031
"ATX","PM","W24","2015",0.00113840476229632
"ATX","PM","W24","2016",0.00113840476229632
"ATX","PM","W24","2017",0.00113840476229632
"ATX","PM","W24","2018",0.00113840476229632
"ATX","PM","W24","2019",0.00113840476229632
"ATX","PM","W24","2020",0.00113840476229632
"ATX","PM","W24","2021",0.00113840476229632
"ATX","PM","W24","2022",0.00113840476229632
"ATX","PM","W24","2023",0.00113840476229632
"ATX","PM","W24","2024",0.00113840476229632
"ATX","PM","W24","2025",0.00113840476229632
"ATX","PM","W24","2026",0.00113840476229632
"ATX","PM","W24","2027",0.00113840476229632
"ATX","PM","W24","2028",0.00113840476229632
"ATX","PM","W24","2029",0.00113840476229632
"ATX","PM","W24","2030",0.00113840476229632
"ATX","PM","W24","2031",0.00113840476229632
"ATX","PM","W24","2032",0.00113840476229632
"ATX","PM","W24","2033",0.00113840476229632
"ATX","PM","W24","2034",0.00113840476229632
"ATX","PM","W24","2035",0.00113840476229632
"ATX","PM","W24","2036",0.00113840476229632
"ATX","PM","W24","2037",0.00113840476229632
"ATX","PM","W24","2038",0.00113840476229632
"ATX","PM","W24","2039",0.00113840476229632
"ATX","PM","W24","2040",0.00113840476229632
"ATX","PM","W24","2041",0.00113840476229632
"ATX","PM","W24","2042",0.00113840476229632
"ATX","PM","W24","2043",0.00113840476229632
"ATX","PM","W24","2044",0.00113840476229632
"ATX","PM","W24","2045",0.00113840476229632
"ATX","PM","W24","2046",0.00113840476229632
"ATX","PM","W24","2047",0.00113840476229632
"ATX","PM","W24","2048",0.00113840476229632
"ATX","PM","W24","2049",0.00113840476229632
"ATX","PM","W24","2050",0.00113840476229632
"ATX","PM","SF4","2015",7.29672966224772E-6
"ATX","PM","SF4","2016",7.29672966224772E-6
"ATX","PM","SF4","2017",7.29672966224772E-6
"ATX","PM","SF4","2018",7.29672966224772E-6
"ATX","PM","SF4","2019",7.29672966224772E-6
"ATX","PM","SF4","2020",7.29672966224772E-6
"ATX","PM","SF4","2021",7.29672966224772E-6
"ATX","PM","SF4","2022",7.29672966224772E-6
"ATX","PM","SF4","2023",7.29672966224772E-6
"ATX","PM","SF4","2024",7.29672966224772E-6
"ATX","PM","SF4","2025",7.29672966224772E-6
"ATX","PM","SF4","2026",7.29672966224772E-6
"ATX","PM","SF4","2027",7.29672966224772E-6
"ATX","PM","SF4","2028",7.29672966224772E-6
"ATX","PM","SF4","2029",7.29672966224772E-6
"ATX","PM","SF4","2030",7.29672966224772E-6
"ATX","PM","SF4","2031",7.29672966224772E-6
"ATX","PM","SF4","2032",7.29672966224772E-6
"ATX","PM","SF4","2033",7.29672966224772E-6
"ATX","PM","SF4","2034",7.29672966224772E-6
"ATX","PM","SF4","2035",7.29672966224772E-6
"ATX","PM","SF4","2036",7.29672966224772E-6
"ATX","PM","SF4","2037",7.29672966224772E-6
"ATX","PM","SF4","2038",7.29672966224772E-6
"ATX","PM","SF4","2039",7.29672966224772E-6
"ATX","PM","SF4","2040",7.29672966224772E-6
"ATX","PM","SF4","2041",7.29672966224772E-6
"ATX","PM","SF4","2042",7.29672966224772E-6
"ATX","PM","SF4","2043",7.29672966224772E-6
"ATX","PM","SF4","2044",7.29672966224772E-6
"ATX","PM","SF4","2045",7.29672966224772E-6
"ATX","PM","SF4","2046",7.29672966224772E-6
"ATX","PM","SF4","2047",7.29672966224772E-6
"ATX","PM","SF4","2048",7.29672966224772E-6
"ATX","PM","SF4","2049",7.29672966224772E-6
"ATX","PM","SF4","2050",7.29672966224772E-6
"ATX","PM","SF5","2015",0.00282411679096896
"ATX","PM","SF5","2016",0.00282411679096896
"ATX","PM","SF5","2017",0.00282411679096896
"ATX","PM","SF5","2018",0.00282411679096896
"ATX","PM","SF5","2019",0.00282411679096896
"ATX","PM","SF5","2020",0.00282411679096896
"ATX","PM","SF5","2021",0.00282411679096896
"ATX","PM","SF5","2022",0.00282411679096896
"ATX","PM","SF5","2023",0.00282411679096896
"ATX","PM","SF5","2024",0.00282411679096896
"ATX","PM","SF5","2025",0.00282411679096896
"ATX","PM","SF5","2026",0.00282411679096896
"ATX","PM","SF5","2027",0.00282411679096896
"ATX","PM","SF5","2028",0.00282411679096896
"ATX","PM","SF5","2029",0.00282411679096896
"ATX","PM","SF5","2030",0.00282411679096896
"ATX","PM","SF5","2031",0.00282411679096896
"ATX","PM","SF5","2032",0.00282411679096896
"ATX","PM","SF5","2033",0.00282411679096896
"ATX","PM","SF5","2034",0.00282411679096896
"ATX","PM","SF5","2035",0.00282411679096896
"ATX","PM","SF5","2036",0.00282411679096896
"ATX","PM","SF5","2037",0.00282411679096896
"ATX","PM","SF5","2038",0.00282411679096896
"ATX","PM","SF5","2039",0.00282411679096896
"ATX","PM","SF5","2040",0.00282411679096896
"ATX","PM","SF5","2041",0.00282411679096896
"ATX","PM","SF5","2042",0.00282411679096896
"ATX","PM","SF5","2043",0.00282411679096896
"ATX","PM","SF5","2044",0.00282411679096896
"ATX","PM","SF5","2045",0.00282411679096896
"ATX","PM","SF5","2046",0.00282411679096896
"ATX","PM","SF5","2047",0.00282411679096896
"ATX","PM","SF5","2048",0.00282411679096896
"ATX","PM","SF5","2049",0.00282411679096896
"ATX","PM","SF5","2050",0.00282411679096896
"ATX","PM","SF6","2015",0.0125443327226761
"ATX","PM","SF6","2016",0.0125443327226761
"ATX","PM","SF6","2017",0.0125443327226761
"ATX","PM","SF6","2018",0.0125443327226761
"ATX","PM","SF6","2019",0.0125443327226761
"ATX","PM","SF6","2020",0.0125443327226761
"ATX","PM","SF6","2021",0.0125443327226761
"ATX","PM","SF6","2022",0.0125443327226761
"ATX","PM","SF6","2023",0.0125443327226761
"ATX","PM","SF6","2024",0.0125443327226761
"ATX","PM","SF6","2025",0.0125443327226761
"ATX","PM","SF6","2026",0.0125443327226761
"ATX","PM","SF6","2027",0.0125443327226761
"ATX","PM","SF6","2028",0.0125443327226761
"ATX","PM","SF6","2029",0.0125443327226761
"ATX","PM","SF6","2030",0.0125443327226761
"ATX","PM","SF6","2031",0.0125443327226761
"ATX","PM","SF6","2032",0.0125443327226761
"ATX","PM","SF6","2033",0.0125443327226761
"ATX","PM","SF6","2034",0.0125443327226761
"ATX","PM","SF6","2035",0.0125443327226761
"ATX","PM","SF6","2036",0.0125443327226761
"ATX","PM","SF6","2037",0.0125443327226761
"ATX","PM","SF6","2038",0.0125443327226761
"ATX","PM","SF6","2039",0.0125443327226761
"ATX","PM","SF6","2040",0.0125443327226761
"ATX","PM","SF6","2041",0.0125443327226761
"ATX","PM","SF6","2042",0.0125443327226761
"ATX","PM","SF6","2043",0.0125443327226761
"ATX","PM","SF6","2044",0.0125443327226761
"ATX","PM","SF6","2045",0.0125443327226761
"ATX","PM","SF6","2046",0.0125443327226761
"ATX","PM","SF6","2047",0.0125443327226761
"ATX","PM","SF6","2048",0.0125443327226761
"ATX","PM","SF6","2049",0.0125443327226761
"ATX","PM","SF6","2050",0.0125443327226761
"ATX","PM","SF7","2015",0.0380635446243817
"ATX","PM","SF7","2016",0.0380635446243817
"ATX","PM","SF7","2017",0.0380635446243817
"ATX","PM","SF7","2018",0.0380635446243817
"ATX","PM","SF7","2019",0.0380635446243817
"ATX","PM","SF7","2020",0.0380635446243817
"ATX","PM","SF7","2021",0.0380635446243817
"ATX","PM","SF7","2022",0.0380635446243817
"ATX","PM","SF7","2023",0.0380635446243817
"ATX","PM","SF7","2024",0.0380635446243817
"ATX","PM","SF7","2025",0.0380635446243817
"ATX","PM","SF7","2026",0.0380635446243817
"ATX","PM","SF7","2027",0.0380635446243817
"ATX","PM","SF7","2028",0.0380635446243817
"ATX","PM","SF7","2029",0.0380635446243817
"ATX","PM","SF7","2030",0.0380635446243817
"ATX","PM","SF7","2031",0.0380635446243817
"ATX","PM","SF7","2032",0.0380635446243817
"ATX","PM","SF7","2033",0.0380635446243817
"ATX","PM","SF7","2034",0.0380635446243817
"ATX","PM","SF7","2035",0.0380635446243817
"ATX","PM","SF7","2036",0.0380635446243817
"ATX","PM","SF7","2037",0.0380635446243817
"ATX","PM","SF7","2038",0.0380635446243817
"ATX","PM","SF7","2039",0.0380635446243817
"ATX","PM","SF7","2040",0.0380635446243817
"ATX","PM","SF7","2041",0.0380635446243817
"ATX","PM","SF7","2042",0.0380635446243817
"ATX","PM","SF7","2043",0.0380635446243817
"ATX","PM","SF7","2044",0.0380635446243817
"ATX","PM","SF7","2045",0.0380635446243817
"ATX","PM","SF7","2046",0.0380635446243817
"ATX","PM","SF7","2047",0.0380635446243817
"ATX","PM","SF7","2048",0.0380635446243817
"ATX","PM","SF7","2049",0.0380635446243817
"ATX","PM","SF7","2050",0.0380635446243817
"ATX","PM","SF8","2015",0.0546324276701657
"ATX","PM","SF8","2016",0.0546324276701657
"ATX","PM","SF8","2017",0.0546324276701657
"ATX","PM","SF8","2018",0.0546324276701657
"ATX","PM","SF8","2019",0.0546324276701657
"ATX","PM","SF8","2020",0.0546324276701657
"ATX","PM","SF8","2021",0.0546324276701657
"ATX","PM","SF8","2022",0.0546324276701657
"ATX","PM","SF8","2023",0.0546324276701657
"ATX","PM","SF8","2024",0.0546324276701657
"ATX","PM","SF8","2025",0.0546324276701657
"ATX","PM","SF8","2026",0.0546324276701657
"ATX","PM","SF8","2027",0.0546324276701657
"ATX","PM","SF8","2028",0.0546324276701657
"ATX","PM","SF8","2029",0.0546324276701657
"ATX","PM","SF8","2030",0.0546324276701657
"ATX","PM","SF8","2031",0.0546324276701657
"ATX","PM","SF8","2032",0.0546324276701657
"ATX","PM","SF8","2033",0.0546324276701657
"ATX","PM","SF8","2034",0.0546324276701657
"ATX","PM","SF8","2035",0.0546324276701657
"ATX","PM","SF8","2036",0.0546324276701657
"ATX","PM","SF8","2037",0.0546324276701657
"ATX","PM","SF8","2038",0.0546324276701657
"ATX","PM","SF8","2039",0.0546324276701657
"ATX","PM","SF8","2040",0.0546324276701657
"ATX","PM","SF8","2041",0.0546324276701657
"ATX","PM","SF8","2042",0.0546324276701657
"ATX","PM","SF8","2043",0.0546324276701657
"ATX","PM","SF8","2044",0.0546324276701657
"ATX","PM","SF8","2045",0.0546324276701657
"ATX","PM","SF8","2046",0.0546324276701657
"ATX","PM","SF8","2047",0.0546324276701657
"ATX","PM","SF8","2048",0.0546324276701657
"ATX","PM","SF8","2049",0.0546324276701657
"ATX","PM","SF8","2050",0.0546324276701657
"ATX","PM","SF9","2015",0.0105229284394025
"ATX","PM","SF9","2016",0.0105229284394025
"ATX","PM","SF9","2017",0.0105229284394025
"ATX","PM","SF9","2018",0.0105229284394025
"ATX","PM","SF9","2019",0.0105229284394025
"ATX","PM","SF9","2020",0.0105229284394025
"ATX","PM","SF9","2021",0.0105229284394025
"ATX","PM","SF9","2022",0.0105229284394025
"ATX","PM","SF9","2023",0.0105229284394025
"ATX","PM","SF9","2024",0.0105229284394025
"ATX","PM","SF9","2025",0.0105229284394025
"ATX","PM","SF9","2026",0.0105229284394025
"ATX","PM","SF9","2027",0.0105229284394025
"ATX","PM","SF9","2028",0.0105229284394025
"ATX","PM","SF9","2029",0.0105229284394025
"ATX","PM","SF9","2030",0.0105229284394025
"ATX","PM","SF9","2031",0.0105229284394025
"ATX","PM","SF9","2032",0.0105229284394025
"ATX","PM","SF9","2033",0.0105229284394025
"ATX","PM","SF9","2034",0.0105229284394025
"ATX","PM","SF9","2035",0.0105229284394025
"ATX","PM","SF9","2036",0.0105229284394025
"ATX","PM","SF9","2037",0.0105229284394025
"ATX","PM","SF9","2038",0.0105229284394025
"ATX","PM","SF9","2039",0.0105229284394025
"ATX","PM","SF9","2040",0.0105229284394025
"ATX","PM","SF9","2041",0.0105229284394025
"ATX","PM","SF9","2042",0.0105229284394025
"ATX","PM","SF9","2043",0.0105229284394025
"ATX","PM","SF9","2044",0.0105229284394025
"ATX","PM","SF9","2045",0.0105229284394025
"ATX","PM","SF9","2046",0.0105229284394025
"ATX","PM","SF9","2047",0.0105229284394025
"ATX","PM","SF9","2048",0.0105229284394025
"ATX","PM","SF9","2049",0.0105229284394025
"ATX","PM","SF9","2050",0.0105229284394025
"ATX","PM","SF10","2015",0.0251543360123124
"ATX","PM","SF10","2016",0.0251543360123124
"ATX","PM","SF10","2017",0.0251543360123124
"ATX","PM","SF10","2018",0.0251543360123124
"ATX","PM","SF10","2019",0.0251543360123124
"ATX","PM","SF10","2020",0.0251543360123124
"ATX","PM","SF10","2021",0.0251543360123124
"ATX","PM","SF10","2022",0.0251543360123124
"ATX","PM","SF10","2023",0.0251543360123124
"ATX","PM","SF10","2024",0.0251543360123124
"ATX","PM","SF10","2025",0.0251543360123124
"ATX","PM","SF10","2026",0.0251543360123124
"ATX","PM","SF10","2027",0.0251543360123124
"ATX","PM","SF10","2028",0.0251543360123124
"ATX","PM","SF10","2029",0.0251543360123124
"ATX","PM","SF10","2030",0.0251543360123124
"ATX","PM","SF10","2031",0.0251543360123124
"ATX","PM","SF10","2032",0.0251543360123124
"ATX","PM","SF10","2033",0.0251543360123124
"ATX","PM","SF10","2034",0.0251543360123124
"ATX","PM","SF10","2035",0.0251543360123124
"ATX","PM","SF10","2036",0.0251543360123124
"ATX","PM","SF10","2037",0.0251543360123124
"ATX","PM","SF10","2038",0.0251543360123124
"ATX","PM","SF10","2039",0.0251543360123124
"ATX","PM","SF10","2040",0.0251543360123124
"ATX","PM","SF10","2041",0.0251543360123124
"ATX","PM","SF10","2042",0.0251543360123124
"ATX","PM","SF10","2043",0.0251543360123124
"ATX","PM","SF10","2044",0.0251543360123124
"ATX","PM","SF10","2045",0.0251543360123124
"ATX","PM","SF10","2046",0.0251543360123124
"ATX","PM","SF10","2047",0.0251543360123124
"ATX","PM","SF10","2048",0.0251543360123124
"ATX","PM","SF10","2049",0.0251543360123124
"ATX","PM","SF10","2050",0.0251543360123124
"ATX","PM","SF11","2015",0.0158938731587481
"ATX","PM","SF11","2016",0.0158938731587481
"ATX","PM","SF11","2017",0.0158938731587481
"ATX","PM","SF11","2018",0.0158938731587481
"ATX","PM","SF11","2019",0.0158938731587481
"ATX","PM","SF11","2020",0.0158938731587481
"ATX","PM","SF11","2021",0.0158938731587481
"ATX","PM","SF11","2022",0.0158938731587481
"ATX","PM","SF11","2023",0.0158938731587481
"ATX","PM","SF11","2024",0.0158938731587481
"ATX","PM","SF11","2025",0.0158938731587481
"ATX","PM","SF11","2026",0.0158938731587481
"ATX","PM","SF11","2027",0.0158938731587481
"ATX","PM","SF11","2028",0.0158938731587481
"ATX","PM","SF11","2029",0.0158938731587481
"ATX","PM","SF11","2030",0.0158938731587481
"ATX","PM","SF11","2031",0.0158938731587481
"ATX","PM","SF11","2032",0.0158938731587481
"ATX","PM","SF11","2033",0.0158938731587481
"ATX","PM","SF11","2034",0.0158938731587481
"ATX","PM","SF11","2035",0.0158938731587481
"ATX","PM","SF11","2036",0.0158938731587481
"ATX","PM","SF11","2037",0.0158938731587481
"ATX","PM","SF11","2038",0.0158938731587481
"ATX","PM","SF11","2039",0.0158938731587481
"ATX","PM","SF11","2040",0.0158938731587481
"ATX","PM","SF11","2041",0.0158938731587481
"ATX","PM","SF11","2042",0.0158938731587481
"ATX","PM","SF11","2043",0.0158938731587481
"ATX","PM","SF11","2044",0.0158938731587481
"ATX","PM","SF11","2045",0.0158938731587481
"ATX","PM","SF11","2046",0.0158938731587481
"ATX","PM","SF11","2047",0.0158938731587481
"ATX","PM","SF11","2048",0.0158938731587481
"ATX","PM","SF11","2049",0.0158938731587481
"ATX","PM","SF11","2050",0.0158938731587481
"ATX","PM","SF12","2015",0.0440912541227508
"ATX","PM","SF12","2016",0.0440912541227508
"ATX","PM","SF12","2017",0.0440912541227508
"ATX","PM","SF12","2018",0.0440912541227508
"ATX","PM","SF12","2019",0.0440912541227508
"ATX","PM","SF12","2020",0.0440912541227508
"ATX","PM","SF12","2021",0.0440912541227508
"ATX","PM","SF12","2022",0.0440912541227508
"ATX","PM","SF12","2023",0.0440912541227508
"ATX","PM","SF12","2024",0.0440912541227508
"ATX","PM","SF12","2025",0.0440912541227508
"ATX","PM","SF12","2026",0.0440912541227508
"ATX","PM","SF12","2027",0.0440912541227508
"ATX","PM","SF12","2028",0.0440912541227508
"ATX","PM","SF12","2029",0.0440912541227508
"ATX","PM","SF12","2030",0.0440912541227508
"ATX","PM","SF12","2031",0.0440912541227508
"ATX","PM","SF12","2032",0.0440912541227508
"ATX","PM","SF12","2033",0.0440912541227508
"ATX","PM","SF12","2034",0.0440912541227508
"ATX","PM","SF12","2035",0.0440912541227508
"ATX","PM","SF12","2036",0.0440912541227508
"ATX","PM","SF12","2037",0.0440912541227508
"ATX","PM","SF12","2038",0.0440912541227508
"ATX","PM","SF12","2039",0.0440912541227508
"ATX","PM","SF12","2040",0.0440912541227508
"ATX","PM","SF12","2041",0.0440912541227508
"ATX","PM","SF12","2042",0.0440912541227508
"ATX","PM","SF12","2043",0.0440912541227508
"ATX","PM","SF12","2044",0.0440912541227508
"ATX","PM","SF12","2045",0.0440912541227508
"ATX","PM","SF12","2046",0.0440912541227508
"ATX","PM","SF12","2047",0.0440912541227508
"ATX","PM","SF12","2048",0.0440912541227508
"ATX","PM","SF12","2049",0.0440912541227508
"ATX","PM","SF12","2050",0.0440912541227508
"ATX","PM","SF13","2015",0.0120043156182486
"ATX","PM","SF13","2016",0.0120043156182486
"ATX","PM","SF13","2017",0.0120043156182486
"ATX","PM","SF13","2018",0.0120043156182486
"ATX","PM","SF13","2019",0.0120043156182486
"ATX","PM","SF13","2020",0.0120043156182486
"ATX","PM","SF13","2021",0.0120043156182486
"ATX","PM","SF13","2022",0.0120043156182486
"ATX","PM","SF13","2023",0.0120043156182486
"ATX","PM","SF13","2024",0.0120043156182486
"ATX","PM","SF13","2025",0.0120043156182486
"ATX","PM","SF13","2026",0.0120043156182486
"ATX","PM","SF13","2027",0.0120043156182486
"ATX","PM","SF13","2028",0.0120043156182486
"ATX","PM","SF13","2029",0.0120043156182486
"ATX","PM","SF13","2030",0.0120043156182486
"ATX","PM","SF13","2031",0.0120043156182486
"ATX","PM","SF13","2032",0.0120043156182486
"ATX","PM","SF13","2033",0.0120043156182486
"ATX","PM","SF13","2034",0.0120043156182486
"ATX","PM","SF13","2035",0.0120043156182486
"ATX","PM","SF13","2036",0.0120043156182486
"ATX","PM","SF13","2037",0.0120043156182486
"ATX","PM","SF13","2038",0.0120043156182486
"ATX","PM","SF13","2039",0.0120043156182486
"ATX","PM","SF13","2040",0.0120043156182486
"ATX","PM","SF13","2041",0.0120043156182486
"ATX","PM","SF13","2042",0.0120043156182486
"ATX","PM","SF13","2043",0.0120043156182486
"ATX","PM","SF13","2044",0.0120043156182486
"ATX","PM","SF13","2045",0.0120043156182486
"ATX","PM","SF13","2046",0.0120043156182486
"ATX","PM","SF13","2047",0.0120043156182486
"ATX","PM","SF13","2048",0.0120043156182486
"ATX","PM","SF13","2049",0.0120043156182486
"ATX","PM","SF13","2050",0.0120043156182486
"ATX","PM","SF14","2015",0.010851314112771
"ATX","PM","SF14","2016",0.010851314112771
"ATX","PM","SF14","2017",0.010851314112771
"ATX","PM","SF14","2018",0.010851314112771
"ATX","PM","SF14","2019",0.010851314112771
"ATX","PM","SF14","2020",0.010851314112771
"ATX","PM","SF14","2021",0.010851314112771
"ATX","PM","SF14","2022",0.010851314112771
"ATX","PM","SF14","2023",0.010851314112771
"ATX","PM","SF14","2024",0.010851314112771
"ATX","PM","SF14","2025",0.010851314112771
"ATX","PM","SF14","2026",0.010851314112771
"ATX","PM","SF14","2027",0.010851314112771
"ATX","PM","SF14","2028",0.010851314112771
"ATX","PM","SF14","2029",0.010851314112771
"ATX","PM","SF14","2030",0.010851314112771
"ATX","PM","SF14","2031",0.010851314112771
"ATX","PM","SF14","2032",0.010851314112771
"ATX","PM","SF14","2033",0.010851314112771
"ATX","PM","SF14","2034",0.010851314112771
"ATX","PM","SF14","2035",0.010851314112771
"ATX","PM","SF14","2036",0.010851314112771
"ATX","PM","SF14","2037",0.010851314112771
"ATX","PM","SF14","2038",0.010851314112771
"ATX","PM","SF14","2039",0.010851314112771
"ATX","PM","SF14","2040",0.010851314112771
"ATX","PM","SF14","2041",0.010851314112771
"ATX","PM","SF14","2042",0.010851314112771
"ATX","PM","SF14","2043",0.010851314112771
"ATX","PM","SF14","2044",0.010851314112771
"ATX","PM","SF14","2045",0.010851314112771
"ATX","PM","SF14","2046",0.010851314112771
"ATX","PM","SF14","2047",0.010851314112771
"ATX","PM","SF14","2048",0.010851314112771
"ATX","PM","SF14","2049",0.010851314112771
"ATX","PM","SF14","2050",0.010851314112771
"ATX","PM","SF15","2015",0.0215201968485589
"ATX","PM","SF15","2016",0.0215201968485589
"ATX","PM","SF15","2017",0.0215201968485589
"ATX","PM","SF15","2018",0.0215201968485589
"ATX","PM","SF15","2019",0.0215201968485589
"ATX","PM","SF15","2020",0.0215201968485589
"ATX","PM","SF15","2021",0.0215201968485589
"ATX","PM","SF15","2022",0.0215201968485589
"ATX","PM","SF15","2023",0.0215201968485589
"ATX","PM","SF15","2024",0.0215201968485589
"ATX","PM","SF15","2025",0.0215201968485589
"ATX","PM","SF15","2026",0.0215201968485589
"ATX","PM","SF15","2027",0.0215201968485589
"ATX","PM","SF15","2028",0.0215201968485589
"ATX","PM","SF15","2029",0.0215201968485589
"ATX","PM","SF15","2030",0.0215201968485589
"ATX","PM","SF15","2031",0.0215201968485589
"ATX","PM","SF15","2032",0.0215201968485589
"ATX","PM","SF15","2033",0.0215201968485589
"ATX","PM","SF15","2034",0.0215201968485589
"ATX","PM","SF15","2035",0.0215201968485589
"ATX","PM","SF15","2036",0.0215201968485589
"ATX","PM","SF15","2037",0.0215201968485589
"ATX","PM","SF15","2038",0.0215201968485589
"ATX","PM","SF15","2039",0.0215201968485589
"ATX","PM","SF15","2040",0.0215201968485589
"ATX","PM","SF15","2041",0.0215201968485589
"ATX","PM","SF15","2042",0.0215201968485589
"ATX","PM","SF15","2043",0.0215201968485589
"ATX","PM","SF15","2044",0.0215201968485589
"ATX","PM","SF15","2045",0.0215201968485589
"ATX","PM","SF15","2046",0.0215201968485589
"ATX","PM","SF15","2047",0.0215201968485589
"ATX","PM","SF15","2048",0.0215201968485589
"ATX","PM","SF15","2049",0.0215201968485589
"ATX","PM","SF15","2050",0.0215201968485589
"ATX","PM","SF16","2015",0.0747077472590436
"ATX","PM","SF16","2016",0.0747077472590436
"ATX","PM","SF16","2017",0.0747077472590436
"ATX","PM","SF16","2018",0.0747077472590436
"ATX","PM","SF16","2019",0.0747077472590436
"ATX","PM","SF16","2020",0.0747077472590436
"ATX","PM","SF16","2021",0.0747077472590436
"ATX","PM","SF16","2022",0.0747077472590436
"ATX","PM","SF16","2023",0.0747077472590436
"ATX","PM","SF16","2024",0.0747077472590436
"ATX","PM","SF16","2025",0.0747077472590436
"ATX","PM","SF16","2026",0.0747077472590436
"ATX","PM","SF16","2027",0.0747077472590436
"ATX","PM","SF16","2028",0.0747077472590436
"ATX","PM","SF16","2029",0.0747077472590436
"ATX","PM","SF16","2030",0.0747077472590436
"ATX","PM","SF16","2031",0.0747077472590436
"ATX","PM","SF16","2032",0.0747077472590436
"ATX","PM","SF16","2033",0.0747077472590436
"ATX","PM","SF16","2034",0.0747077472590436
"ATX","PM","SF16","2035",0.0747077472590436
"ATX","PM","SF16","2036",0.0747077472590436
"ATX","PM","SF16","2037",0.0747077472590436
"ATX","PM","SF16","2038",0.0747077472590436
"ATX","PM","SF16","2039",0.0747077472590436
"ATX","PM","SF16","2040",0.0747077472590436
"ATX","PM","SF16","2041",0.0747077472590436
"ATX","PM","SF16","2042",0.0747077472590436
"ATX","PM","SF16","2043",0.0747077472590436
"ATX","PM","SF16","2044",0.0747077472590436
"ATX","PM","SF16","2045",0.0747077472590436
"ATX","PM","SF16","2046",0.0747077472590436
"ATX","PM","SF16","2047",0.0747077472590436
"ATX","PM","SF16","2048",0.0747077472590436
"ATX","PM","SF16","2049",0.0747077472590436
"ATX","PM","SF16","2050",0.0747077472590436
"ATX","PM","SF17","2015",0.0357867416675025
"ATX","PM","SF17","2016",0.0357867416675025
"ATX","PM","SF17","2017",0.0357867416675025
"ATX","PM","SF17","2018",0.0357867416675025
"ATX","PM","SF17","2019",0.0357867416675025
"ATX","PM","SF17","2020",0.0357867416675025
"ATX","PM","SF17","2021",0.0357867416675025
"ATX","PM","SF17","2022",0.0357867416675025
"ATX","PM","SF17","2023",0.0357867416675025
"ATX","PM","SF17","2024",0.0357867416675025
"ATX","PM","SF17","2025",0.0357867416675025
"ATX","PM","SF17","2026",0.0357867416675025
"ATX","PM","SF17","2027",0.0357867416675025
"ATX","PM","SF17","2028",0.0357867416675025
"ATX","PM","SF17","2029",0.0357867416675025
"ATX","PM","SF17","2030",0.0357867416675025
"ATX","PM","SF17","2031",0.0357867416675025
"ATX","PM","SF17","2032",0.0357867416675025
"ATX","PM","SF17","2033",0.0357867416675025
"ATX","PM","SF17","2034",0.0357867416675025
"ATX","PM","SF17","2035",0.0357867416675025
"ATX","PM","SF17","2036",0.0357867416675025
"ATX","PM","SF17","2037",0.0357867416675025
"ATX","PM","SF17","2038",0.0357867416675025
"ATX","PM","SF17","2039",0.0357867416675025
"ATX","PM","SF17","2040",0.0357867416675025
"ATX","PM","SF17","2041",0.0357867416675025
"ATX","PM","SF17","2042",0.0357867416675025
"ATX","PM","SF17","2043",0.0357867416675025
"ATX","PM","SF17","2044",0.0357867416675025
"ATX","PM","SF17","2045",0.0357867416675025
"ATX","PM","SF17","2046",0.0357867416675025
"ATX","PM","SF17","2047",0.0357867416675025
"ATX","PM","SF17","2048",0.0357867416675025
"ATX","PM","SF17","2049",0.0357867416675025
"ATX","PM","SF17","2050",0.0357867416675025
"ATX","PM","SF18","2015",0.0711502270406004
"ATX","PM","SF18","2016",0.0711502270406004
"ATX","PM","SF18","2017",0.0711502270406004
"ATX","PM","SF18","2018",0.0711502270406004
"ATX","PM","SF18","2019",0.0711502270406004
"ATX","PM","SF18","2020",0.0711502270406004
"ATX","PM","SF18","2021",0.0711502270406004
"ATX","PM","SF18","2022",0.0711502270406004
"ATX","PM","SF18","2023",0.0711502270406004
"ATX","PM","SF18","2024",0.0711502270406004
"ATX","PM","SF18","2025",0.0711502270406004
"ATX","PM","SF18","2026",0.0711502270406004
"ATX","PM","SF18","2027",0.0711502270406004
"ATX","PM","SF18","2028",0.0711502270406004
"ATX","PM","SF18","2029",0.0711502270406004
"ATX","PM","SF18","2030",0.0711502270406004
"ATX","PM","SF18","2031",0.0711502270406004
"ATX","PM","SF18","2032",0.0711502270406004
"ATX","PM","SF18","2033",0.0711502270406004
"ATX","PM","SF18","2034",0.0711502270406004
"ATX","PM","SF18","2035",0.0711502270406004
"ATX","PM","SF18","2036",0.0711502270406004
"ATX","PM","SF18","2037",0.0711502270406004
"ATX","PM","SF18","2038",0.0711502270406004
"ATX","PM","SF18","2039",0.0711502270406004
"ATX","PM","SF18","2040",0.0711502270406004
"ATX","PM","SF18","2041",0.0711502270406004
"ATX","PM","SF18","2042",0.0711502270406004
"ATX","PM","SF18","2043",0.0711502270406004
"ATX","PM","SF18","2044",0.0711502270406004
"ATX","PM","SF18","2045",0.0711502270406004
"ATX","PM","SF18","2046",0.0711502270406004
"ATX","PM","SF18","2047",0.0711502270406004
"ATX","PM","SF18","2048",0.0711502270406004
"ATX","PM","SF18","2049",0.0711502270406004
"ATX","PM","SF18","2050",0.0711502270406004
"ATX","PM","SF19","2015",0.019703140402109
"ATX","PM","SF19","2016",0.019703140402109
"ATX","PM","SF19","2017",0.019703140402109
"ATX","PM","SF19","2018",0.019703140402109
"ATX","PM","SF19","2019",0.019703140402109
"ATX","PM","SF19","2020",0.019703140402109
"ATX","PM","SF19","2021",0.019703140402109
"ATX","PM","SF19","2022",0.019703140402109
"ATX","PM","SF19","2023",0.019703140402109
"ATX","PM","SF19","2024",0.019703140402109
"ATX","PM","SF19","2025",0.019703140402109
"ATX","PM","SF19","2026",0.019703140402109
"ATX","PM","SF19","2027",0.019703140402109
"ATX","PM","SF19","2028",0.019703140402109
"ATX","PM","SF19","2029",0.019703140402109
"ATX","PM","SF19","2030",0.019703140402109
"ATX","PM","SF19","2031",0.019703140402109
"ATX","PM","SF19","2032",0.019703140402109
"ATX","PM","SF19","2033",0.019703140402109
"ATX","PM","SF19","2034",0.019703140402109
"ATX","PM","SF19","2035",0.019703140402109
"ATX","PM","SF19","2036",0.019703140402109
"ATX","PM","SF19","2037",0.019703140402109
"ATX","PM","SF19","2038",0.019703140402109
"ATX","PM","SF19","2039",0.019703140402109
"ATX","PM","SF19","2040",0.019703140402109
"ATX","PM","SF19","2041",0.019703140402109
"ATX","PM","SF19","2042",0.019703140402109
"ATX","PM","SF19","2043",0.019703140402109
"ATX","PM","SF19","2044",0.019703140402109
"ATX","PM","SF19","2045",0.019703140402109
"ATX","PM","SF19","2046",0.019703140402109
"ATX","PM","SF19","2047",0.019703140402109
"ATX","PM","SF19","2048",0.019703140402109
"ATX","PM","SF19","2049",0.019703140402109
"ATX","PM","SF19","2050",0.019703140402109
"ATX","PM","SF20","2015",0.0104426644131178
"ATX","PM","SF20","2016",0.0104426644131178
"ATX","PM","SF20","2017",0.0104426644131178
"ATX","PM","SF20","2018",0.0104426644131178
"ATX","PM","SF20","2019",0.0104426644131178
"ATX","PM","SF20","2020",0.0104426644131178
"ATX","PM","SF20","2021",0.0104426644131178
"ATX","PM","SF20","2022",0.0104426644131178
"ATX","PM","SF20","2023",0.0104426644131178
"ATX","PM","SF20","2024",0.0104426644131178
"ATX","PM","SF20","2025",0.0104426644131178
"ATX","PM","SF20","2026",0.0104426644131178
"ATX","PM","SF20","2027",0.0104426644131178
"ATX","PM","SF20","2028",0.0104426644131178
"ATX","PM","SF20","2029",0.0104426644131178
"ATX","PM","SF20","2030",0.0104426644131178
"ATX","PM","SF20","2031",0.0104426644131178
"ATX","PM","SF20","2032",0.0104426644131178
"ATX","PM","SF20","2033",0.0104426644131178
"ATX","PM","SF20","2034",0.0104426644131178
"ATX","PM","SF20","2035",0.0104426644131178
"ATX","PM","SF20","2036",0.0104426644131178
"ATX","PM","SF20","2037",0.0104426644131178
"ATX","PM","SF20","2038",0.0104426644131178
"ATX","PM","SF20","2039",0.0104426644131178
"ATX","PM","SF20","2040",0.0104426644131178
"ATX","PM","SF20","2041",0.0104426644131178
"ATX","PM","SF20","2042",0.0104426644131178
"ATX","PM","SF20","2043",0.0104426644131178
"ATX","PM","SF20","2044",0.0104426644131178
"ATX","PM","SF20","2045",0.0104426644131178
"ATX","PM","SF20","2046",0.0104426644131178
"ATX","PM","SF20","2047",0.0104426644131178
"ATX","PM","SF20","2048",0.0104426644131178
"ATX","PM","SF20","2049",0.0104426644131178
"ATX","PM","SF20","2050",0.0104426644131178
"ATX","PM","SF21","2015",0.027445745563943
"ATX","PM","SF21","2016",0.027445745563943
"ATX","PM","SF21","2017",0.027445745563943
"ATX","PM","SF21","2018",0.027445745563943
"ATX","PM","SF21","2019",0.027445745563943
"ATX","PM","SF21","2020",0.027445745563943
"ATX","PM","SF21","2021",0.027445745563943
"ATX","PM","SF21","2022",0.027445745563943
"ATX","PM","SF21","2023",0.027445745563943
"ATX","PM","SF21","2024",0.027445745563943
"ATX","PM","SF21","2025",0.027445745563943
"ATX","PM","SF21","2026",0.027445745563943
"ATX","PM","SF21","2027",0.027445745563943
"ATX","PM","SF21","2028",0.027445745563943
"ATX","PM","SF21","2029",0.027445745563943
"ATX","PM","SF21","2030",0.027445745563943
"ATX","PM","SF21","2031",0.027445745563943
"ATX","PM","SF21","2032",0.027445745563943
"ATX","PM","SF21","2033",0.027445745563943
"ATX","PM","SF21","2034",0.027445745563943
"ATX","PM","SF21","2035",0.027445745563943
"ATX","PM","SF21","2036",0.027445745563943
"ATX","PM","SF21","2037",0.027445745563943
"ATX","PM","SF21","2038",0.027445745563943
"ATX","PM","SF21","2039",0.027445745563943
"ATX","PM","SF21","2040",0.027445745563943
"ATX","PM","SF21","2041",0.027445745563943
"ATX","PM","SF21","2042",0.027445745563943
"ATX","PM","SF21","2043",0.027445745563943
"ATX","PM","SF21","2044",0.027445745563943
"ATX","PM","SF21","2045",0.027445745563943
"ATX","PM","SF21","2046",0.027445745563943
"ATX","PM","SF21","2047",0.027445745563943
"ATX","PM","SF21","2048",0.027445745563943
"ATX","PM","SF21","2049",0.027445745563943
"ATX","PM","SF21","2050",0.027445745563943
"ATX","PM","SF22","2015",0.00859640791259204
"ATX","PM","SF22","2016",0.00859640791259204
"ATX","PM","SF22","2017",0.00859640791259204
"ATX","PM","SF22","2018",0.00859640791259204
"ATX","PM","SF22","2019",0.00859640791259204
"ATX","PM","SF22","2020",0.00859640791259204
"ATX","PM","SF22","2021",0.00859640791259204
"ATX","PM","SF22","2022",0.00859640791259204
"ATX","PM","SF22","2023",0.00859640791259204
"ATX","PM","SF22","2024",0.00859640791259204
"ATX","PM","SF22","2025",0.00859640791259204
"ATX","PM","SF22","2026",0.00859640791259204
"ATX","PM","SF22","2027",0.00859640791259204
"ATX","PM","SF22","2028",0.00859640791259204
"ATX","PM","SF22","2029",0.00859640791259204
"ATX","PM","SF22","2030",0.00859640791259204
"ATX","PM","SF22","2031",0.00859640791259204
"ATX","PM","SF22","2032",0.00859640791259204
"ATX","PM","SF22","2033",0.00859640791259204
"ATX","PM","SF22","2034",0.00859640791259204
"ATX","PM","SF22","2035",0.00859640791259204
"ATX","PM","SF22","2036",0.00859640791259204
"ATX","PM","SF22","2037",0.00859640791259204
"ATX","PM","SF22","2038",0.00859640791259204
"ATX","PM","SF22","2039",0.00859640791259204
"ATX","PM","SF22","2040",0.00859640791259204
"ATX","PM","SF22","2041",0.00859640791259204
"ATX","PM","SF22","2042",0.00859640791259204
"ATX","PM","SF22","2043",0.00859640791259204
"ATX","PM","SF22","2044",0.00859640791259204
"ATX","PM","SF22","2045",0.00859640791259204
"ATX","PM","SF22","2046",0.00859640791259204
"ATX","PM","SF22","2047",0.00859640791259204
"ATX","PM","SF22","2048",0.00859640791259204
"ATX","PM","SF22","2049",0.00859640791259204
"ATX","PM","SF22","2050",0.00859640791259204
"ATX","PM","SF23","2015",0.00178057936585206
"ATX","PM","SF23","2016",0.00178057936585206
"ATX","PM","SF23","2017",0.00178057936585206
"ATX","PM","SF23","2018",0.00178057936585206
"ATX","PM","SF23","2019",0.00178057936585206
"ATX","PM","SF23","2020",0.00178057936585206
"ATX","PM","SF23","2021",0.00178057936585206
"ATX","PM","SF23","2022",0.00178057936585206
"ATX","PM","SF23","2023",0.00178057936585206
"ATX","PM","SF23","2024",0.00178057936585206
"ATX","PM","SF23","2025",0.00178057936585206
"ATX","PM","SF23","2026",0.00178057936585206
"ATX","PM","SF23","2027",0.00178057936585206
"ATX","PM","SF23","2028",0.00178057936585206
"ATX","PM","SF23","2029",0.00178057936585206
"ATX","PM","SF23","2030",0.00178057936585206
"ATX","PM","SF23","2031",0.00178057936585206
"ATX","PM","SF23","2032",0.00178057936585206
"ATX","PM","SF23","2033",0.00178057936585206
"ATX","PM","SF23","2034",0.00178057936585206
"ATX","PM","SF23","2035",0.00178057936585206
"ATX","PM","SF23","2036",0.00178057936585206
"ATX","PM","SF23","2037",0.00178057936585206
"ATX","PM","SF23","2038",0.00178057936585206
"ATX","PM","SF23","2039",0.00178057936585206
"ATX","PM","SF23","2040",0.00178057936585206
"ATX","PM","SF23","2041",0.00178057936585206
"ATX","PM","SF23","2042",0.00178057936585206
"ATX","PM","SF23","2043",0.00178057936585206
"ATX","PM","SF23","2044",0.00178057936585206
"ATX","PM","SF23","2045",0.00178057936585206
"ATX","PM","SF23","2046",0.00178057936585206
"ATX","PM","SF23","2047",0.00178057936585206
"ATX","PM","SF23","2048",0.00178057936585206
"ATX","PM","SF23","2049",0.00178057936585206
"ATX","PM","SF23","2050",0.00178057936585206
"ATX","PM","SF24","2015",0.00227680952459265
"ATX","PM","SF24","2016",0.00227680952459265
"ATX","PM","SF24","2017",0.00227680952459265
"ATX","PM","SF24","2018",0.00227680952459265
"ATX","PM","SF24","2019",0.00227680952459265
"ATX","PM","SF24","2020",0.00227680952459265
"ATX","PM","SF24","2021",0.00227680952459265
"ATX","PM","SF24","2022",0.00227680952459265
"ATX","PM","SF24","2023",0.00227680952459265
"ATX","PM","SF24","2024",0.00227680952459265
"ATX","PM","SF24","2025",0.00227680952459265
"ATX","PM","SF24","2026",0.00227680952459265
"ATX","PM","SF24","2027",0.00227680952459265
"ATX","PM","SF24","2028",0.00227680952459265
"ATX","PM","SF24","2029",0.00227680952459265
"ATX","PM","SF24","2030",0.00227680952459265
"ATX","PM","SF24","2031",0.00227680952459265
"ATX","PM","SF24","2032",0.00227680952459265
"ATX","PM","SF24","2033",0.00227680952459265
"ATX","PM","SF24","2034",0.00227680952459265
"ATX","PM","SF24","2035",0.00227680952459265
"ATX","PM","SF24","2036",0.00227680952459265
"ATX","PM","SF24","2037",0.00227680952459265
"ATX","PM","SF24","2038",0.00227680952459265
"ATX","PM","SF24","2039",0.00227680952459265
"ATX","PM","SF24","2040",0.00227680952459265
"ATX","PM","SF24","2041",0.00227680952459265
"ATX","PM","SF24","2042",0.00227680952459265
"ATX","PM","SF24","2043",0.00227680952459265
"ATX","PM","SF24","2044",0.00227680952459265
"ATX","PM","SF24","2045",0.00227680952459265
"ATX","PM","SF24","2046",0.00227680952459265
"ATX","PM","SF24","2047",0.00227680952459265
"ATX","PM","SF24","2048",0.00227680952459265
"ATX","PM","SF24","2049",0.00227680952459265
"ATX","PM","SF24","2050",0.00227680952459265
"ATX","PM","S4","2015",3.64836483112386E-6
"ATX","PM","S4","2016",3.64836483112386E-6
"ATX","PM","S4","2017",3.64836483112386E-6
"ATX","PM","S4","2018",3.64836483112386E-6
"ATX","PM","S4","2019",3.64836483112386E-6
"ATX","PM","S4","2020",3.64836483112386E-6
"ATX","PM","S4","2021",3.64836483112386E-6
"ATX","PM","S4","2022",3.64836483112386E-6
"ATX","PM","S4","2023",3.64836483112386E-6
"ATX","PM","S4","2024",3.64836483112386E-6
"ATX","PM","S4","2025",3.64836483112386E-6
"ATX","PM","S4","2026",3.64836483112386E-6
"ATX","PM","S4","2027",3.64836483112386E-6
"ATX","PM","S4","2028",3.64836483112386E-6
"ATX","PM","S4","2029",3.64836483112386E-6
"ATX","PM","S4","2030",3.64836483112386E-6
"ATX","PM","S4","2031",3.64836483112386E-6
"ATX","PM","S4","2032",3.64836483112386E-6
"ATX","PM","S4","2033",3.64836483112386E-6
"ATX","PM","S4","2034",3.64836483112386E-6
"ATX","PM","S4","2035",3.64836483112386E-6
"ATX","PM","S4","2036",3.64836483112386E-6
"ATX","PM","S4","2037",3.64836483112386E-6
"ATX","PM","S4","2038",3.64836483112386E-6
"ATX","PM","S4","2039",3.64836483112386E-6
"ATX","PM","S4","2040",3.64836483112386E-6
"ATX","PM","S4","2041",3.64836483112386E-6
"ATX","PM","S4","2042",3.64836483112386E-6
"ATX","PM","S4","2043",3.64836483112386E-6
"ATX","PM","S4","2044",3.64836483112386E-6
"ATX","PM","S4","2045",3.64836483112386E-6
"ATX","PM","S4","2046",3.64836483112386E-6
"ATX","PM","S4","2047",3.64836483112386E-6
"ATX","PM","S4","2048",3.64836483112386E-6
"ATX","PM","S4","2049",3.64836483112386E-6
"ATX","PM","S4","2050",3.64836483112386E-6
"ATX","PM","S5","2015",0.00141205839548448
"ATX","PM","S5","2016",0.00141205839548448
"ATX","PM","S5","2017",0.00141205839548448
"ATX","PM","S5","2018",0.00141205839548448
"ATX","PM","S5","2019",0.00141205839548448
"ATX","PM","S5","2020",0.00141205839548448
"ATX","PM","S5","2021",0.00141205839548448
"ATX","PM","S5","2022",0.00141205839548448
"ATX","PM","S5","2023",0.00141205839548448
"ATX","PM","S5","2024",0.00141205839548448
"ATX","PM","S5","2025",0.00141205839548448
"ATX","PM","S5","2026",0.00141205839548448
"ATX","PM","S5","2027",0.00141205839548448
"ATX","PM","S5","2028",0.00141205839548448
"ATX","PM","S5","2029",0.00141205839548448
"ATX","PM","S5","2030",0.00141205839548448
"ATX","PM","S5","2031",0.00141205839548448
"ATX","PM","S5","2032",0.00141205839548448
"ATX","PM","S5","2033",0.00141205839548448
"ATX","PM","S5","2034",0.00141205839548448
"ATX","PM","S5","2035",0.00141205839548448
"ATX","PM","S5","2036",0.00141205839548448
"ATX","PM","S5","2037",0.00141205839548448
"ATX","PM","S5","2038",0.00141205839548448
"ATX","PM","S5","2039",0.00141205839548448
"ATX","PM","S5","2040",0.00141205839548448
"ATX","PM","S5","2041",0.00141205839548448
"ATX","PM","S5","2042",0.00141205839548448
"ATX","PM","S5","2043",0.00141205839548448
"ATX","PM","S5","2044",0.00141205839548448
"ATX","PM","S5","2045",0.00141205839548448
"ATX","PM","S5","2046",0.00141205839548448
"ATX","PM","S5","2047",0.00141205839548448
"ATX","PM","S5","2048",0.00141205839548448
"ATX","PM","S5","2049",0.00141205839548448
"ATX","PM","S5","2050",0.00141205839548448
"ATX","PM","S6","2015",0.00627216636133805
"ATX","PM","S6","2016",0.00627216636133805
"ATX","PM","S6","2017",0.00627216636133805
"ATX","PM","S6","2018",0.00627216636133805
"ATX","PM","S6","2019",0.00627216636133805
"ATX","PM","S6","2020",0.00627216636133805
"ATX","PM","S6","2021",0.00627216636133805
"ATX","PM","S6","2022",0.00627216636133805
"ATX","PM","S6","2023",0.00627216636133805
"ATX","PM","S6","2024",0.00627216636133805
"ATX","PM","S6","2025",0.00627216636133805
"ATX","PM","S6","2026",0.00627216636133805
"ATX","PM","S6","2027",0.00627216636133805
"ATX","PM","S6","2028",0.00627216636133805
"ATX","PM","S6","2029",0.00627216636133805
"ATX","PM","S6","2030",0.00627216636133805
"ATX","PM","S6","2031",0.00627216636133805
"ATX","PM","S6","2032",0.00627216636133805
"ATX","PM","S6","2033",0.00627216636133805
"ATX","PM","S6","2034",0.00627216636133805
"ATX","PM","S6","2035",0.00627216636133805
"ATX","PM","S6","2036",0.00627216636133805
"ATX","PM","S6","2037",0.00627216636133805
"ATX","PM","S6","2038",0.00627216636133805
"ATX","PM","S6","2039",0.00627216636133805
"ATX","PM","S6","2040",0.00627216636133805
"ATX","PM","S6","2041",0.00627216636133805
"ATX","PM","S6","2042",0.00627216636133805
"ATX","PM","S6","2043",0.00627216636133805
"ATX","PM","S6","2044",0.00627216636133805
"ATX","PM","S6","2045",0.00627216636133805
"ATX","PM","S6","2046",0.00627216636133805
"ATX","PM","S6","2047",0.00627216636133805
"ATX","PM","S6","2048",0.00627216636133805
"ATX","PM","S6","2049",0.00627216636133805
"ATX","PM","S6","2050",0.00627216636133805
"ATX","PM","S7","2015",0.0190317723121908
"ATX","PM","S7","2016",0.0190317723121908
"ATX","PM","S7","2017",0.0190317723121908
"ATX","PM","S7","2018",0.0190317723121908
"ATX","PM","S7","2019",0.0190317723121908
"ATX","PM","S7","2020",0.0190317723121908
"ATX","PM","S7","2021",0.0190317723121908
"ATX","PM","S7","2022",0.0190317723121908
"ATX","PM","S7","2023",0.0190317723121908
"ATX","PM","S7","2024",0.0190317723121908
"ATX","PM","S7","2025",0.0190317723121908
"ATX","PM","S7","2026",0.0190317723121908
"ATX","PM","S7","2027",0.0190317723121908
"ATX","PM","S7","2028",0.0190317723121908
"ATX","PM","S7","2029",0.0190317723121908
"ATX","PM","S7","2030",0.0190317723121908
"ATX","PM","S7","2031",0.0190317723121908
"ATX","PM","S7","2032",0.0190317723121908
"ATX","PM","S7","2033",0.0190317723121908
"ATX","PM","S7","2034",0.0190317723121908
"ATX","PM","S7","2035",0.0190317723121908
"ATX","PM","S7","2036",0.0190317723121908
"ATX","PM","S7","2037",0.0190317723121908
"ATX","PM","S7","2038",0.0190317723121908
"ATX","PM","S7","2039",0.0190317723121908
"ATX","PM","S7","2040",0.0190317723121908
"ATX","PM","S7","2041",0.0190317723121908
"ATX","PM","S7","2042",0.0190317723121908
"ATX","PM","S7","2043",0.0190317723121908
"ATX","PM","S7","2044",0.0190317723121908
"ATX","PM","S7","2045",0.0190317723121908
"ATX","PM","S7","2046",0.0190317723121908
"ATX","PM","S7","2047",0.0190317723121908
"ATX","PM","S7","2048",0.0190317723121908
"ATX","PM","S7","2049",0.0190317723121908
"ATX","PM","S7","2050",0.0190317723121908
"ATX","PM","S8","2015",0.0273162138350828
"ATX","PM","S8","2016",0.0273162138350828
"ATX","PM","S8","2017",0.0273162138350828
"ATX","PM","S8","2018",0.0273162138350828
"ATX","PM","S8","2019",0.0273162138350828
"ATX","PM","S8","2020",0.0273162138350828
"ATX","PM","S8","2021",0.0273162138350828
"ATX","PM","S8","2022",0.0273162138350828
"ATX","PM","S8","2023",0.0273162138350828
"ATX","PM","S8","2024",0.0273162138350828
"ATX","PM","S8","2025",0.0273162138350828
"ATX","PM","S8","2026",0.0273162138350828
"ATX","PM","S8","2027",0.0273162138350828
"ATX","PM","S8","2028",0.0273162138350828
"ATX","PM","S8","2029",0.0273162138350828
"ATX","PM","S8","2030",0.0273162138350828
"ATX","PM","S8","2031",0.0273162138350828
"ATX","PM","S8","2032",0.0273162138350828
"ATX","PM","S8","2033",0.0273162138350828
"ATX","PM","S8","2034",0.0273162138350828
"ATX","PM","S8","2035",0.0273162138350828
"ATX","PM","S8","2036",0.0273162138350828
"ATX","PM","S8","2037",0.0273162138350828
"ATX","PM","S8","2038",0.0273162138350828
"ATX","PM","S8","2039",0.0273162138350828
"ATX","PM","S8","2040",0.0273162138350828
"ATX","PM","S8","2041",0.0273162138350828
"ATX","PM","S8","2042",0.0273162138350828
"ATX","PM","S8","2043",0.0273162138350828
"ATX","PM","S8","2044",0.0273162138350828
"ATX","PM","S8","2045",0.0273162138350828
"ATX","PM","S8","2046",0.0273162138350828
"ATX","PM","S8","2047",0.0273162138350828
"ATX","PM","S8","2048",0.0273162138350828
"ATX","PM","S8","2049",0.0273162138350828
"ATX","PM","S8","2050",0.0273162138350828
"ATX","PM","S9","2015",0.00526146421970126
"ATX","PM","S9","2016",0.00526146421970126
"ATX","PM","S9","2017",0.00526146421970126
"ATX","PM","S9","2018",0.00526146421970126
"ATX","PM","S9","2019",0.00526146421970126
"ATX","PM","S9","2020",0.00526146421970126
"ATX","PM","S9","2021",0.00526146421970126
"ATX","PM","S9","2022",0.00526146421970126
"ATX","PM","S9","2023",0.00526146421970126
"ATX","PM","S9","2024",0.00526146421970126
"ATX","PM","S9","2025",0.00526146421970126
"ATX","PM","S9","2026",0.00526146421970126
"ATX","PM","S9","2027",0.00526146421970126
"ATX","PM","S9","2028",0.00526146421970126
"ATX","PM","S9","2029",0.00526146421970126
"ATX","PM","S9","2030",0.00526146421970126
"ATX","PM","S9","2031",0.00526146421970126
"ATX","PM","S9","2032",0.00526146421970126
"ATX","PM","S9","2033",0.00526146421970126
"ATX","PM","S9","2034",0.00526146421970126
"ATX","PM","S9","2035",0.00526146421970126
"ATX","PM","S9","2036",0.00526146421970126
"ATX","PM","S9","2037",0.00526146421970126
"ATX","PM","S9","2038",0.00526146421970126
"ATX","PM","S9","2039",0.00526146421970126
"ATX","PM","S9","2040",0.00526146421970126
"ATX","PM","S9","2041",0.00526146421970126
"ATX","PM","S9","2042",0.00526146421970126
"ATX","PM","S9","2043",0.00526146421970126
"ATX","PM","S9","2044",0.00526146421970126
"ATX","PM","S9","2045",0.00526146421970126
"ATX","PM","S9","2046",0.00526146421970126
"ATX","PM","S9","2047",0.00526146421970126
"ATX","PM","S9","2048",0.00526146421970126
"ATX","PM","S9","2049",0.00526146421970126
"ATX","PM","S9","2050",0.00526146421970126
"ATX","PM","S10","2015",0.0125771680061562
"ATX","PM","S10","2016",0.0125771680061562
"ATX","PM","S10","2017",0.0125771680061562
"ATX","PM","S10","2018",0.0125771680061562
"ATX","PM","S10","2019",0.0125771680061562
"ATX","PM","S10","2020",0.0125771680061562
"ATX","PM","S10","2021",0.0125771680061562
"ATX","PM","S10","2022",0.0125771680061562
"ATX","PM","S10","2023",0.0125771680061562
"ATX","PM","S10","2024",0.0125771680061562
"ATX","PM","S10","2025",0.0125771680061562
"ATX","PM","S10","2026",0.0125771680061562
"ATX","PM","S10","2027",0.0125771680061562
"ATX","PM","S10","2028",0.0125771680061562
"ATX","PM","S10","2029",0.0125771680061562
"ATX","PM","S10","2030",0.0125771680061562
"ATX","PM","S10","2031",0.0125771680061562
"ATX","PM","S10","2032",0.0125771680061562
"ATX","PM","S10","2033",0.0125771680061562
"ATX","PM","S10","2034",0.0125771680061562
"ATX","PM","S10","2035",0.0125771680061562
"ATX","PM","S10","2036",0.0125771680061562
"ATX","PM","S10","2037",0.0125771680061562
"ATX","PM","S10","2038",0.0125771680061562
"ATX","PM","S10","2039",0.0125771680061562
"ATX","PM","S10","2040",0.0125771680061562
"ATX","PM","S10","2041",0.0125771680061562
"ATX","PM","S10","2042",0.0125771680061562
"ATX","PM","S10","2043",0.0125771680061562
"ATX","PM","S10","2044",0.0125771680061562
"ATX","PM","S10","2045",0.0125771680061562
"ATX","PM","S10","2046",0.0125771680061562
"ATX","PM","S10","2047",0.0125771680061562
"ATX","PM","S10","2048",0.0125771680061562
"ATX","PM","S10","2049",0.0125771680061562
"ATX","PM","S10","2050",0.0125771680061562
"ATX","PM","S11","2015",0.00794693657937405
"ATX","PM","S11","2016",0.00794693657937405
"ATX","PM","S11","2017",0.00794693657937405
"ATX","PM","S11","2018",0.00794693657937405
"ATX","PM","S11","2019",0.00794693657937405
"ATX","PM","S11","2020",0.00794693657937405
"ATX","PM","S11","2021",0.00794693657937405
"ATX","PM","S11","2022",0.00794693657937405
"ATX","PM","S11","2023",0.00794693657937405
"ATX","PM","S11","2024",0.00794693657937405
"ATX","PM","S11","2025",0.00794693657937405
"ATX","PM","S11","2026",0.00794693657937405
"ATX","PM","S11","2027",0.00794693657937405
"ATX","PM","S11","2028",0.00794693657937405
"ATX","PM","S11","2029",0.00794693657937405
"ATX","PM","S11","2030",0.00794693657937405
"ATX","PM","S11","2031",0.00794693657937405
"ATX","PM","S11","2032",0.00794693657937405
"ATX","PM","S11","2033",0.00794693657937405
"ATX","PM","S11","2034",0.00794693657937405
"ATX","PM","S11","2035",0.00794693657937405
"ATX","PM","S11","2036",0.00794693657937405
"ATX","PM","S11","2037",0.00794693657937405
"ATX","PM","S11","2038",0.00794693657937405
"ATX","PM","S11","2039",0.00794693657937405
"ATX","PM","S11","2040",0.00794693657937405
"ATX","PM","S11","2041",0.00794693657937405
"ATX","PM","S11","2042",0.00794693657937405
"ATX","PM","S11","2043",0.00794693657937405
"ATX","PM","S11","2044",0.00794693657937405
"ATX","PM","S11","2045",0.00794693657937405
"ATX","PM","S11","2046",0.00794693657937405
"ATX","PM","S11","2047",0.00794693657937405
"ATX","PM","S11","2048",0.00794693657937405
"ATX","PM","S11","2049",0.00794693657937405
"ATX","PM","S11","2050",0.00794693657937405
"ATX","PM","S12","2015",0.0220456270613754
"ATX","PM","S12","2016",0.0220456270613754
"ATX","PM","S12","2017",0.0220456270613754
"ATX","PM","S12","2018",0.0220456270613754
"ATX","PM","S12","2019",0.0220456270613754
"ATX","PM","S12","2020",0.0220456270613754
"ATX","PM","S12","2021",0.0220456270613754
"ATX","PM","S12","2022",0.0220456270613754
"ATX","PM","S12","2023",0.0220456270613754
"ATX","PM","S12","2024",0.0220456270613754
"ATX","PM","S12","2025",0.0220456270613754
"ATX","PM","S12","2026",0.0220456270613754
"ATX","PM","S12","2027",0.0220456270613754
"ATX","PM","S12","2028",0.0220456270613754
"ATX","PM","S12","2029",0.0220456270613754
"ATX","PM","S12","2030",0.0220456270613754
"ATX","PM","S12","2031",0.0220456270613754
"ATX","PM","S12","2032",0.0220456270613754
"ATX","PM","S12","2033",0.0220456270613754
"ATX","PM","S12","2034",0.0220456270613754
"ATX","PM","S12","2035",0.0220456270613754
"ATX","PM","S12","2036",0.0220456270613754
"ATX","PM","S12","2037",0.0220456270613754
"ATX","PM","S12","2038",0.0220456270613754
"ATX","PM","S12","2039",0.0220456270613754
"ATX","PM","S12","2040",0.0220456270613754
"ATX","PM","S12","2041",0.0220456270613754
"ATX","PM","S12","2042",0.0220456270613754
"ATX","PM","S12","2043",0.0220456270613754
"ATX","PM","S12","2044",0.0220456270613754
"ATX","PM","S12","2045",0.0220456270613754
"ATX","PM","S12","2046",0.0220456270613754
"ATX","PM","S12","2047",0.0220456270613754
"ATX","PM","S12","2048",0.0220456270613754
"ATX","PM","S12","2049",0.0220456270613754
"ATX","PM","S12","2050",0.0220456270613754
"ATX","PM","S13","2015",0.00600215780912428
"ATX","PM","S13","2016",0.00600215780912428
"ATX","PM","S13","2017",0.00600215780912428
"ATX","PM","S13","2018",0.00600215780912428
"ATX","PM","S13","2019",0.00600215780912428
"ATX","PM","S13","2020",0.00600215780912428
"ATX","PM","S13","2021",0.00600215780912428
"ATX","PM","S13","2022",0.00600215780912428
"ATX","PM","S13","2023",0.00600215780912428
"ATX","PM","S13","2024",0.00600215780912428
"ATX","PM","S13","2025",0.00600215780912428
"ATX","PM","S13","2026",0.00600215780912428
"ATX","PM","S13","2027",0.00600215780912428
"ATX","PM","S13","2028",0.00600215780912428
"ATX","PM","S13","2029",0.00600215780912428
"ATX","PM","S13","2030",0.00600215780912428
"ATX","PM","S13","2031",0.00600215780912428
"ATX","PM","S13","2032",0.00600215780912428
"ATX","PM","S13","2033",0.00600215780912428
"ATX","PM","S13","2034",0.00600215780912428
"ATX","PM","S13","2035",0.00600215780912428
"ATX","PM","S13","2036",0.00600215780912428
"ATX","PM","S13","2037",0.00600215780912428
"ATX","PM","S13","2038",0.00600215780912428
"ATX","PM","S13","2039",0.00600215780912428
"ATX","PM","S13","2040",0.00600215780912428
"ATX","PM","S13","2041",0.00600215780912428
"ATX","PM","S13","2042",0.00600215780912428
"ATX","PM","S13","2043",0.00600215780912428
"ATX","PM","S13","2044",0.00600215780912428
"ATX","PM","S13","2045",0.00600215780912428
"ATX","PM","S13","2046",0.00600215780912428
"ATX","PM","S13","2047",0.00600215780912428
"ATX","PM","S13","2048",0.00600215780912428
"ATX","PM","S13","2049",0.00600215780912428
"ATX","PM","S13","2050",0.00600215780912428
"ATX","PM","S14","2015",0.0054256570563855
"ATX","PM","S14","2016",0.0054256570563855
"ATX","PM","S14","2017",0.0054256570563855
"ATX","PM","S14","2018",0.0054256570563855
"ATX","PM","S14","2019",0.0054256570563855
"ATX","PM","S14","2020",0.0054256570563855
"ATX","PM","S14","2021",0.0054256570563855
"ATX","PM","S14","2022",0.0054256570563855
"ATX","PM","S14","2023",0.0054256570563855
"ATX","PM","S14","2024",0.0054256570563855
"ATX","PM","S14","2025",0.0054256570563855
"ATX","PM","S14","2026",0.0054256570563855
"ATX","PM","S14","2027",0.0054256570563855
"ATX","PM","S14","2028",0.0054256570563855
"ATX","PM","S14","2029",0.0054256570563855
"ATX","PM","S14","2030",0.0054256570563855
"ATX","PM","S14","2031",0.0054256570563855
"ATX","PM","S14","2032",0.0054256570563855
"ATX","PM","S14","2033",0.0054256570563855
"ATX","PM","S14","2034",0.0054256570563855
"ATX","PM","S14","2035",0.0054256570563855
"ATX","PM","S14","2036",0.0054256570563855
"ATX","PM","S14","2037",0.0054256570563855
"ATX","PM","S14","2038",0.0054256570563855
"ATX","PM","S14","2039",0.0054256570563855
"ATX","PM","S14","2040",0.0054256570563855
"ATX","PM","S14","2041",0.0054256570563855
"ATX","PM","S14","2042",0.0054256570563855
"ATX","PM","S14","2043",0.0054256570563855
"ATX","PM","S14","2044",0.0054256570563855
"ATX","PM","S14","2045",0.0054256570563855
"ATX","PM","S14","2046",0.0054256570563855
"ATX","PM","S14","2047",0.0054256570563855
"ATX","PM","S14","2048",0.0054256570563855
"ATX","PM","S14","2049",0.0054256570563855
"ATX","PM","S14","2050",0.0054256570563855
"ATX","PM","S15","2015",0.0107600984242794
"ATX","PM","S15","2016",0.0107600984242794
"ATX","PM","S15","2017",0.0107600984242794
"ATX","PM","S15","2018",0.0107600984242794
"ATX","PM","S15","2019",0.0107600984242794
"ATX","PM","S15","2020",0.0107600984242794
"ATX","PM","S15","2021",0.0107600984242794
"ATX","PM","S15","2022",0.0107600984242794
"ATX","PM","S15","2023",0.0107600984242794
"ATX","PM","S15","2024",0.0107600984242794
"ATX","PM","S15","2025",0.0107600984242794
"ATX","PM","S15","2026",0.0107600984242794
"ATX","PM","S15","2027",0.0107600984242794
"ATX","PM","S15","2028",0.0107600984242794
"ATX","PM","S15","2029",0.0107600984242794
"ATX","PM","S15","2030",0.0107600984242794
"ATX","PM","S15","2031",0.0107600984242794
"ATX","PM","S15","2032",0.0107600984242794
"ATX","PM","S15","2033",0.0107600984242794
"ATX","PM","S15","2034",0.0107600984242794
"ATX","PM","S15","2035",0.0107600984242794
"ATX","PM","S15","2036",0.0107600984242794
"ATX","PM","S15","2037",0.0107600984242794
"ATX","PM","S15","2038",0.0107600984242794
"ATX","PM","S15","2039",0.0107600984242794
"ATX","PM","S15","2040",0.0107600984242794
"ATX","PM","S15","2041",0.0107600984242794
"ATX","PM","S15","2042",0.0107600984242794
"ATX","PM","S15","2043",0.0107600984242794
"ATX","PM","S15","2044",0.0107600984242794
"ATX","PM","S15","2045",0.0107600984242794
"ATX","PM","S15","2046",0.0107600984242794
"ATX","PM","S15","2047",0.0107600984242794
"ATX","PM","S15","2048",0.0107600984242794
"ATX","PM","S15","2049",0.0107600984242794
"ATX","PM","S15","2050",0.0107600984242794
"ATX","PM","S16","2015",0.0373538736295218
"ATX","PM","S16","2016",0.0373538736295218
"ATX","PM","S16","2017",0.0373538736295218
"ATX","PM","S16","2018",0.0373538736295218
"ATX","PM","S16","2019",0.0373538736295218
"ATX","PM","S16","2020",0.0373538736295218
"ATX","PM","S16","2021",0.0373538736295218
"ATX","PM","S16","2022",0.0373538736295218
"ATX","PM","S16","2023",0.0373538736295218
"ATX","PM","S16","2024",0.0373538736295218
"ATX","PM","S16","2025",0.0373538736295218
"ATX","PM","S16","2026",0.0373538736295218
"ATX","PM","S16","2027",0.0373538736295218
"ATX","PM","S16","2028",0.0373538736295218
"ATX","PM","S16","2029",0.0373538736295218
"ATX","PM","S16","2030",0.0373538736295218
"ATX","PM","S16","2031",0.0373538736295218
"ATX","PM","S16","2032",0.0373538736295218
"ATX","PM","S16","2033",0.0373538736295218
"ATX","PM","S16","2034",0.0373538736295218
"ATX","PM","S16","2035",0.0373538736295218
"ATX","PM","S16","2036",0.0373538736295218
"ATX","PM","S16","2037",0.0373538736295218
"ATX","PM","S16","2038",0.0373538736295218
"ATX","PM","S16","2039",0.0373538736295218
"ATX","PM","S16","2040",0.0373538736295218
"ATX","PM","S16","2041",0.0373538736295218
"ATX","PM","S16","2042",0.0373538736295218
"ATX","PM","S16","2043",0.0373538736295218
"ATX","PM","S16","2044",0.0373538736295218
"ATX","PM","S16","2045",0.0373538736295218
"ATX","PM","S16","2046",0.0373538736295218
"ATX","PM","S16","2047",0.0373538736295218
"ATX","PM","S16","2048",0.0373538736295218
"ATX","PM","S16","2049",0.0373538736295218
"ATX","PM","S16","2050",0.0373538736295218
"ATX","PM","S17","2015",0.0178933708337513
"ATX","PM","S17","2016",0.0178933708337513
"ATX","PM","S17","2017",0.0178933708337513
"ATX","PM","S17","2018",0.0178933708337513
"ATX","PM","S17","2019",0.0178933708337513
"ATX","PM","S17","2020",0.0178933708337513
"ATX","PM","S17","2021",0.0178933708337513
"ATX","PM","S17","2022",0.0178933708337513
"ATX","PM","S17","2023",0.0178933708337513
"ATX","PM","S17","2024",0.0178933708337513
"ATX","PM","S17","2025",0.0178933708337513
"ATX","PM","S17","2026",0.0178933708337513
"ATX","PM","S17","2027",0.0178933708337513
"ATX","PM","S17","2028",0.0178933708337513
"ATX","PM","S17","2029",0.0178933708337513
"ATX","PM","S17","2030",0.0178933708337513
"ATX","PM","S17","2031",0.0178933708337513
"ATX","PM","S17","2032",0.0178933708337513
"ATX","PM","S17","2033",0.0178933708337513
"ATX","PM","S17","2034",0.0178933708337513
"ATX","PM","S17","2035",0.0178933708337513
"ATX","PM","S17","2036",0.0178933708337513
"ATX","PM","S17","2037",0.0178933708337513
"ATX","PM","S17","2038",0.0178933708337513
"ATX","PM","S17","2039",0.0178933708337513
"ATX","PM","S17","2040",0.0178933708337513
"ATX","PM","S17","2041",0.0178933708337513
"ATX","PM","S17","2042",0.0178933708337513
"ATX","PM","S17","2043",0.0178933708337513
"ATX","PM","S17","2044",0.0178933708337513
"ATX","PM","S17","2045",0.0178933708337513
"ATX","PM","S17","2046",0.0178933708337513
"ATX","PM","S17","2047",0.0178933708337513
"ATX","PM","S17","2048",0.0178933708337513
"ATX","PM","S17","2049",0.0178933708337513
"ATX","PM","S17","2050",0.0178933708337513
"ATX","PM","S18","2015",0.0355751135203002
"ATX","PM","S18","2016",0.0355751135203002
"ATX","PM","S18","2017",0.0355751135203002
"ATX","PM","S18","2018",0.0355751135203002
"ATX","PM","S18","2019",0.0355751135203002
"ATX","PM","S18","2020",0.0355751135203002
"ATX","PM","S18","2021",0.0355751135203002
"ATX","PM","S18","2022",0.0355751135203002
"ATX","PM","S18","2023",0.0355751135203002
"ATX","PM","S18","2024",0.0355751135203002
"ATX","PM","S18","2025",0.0355751135203002
"ATX","PM","S18","2026",0.0355751135203002
"ATX","PM","S18","2027",0.0355751135203002
"ATX","PM","S18","2028",0.0355751135203002
"ATX","PM","S18","2029",0.0355751135203002
"ATX","PM","S18","2030",0.0355751135203002
"ATX","PM","S18","2031",0.0355751135203002
"ATX","PM","S18","2032",0.0355751135203002
"ATX","PM","S18","2033",0.0355751135203002
"ATX","PM","S18","2034",0.0355751135203002
"ATX","PM","S18","2035",0.0355751135203002
"ATX","PM","S18","2036",0.0355751135203002
"ATX","PM","S18","2037",0.0355751135203002
"ATX","PM","S18","2038",0.0355751135203002
"ATX","PM","S18","2039",0.0355751135203002
"ATX","PM","S18","2040",0.0355751135203002
"ATX","PM","S18","2041",0.0355751135203002
"ATX","PM","S18","2042",0.0355751135203002
"ATX","PM","S18","2043",0.0355751135203002
"ATX","PM","S18","2044",0.0355751135203002
"ATX","PM","S18","2045",0.0355751135203002
"ATX","PM","S18","2046",0.0355751135203002
"ATX","PM","S18","2047",0.0355751135203002
"ATX","PM","S18","2048",0.0355751135203002
"ATX","PM","S18","2049",0.0355751135203002
"ATX","PM","S18","2050",0.0355751135203002
"ATX","PM","S19","2015",0.00985157020105452
"ATX","PM","S19","2016",0.00985157020105452
"ATX","PM","S19","2017",0.00985157020105452
"ATX","PM","S19","2018",0.00985157020105452
"ATX","PM","S19","2019",0.00985157020105452
"ATX","PM","S19","2020",0.00985157020105452
"ATX","PM","S19","2021",0.00985157020105452
"ATX","PM","S19","2022",0.00985157020105452
"ATX","PM","S19","2023",0.00985157020105452
"ATX","PM","S19","2024",0.00985157020105452
"ATX","PM","S19","2025",0.00985157020105452
"ATX","PM","S19","2026",0.00985157020105452
"ATX","PM","S19","2027",0.00985157020105452
"ATX","PM","S19","2028",0.00985157020105452
"ATX","PM","S19","2029",0.00985157020105452
"ATX","PM","S19","2030",0.00985157020105452
"ATX","PM","S19","2031",0.00985157020105452
"ATX","PM","S19","2032",0.00985157020105452
"ATX","PM","S19","2033",0.00985157020105452
"ATX","PM","S19","2034",0.00985157020105452
"ATX","PM","S19","2035",0.00985157020105452
"ATX","PM","S19","2036",0.00985157020105452
"ATX","PM","S19","2037",0.00985157020105452
"ATX","PM","S19","2038",0.00985157020105452
"ATX","PM","S19","2039",0.00985157020105452
"ATX","PM","S19","2040",0.00985157020105452
"ATX","PM","S19","2041",0.00985157020105452
"ATX","PM","S19","2042",0.00985157020105452
"ATX","PM","S19","2043",0.00985157020105452
"ATX","PM","S19","2044",0.00985157020105452
"ATX","PM","S19","2045",0.00985157020105452
"ATX","PM","S19","2046",0.00985157020105452
"ATX","PM","S19","2047",0.00985157020105452
"ATX","PM","S19","2048",0.00985157020105452
"ATX","PM","S19","2049",0.00985157020105452
"ATX","PM","S19","2050",0.00985157020105452
"ATX","PM","S20","2015",0.0052213322065589
"ATX","PM","S20","2016",0.0052213322065589
"ATX","PM","S20","2017",0.0052213322065589
"ATX","PM","S20","2018",0.0052213322065589
"ATX","PM","S20","2019",0.0052213322065589
"ATX","PM","S20","2020",0.0052213322065589
"ATX","PM","S20","2021",0.0052213322065589
"ATX","PM","S20","2022",0.0052213322065589
"ATX","PM","S20","2023",0.0052213322065589
"ATX","PM","S20","2024",0.0052213322065589
"ATX","PM","S20","2025",0.0052213322065589
"ATX","PM","S20","2026",0.0052213322065589
"ATX","PM","S20","2027",0.0052213322065589
"ATX","PM","S20","2028",0.0052213322065589
"ATX","PM","S20","2029",0.0052213322065589
"ATX","PM","S20","2030",0.0052213322065589
"ATX","PM","S20","2031",0.0052213322065589
"ATX","PM","S20","2032",0.0052213322065589
"ATX","PM","S20","2033",0.0052213322065589
"ATX","PM","S20","2034",0.0052213322065589
"ATX","PM","S20","2035",0.0052213322065589
"ATX","PM","S20","2036",0.0052213322065589
"ATX","PM","S20","2037",0.0052213322065589
"ATX","PM","S20","2038",0.0052213322065589
"ATX","PM","S20","2039",0.0052213322065589
"ATX","PM","S20","2040",0.0052213322065589
"ATX","PM","S20","2041",0.0052213322065589
"ATX","PM","S20","2042",0.0052213322065589
"ATX","PM","S20","2043",0.0052213322065589
"ATX","PM","S20","2044",0.0052213322065589
"ATX","PM","S20","2045",0.0052213322065589
"ATX","PM","S20","2046",0.0052213322065589
"ATX","PM","S20","2047",0.0052213322065589
"ATX","PM","S20","2048",0.0052213322065589
"ATX","PM","S20","2049",0.0052213322065589
"ATX","PM","S20","2050",0.0052213322065589
"ATX","PM","S21","2015",0.0137228727819715
"ATX","PM","S21","2016",0.0137228727819715
"ATX","PM","S21","2017",0.0137228727819715
"ATX","PM","S21","2018",0.0137228727819715
"ATX","PM","S21","2019",0.0137228727819715
"ATX","PM","S21","2020",0.0137228727819715
"ATX","PM","S21","2021",0.0137228727819715
"ATX","PM","S21","2022",0.0137228727819715
"ATX","PM","S21","2023",0.0137228727819715
"ATX","PM","S21","2024",0.0137228727819715
"ATX","PM","S21","2025",0.0137228727819715
"ATX","PM","S21","2026",0.0137228727819715
"ATX","PM","S21","2027",0.0137228727819715
"ATX","PM","S21","2028",0.0137228727819715
"ATX","PM","S21","2029",0.0137228727819715
"ATX","PM","S21","2030",0.0137228727819715
"ATX","PM","S21","2031",0.0137228727819715
"ATX","PM","S21","2032",0.0137228727819715
"ATX","PM","S21","2033",0.0137228727819715
"ATX","PM","S21","2034",0.0137228727819715
"ATX","PM","S21","2035",0.0137228727819715
"ATX","PM","S21","2036",0.0137228727819715
"ATX","PM","S21","2037",0.0137228727819715
"ATX","PM","S21","2038",0.0137228727819715
"ATX","PM","S21","2039",0.0137228727819715
"ATX","PM","S21","2040",0.0137228727819715
"ATX","PM","S21","2041",0.0137228727819715
"ATX","PM","S21","2042",0.0137228727819715
"ATX","PM","S21","2043",0.0137228727819715
"ATX","PM","S21","2044",0.0137228727819715
"ATX","PM","S21","2045",0.0137228727819715
"ATX","PM","S21","2046",0.0137228727819715
"ATX","PM","S21","2047",0.0137228727819715
"ATX","PM","S21","2048",0.0137228727819715
"ATX","PM","S21","2049",0.0137228727819715
"ATX","PM","S21","2050",0.0137228727819715
"ATX","PM","S22","2015",0.00429820395629602
"ATX","PM","S22","2016",0.00429820395629602
"ATX","PM","S22","2017",0.00429820395629602
"ATX","PM","S22","2018",0.00429820395629602
"ATX","PM","S22","2019",0.00429820395629602
"ATX","PM","S22","2020",0.00429820395629602
"ATX","PM","S22","2021",0.00429820395629602
"ATX","PM","S22","2022",0.00429820395629602
"ATX","PM","S22","2023",0.00429820395629602
"ATX","PM","S22","2024",0.00429820395629602
"ATX","PM","S22","2025",0.00429820395629602
"ATX","PM","S22","2026",0.00429820395629602
"ATX","PM","S22","2027",0.00429820395629602
"ATX","PM","S22","2028",0.00429820395629602
"ATX","PM","S22","2029",0.00429820395629602
"ATX","PM","S22","2030",0.00429820395629602
"ATX","PM","S22","2031",0.00429820395629602
"ATX","PM","S22","2032",0.00429820395629602
"ATX","PM","S22","2033",0.00429820395629602
"ATX","PM","S22","2034",0.00429820395629602
"ATX","PM","S22","2035",0.00429820395629602
"ATX","PM","S22","2036",0.00429820395629602
"ATX","PM","S22","2037",0.00429820395629602
"ATX","PM","S22","2038",0.00429820395629602
"ATX","PM","S22","2039",0.00429820395629602
"ATX","PM","S22","2040",0.00429820395629602
"ATX","PM","S22","2041",0.00429820395629602
"ATX","PM","S22","2042",0.00429820395629602
"ATX","PM","S22","2043",0.00429820395629602
"ATX","PM","S22","2044",0.00429820395629602
"ATX","PM","S22","2045",0.00429820395629602
"ATX","PM","S22","2046",0.00429820395629602
"ATX","PM","S22","2047",0.00429820395629602
"ATX","PM","S22","2048",0.00429820395629602
"ATX","PM","S22","2049",0.00429820395629602
"ATX","PM","S22","2050",0.00429820395629602
"ATX","PM","S23","2015",0.000890289682926031
"ATX","PM","S23","2016",0.000890289682926031
"ATX","PM","S23","2017",0.000890289682926031
"ATX","PM","S23","2018",0.000890289682926031
"ATX","PM","S23","2019",0.000890289682926031
"ATX","PM","S23","2020",0.000890289682926031
"ATX","PM","S23","2021",0.000890289682926031
"ATX","PM","S23","2022",0.000890289682926031
"ATX","PM","S23","2023",0.000890289682926031
"ATX","PM","S23","2024",0.000890289682926031
"ATX","PM","S23","2025",0.000890289682926031
"ATX","PM","S23","2026",0.000890289682926031
"ATX","PM","S23","2027",0.000890289682926031
"ATX","PM","S23","2028",0.000890289682926031
"ATX","PM","S23","2029",0.000890289682926031
"ATX","PM","S23","2030",0.000890289682926031
"ATX","PM","S23","2031",0.000890289682926031
"ATX","PM","S23","2032",0.000890289682926031
"ATX","PM","S23","2033",0.000890289682926031
"ATX","PM","S23","2034",0.000890289682926031
"ATX","PM","S23","2035",0.000890289682926031
"ATX","PM","S23","2036",0.000890289682926031
"ATX","PM","S23","2037",0.000890289682926031
"ATX","PM","S23","2038",0.000890289682926031
"ATX","PM","S23","2039",0.000890289682926031
"ATX","PM","S23","2040",0.000890289682926031
"ATX","PM","S23","2041",0.000890289682926031
"ATX","PM","S23","2042",0.000890289682926031
"ATX","PM","S23","2043",0.000890289682926031
"ATX","PM","S23","2044",0.000890289682926031
"ATX","PM","S23","2045",0.000890289682926031
"ATX","PM","S23","2046",0.000890289682926031
"ATX","PM","S23","2047",0.000890289682926031
"ATX","PM","S23","2048",0.000890289682926031
"ATX","PM","S23","2049",0.000890289682926031
"ATX","PM","S23","2050",0.000890289682926031
"ATX","PM","S24","2015",0.00113840476229632
"ATX","PM","S24","2016",0.00113840476229632
"ATX","PM","S24","2017",0.00113840476229632
"ATX","PM","S24","2018",0.00113840476229632
"ATX","PM","S24","2019",0.00113840476229632
"ATX","PM","S24","2020",0.00113840476229632
"ATX","PM","S24","2021",0.00113840476229632
"ATX","PM","S24","2022",0.00113840476229632
"ATX","PM","S24","2023",0.00113840476229632
"ATX","PM","S24","2024",0.00113840476229632
"ATX","PM","S24","2025",0.00113840476229632
"ATX","PM","S24","2026",0.00113840476229632
"ATX","PM","S24","2027",0.00113840476229632
"ATX","PM","S24","2028",0.00113840476229632
"ATX","PM","S24","2029",0.00113840476229632
"ATX","PM","S24","2030",0.00113840476229632
"ATX","PM","S24","2031",0.00113840476229632
"ATX","PM","S24","2032",0.00113840476229632
"ATX","PM","S24","2033",0.00113840476229632
"ATX","PM","S24","2034",0.00113840476229632
"ATX","PM","S24","2035",0.00113840476229632
"ATX","PM","S24","2036",0.00113840476229632
"ATX","PM","S24","2037",0.00113840476229632
"ATX","PM","S24","2038",0.00113840476229632
"ATX","PM","S24","2039",0.00113840476229632
"ATX","PM","S24","2040",0.00113840476229632
"ATX","PM","S24","2041",0.00113840476229632
"ATX","PM","S24","2042",0.00113840476229632
"ATX","PM","S24","2043",0.00113840476229632
"ATX","PM","S24","2044",0.00113840476229632
"ATX","PM","S24","2045",0.00113840476229632
"ATX","PM","S24","2046",0.00113840476229632
"ATX","PM","S24","2047",0.00113840476229632
"ATX","PM","S24","2048",0.00113840476229632
"ATX","PM","S24","2049",0.00113840476229632
"ATX","PM","S24","2050",0.00113840476229632
