"REGION","TECHNOLOGY","MODE_OF_OPERATION","YEAR","Val"
"ATX","COALPP","1","2015",1.3889
"ATX","COALPP","1","2016",1.3889
"ATX","COALPP","1","2017",1.3889
"ATX","COALPP","1","2018",1.3889
"ATX","COALPP","1","2019",1.3889
"ATX","COALPP","1","2020",1.3889
"ATX","COALPP","1","2021",1.3889
"ATX","COALPP","1","2022",1.3889
"ATX","COALPP","1","2023",1.3889
"ATX","COALPP","1","2024",1.3889
"ATX","COALPP","1","2025",1.3889
"ATX","COALPP","1","2026",1.3889
"ATX","COALPP","1","2027",1.3889
"ATX","COALPP","1","2028",1.3889
"ATX","COALPP","1","2029",1.3889
"ATX","COALPP","1","2030",1.3889
"ATX","COALPP","1","2031",1.3889
"ATX","COALPP","1","2032",1.3889
"ATX","COALPP","1","2033",1.3889
"ATX","COALPP","1","2034",1.3889
"ATX","COALPP","1","2035",1.3889
"ATX","COALPP","1","2036",1.3889
"ATX","COALPP","1","2037",1.3889
"ATX","COALPP","1","2038",1.3889
"ATX","COALPP","1","2039",1.3889
"ATX","COALPP","1","2040",1.3889
"ATX","COALPP","1","2041",1.3889
"ATX","COALPP","1","2042",1.3889
"ATX","COALPP","1","2043",1.3889
"ATX","COALPP","1","2044",1.3889
"ATX","COALPP","1","2045",1.3889
"ATX","COALPP","1","2046",1.3889
"ATX","COALPP","1","2047",1.3889
"ATX","COALPP","1","2048",1.3889
"ATX","COALPP","1","2049",1.3889
"ATX","COALPP","1","2050",1.3889
"ATX","COALPP","2","2015",1E-6
"ATX","COALPP","2","2016",1E-6
"ATX","COALPP","2","2017",1E-6
"ATX","COALPP","2","2018",1E-6
"ATX","COALPP","2","2019",1E-6
"ATX","COALPP","2","2020",1E-6
"ATX","COALPP","2","2021",1E-6
"ATX","COALPP","2","2022",1E-6
"ATX","COALPP","2","2023",1E-6
"ATX","COALPP","2","2024",1E-6
"ATX","COALPP","2","2025",1E-6
"ATX","COALPP","2","2026",1E-6
"ATX","COALPP","2","2027",1E-6
"ATX","COALPP","2","2028",1E-6
"ATX","COALPP","2","2029",1E-6
"ATX","COALPP","2","2030",1E-6
"ATX","COALPP","2","2031",1E-6
"ATX","COALPP","2","2032",1E-6
"ATX","COALPP","2","2033",1E-6
"ATX","COALPP","2","2034",1E-6
"ATX","COALPP","2","2035",1E-6
"ATX","COALPP","2","2036",1E-6
"ATX","COALPP","2","2037",1E-6
"ATX","COALPP","2","2038",1E-6
"ATX","COALPP","2","2039",1E-6
"ATX","COALPP","2","2040",1E-6
"ATX","COALPP","2","2041",1E-6
"ATX","COALPP","2","2042",1E-6
"ATX","COALPP","2","2043",1E-6
"ATX","COALPP","2","2044",1E-6
"ATX","COALPP","2","2045",1E-6
"ATX","COALPP","2","2046",1E-6
"ATX","COALPP","2","2047",1E-6
"ATX","COALPP","2","2048",1E-6
"ATX","COALPP","2","2049",1E-6
"ATX","COALPP","2","2050",1E-6
"ATX","CCPP","1","2015",0.8333
"ATX","CCPP","1","2016",0.8333
"ATX","CCPP","1","2017",0.8333
"ATX","CCPP","1","2018",0.8333
"ATX","CCPP","1","2019",0.8333
"ATX","CCPP","1","2020",0.8333
"ATX","CCPP","1","2021",0.8333
"ATX","CCPP","1","2022",0.8333
"ATX","CCPP","1","2023",0.8333
"ATX","CCPP","1","2024",0.8333
"ATX","CCPP","1","2025",0.8333
"ATX","CCPP","1","2026",0.8333
"ATX","CCPP","1","2027",0.8333
"ATX","CCPP","1","2028",0.8333
"ATX","CCPP","1","2029",0.8333
"ATX","CCPP","1","2030",0.8333
"ATX","CCPP","1","2031",0.8333
"ATX","CCPP","1","2032",0.8333
"ATX","CCPP","1","2033",0.8333
"ATX","CCPP","1","2034",0.8333
"ATX","CCPP","1","2035",0.8333
"ATX","CCPP","1","2036",0.8333
"ATX","CCPP","1","2037",0.8333
"ATX","CCPP","1","2038",0.8333
"ATX","CCPP","1","2039",0.8333
"ATX","CCPP","1","2040",0.8333
"ATX","CCPP","1","2041",0.8333
"ATX","CCPP","1","2042",0.8333
"ATX","CCPP","1","2043",0.8333
"ATX","CCPP","1","2044",0.8333
"ATX","CCPP","1","2045",0.8333
"ATX","CCPP","1","2046",0.8333
"ATX","CCPP","1","2047",0.8333
"ATX","CCPP","1","2048",0.8333
"ATX","CCPP","1","2049",0.8333
"ATX","CCPP","1","2050",0.8333
"ATX","CCPP","2","2015",1E-6
"ATX","CCPP","2","2016",1E-6
"ATX","CCPP","2","2017",1E-6
"ATX","CCPP","2","2018",1E-6
"ATX","CCPP","2","2019",1E-6
"ATX","CCPP","2","2020",1E-6
"ATX","CCPP","2","2021",1E-6
"ATX","CCPP","2","2022",1E-6
"ATX","CCPP","2","2023",1E-6
"ATX","CCPP","2","2024",1E-6
"ATX","CCPP","2","2025",1E-6
"ATX","CCPP","2","2026",1E-6
"ATX","CCPP","2","2027",1E-6
"ATX","CCPP","2","2028",1E-6
"ATX","CCPP","2","2029",1E-6
"ATX","CCPP","2","2030",1E-6
"ATX","CCPP","2","2031",1E-6
"ATX","CCPP","2","2032",1E-6
"ATX","CCPP","2","2033",1E-6
"ATX","CCPP","2","2034",1E-6
"ATX","CCPP","2","2035",1E-6
"ATX","CCPP","2","2036",1E-6
"ATX","CCPP","2","2037",1E-6
"ATX","CCPP","2","2038",1E-6
"ATX","CCPP","2","2039",1E-6
"ATX","CCPP","2","2040",1E-6
"ATX","CCPP","2","2041",1E-6
"ATX","CCPP","2","2042",1E-6
"ATX","CCPP","2","2043",1E-6
"ATX","CCPP","2","2044",1E-6
"ATX","CCPP","2","2045",1E-6
"ATX","CCPP","2","2046",1E-6
"ATX","CCPP","2","2047",1E-6
"ATX","CCPP","2","2048",1E-6
"ATX","CCPP","2","2049",1E-6
"ATX","CCPP","2","2050",1E-6
"ATX","CTPP","1","2015",1.9444
"ATX","CTPP","1","2016",1.9444
"ATX","CTPP","1","2017",1.9444
"ATX","CTPP","1","2018",1.9444
"ATX","CTPP","1","2019",1.9444
"ATX","CTPP","1","2020",1.9444
"ATX","CTPP","1","2021",1.9444
"ATX","CTPP","1","2022",1.9444
"ATX","CTPP","1","2023",1.9444
"ATX","CTPP","1","2024",1.9444
"ATX","CTPP","1","2025",1.9444
"ATX","CTPP","1","2026",1.9444
"ATX","CTPP","1","2027",1.9444
"ATX","CTPP","1","2028",1.9444
"ATX","CTPP","1","2029",1.9444
"ATX","CTPP","1","2030",1.9444
"ATX","CTPP","1","2031",1.9444
"ATX","CTPP","1","2032",1.9444
"ATX","CTPP","1","2033",1.9444
"ATX","CTPP","1","2034",1.9444
"ATX","CTPP","1","2035",1.9444
"ATX","CTPP","1","2036",1.9444
"ATX","CTPP","1","2037",1.9444
"ATX","CTPP","1","2038",1.9444
"ATX","CTPP","1","2039",1.9444
"ATX","CTPP","1","2040",1.9444
"ATX","CTPP","1","2041",1.9444
"ATX","CTPP","1","2042",1.9444
"ATX","CTPP","1","2043",1.9444
"ATX","CTPP","1","2044",1.9444
"ATX","CTPP","1","2045",1.9444
"ATX","CTPP","1","2046",1.9444
"ATX","CTPP","1","2047",1.9444
"ATX","CTPP","1","2048",1.9444
"ATX","CTPP","1","2049",1.9444
"ATX","CTPP","1","2050",1.9444
"ATX","CTPP","2","2015",1E-6
"ATX","CTPP","2","2016",1E-6
"ATX","CTPP","2","2017",1E-6
"ATX","CTPP","2","2018",1E-6
"ATX","CTPP","2","2019",1E-6
"ATX","CTPP","2","2020",1E-6
"ATX","CTPP","2","2021",1E-6
"ATX","CTPP","2","2022",1E-6
"ATX","CTPP","2","2023",1E-6
"ATX","CTPP","2","2024",1E-6
"ATX","CTPP","2","2025",1E-6
"ATX","CTPP","2","2026",1E-6
"ATX","CTPP","2","2027",1E-6
"ATX","CTPP","2","2028",1E-6
"ATX","CTPP","2","2029",1E-6
"ATX","CTPP","2","2030",1E-6
"ATX","CTPP","2","2031",1E-6
"ATX","CTPP","2","2032",1E-6
"ATX","CTPP","2","2033",1E-6
"ATX","CTPP","2","2034",1E-6
"ATX","CTPP","2","2035",1E-6
"ATX","CTPP","2","2036",1E-6
"ATX","CTPP","2","2037",1E-6
"ATX","CTPP","2","2038",1E-6
"ATX","CTPP","2","2039",1E-6
"ATX","CTPP","2","2040",1E-6
"ATX","CTPP","2","2041",1E-6
"ATX","CTPP","2","2042",1E-6
"ATX","CTPP","2","2043",1E-6
"ATX","CTPP","2","2044",1E-6
"ATX","CTPP","2","2045",1E-6
"ATX","CTPP","2","2046",1E-6
"ATX","CTPP","2","2047",1E-6
"ATX","CTPP","2","2048",1E-6
"ATX","CTPP","2","2049",1E-6
"ATX","CTPP","2","2050",1E-6
"ATX","NUCPP","1","2015",0.5556
"ATX","NUCPP","1","2016",0.5556
"ATX","NUCPP","1","2017",0.5556
"ATX","NUCPP","1","2018",0.5556
"ATX","NUCPP","1","2019",0.5556
"ATX","NUCPP","1","2020",0.5556
"ATX","NUCPP","1","2021",0.5556
"ATX","NUCPP","1","2022",0.5556
"ATX","NUCPP","1","2023",0.5556
"ATX","NUCPP","1","2024",0.5556
"ATX","NUCPP","1","2025",0.5556
"ATX","NUCPP","1","2026",0.5556
"ATX","NUCPP","1","2027",0.5556
"ATX","NUCPP","1","2028",0.5556
"ATX","NUCPP","1","2029",0.5556
"ATX","NUCPP","1","2030",0.5556
"ATX","NUCPP","1","2031",0.5556
"ATX","NUCPP","1","2032",0.5556
"ATX","NUCPP","1","2033",0.5556
"ATX","NUCPP","1","2034",0.5556
"ATX","NUCPP","1","2035",0.5556
"ATX","NUCPP","1","2036",0.5556
"ATX","NUCPP","1","2037",0.5556
"ATX","NUCPP","1","2038",0.5556
"ATX","NUCPP","1","2039",0.5556
"ATX","NUCPP","1","2040",0.5556
"ATX","NUCPP","1","2041",0.5556
"ATX","NUCPP","1","2042",0.5556
"ATX","NUCPP","1","2043",0.5556
"ATX","NUCPP","1","2044",0.5556
"ATX","NUCPP","1","2045",0.5556
"ATX","NUCPP","1","2046",0.5556
"ATX","NUCPP","1","2047",0.5556
"ATX","NUCPP","1","2048",0.5556
"ATX","NUCPP","1","2049",0.5556
"ATX","NUCPP","1","2050",0.5556
"ATX","NUCPP","2","2015",1E-6
"ATX","NUCPP","2","2016",1E-6
"ATX","NUCPP","2","2017",1E-6
"ATX","NUCPP","2","2018",1E-6
"ATX","NUCPP","2","2019",1E-6
"ATX","NUCPP","2","2020",1E-6
"ATX","NUCPP","2","2021",1E-6
"ATX","NUCPP","2","2022",1E-6
"ATX","NUCPP","2","2023",1E-6
"ATX","NUCPP","2","2024",1E-6
"ATX","NUCPP","2","2025",1E-6
"ATX","NUCPP","2","2026",1E-6
"ATX","NUCPP","2","2027",1E-6
"ATX","NUCPP","2","2028",1E-6
"ATX","NUCPP","2","2029",1E-6
"ATX","NUCPP","2","2030",1E-6
"ATX","NUCPP","2","2031",1E-6
"ATX","NUCPP","2","2032",1E-6
"ATX","NUCPP","2","2033",1E-6
"ATX","NUCPP","2","2034",1E-6
"ATX","NUCPP","2","2035",1E-6
"ATX","NUCPP","2","2036",1E-6
"ATX","NUCPP","2","2037",1E-6
"ATX","NUCPP","2","2038",1E-6
"ATX","NUCPP","2","2039",1E-6
"ATX","NUCPP","2","2040",1E-6
"ATX","NUCPP","2","2041",1E-6
"ATX","NUCPP","2","2042",1E-6
"ATX","NUCPP","2","2043",1E-6
"ATX","NUCPP","2","2044",1E-6
"ATX","NUCPP","2","2045",1E-6
"ATX","NUCPP","2","2046",1E-6
"ATX","NUCPP","2","2047",1E-6
"ATX","NUCPP","2","2048",1E-6
"ATX","NUCPP","2","2049",1E-6
"ATX","NUCPP","2","2050",1E-6
"ATX","HYDROPP","1","2015",1E-6
"ATX","HYDROPP","1","2016",1E-6
"ATX","HYDROPP","1","2017",1E-6
"ATX","HYDROPP","1","2018",1E-6
"ATX","HYDROPP","1","2019",1E-6
"ATX","HYDROPP","1","2020",1E-6
"ATX","HYDROPP","1","2021",1E-6
"ATX","HYDROPP","1","2022",1E-6
"ATX","HYDROPP","1","2023",1E-6
"ATX","HYDROPP","1","2024",1E-6
"ATX","HYDROPP","1","2025",1E-6
"ATX","HYDROPP","1","2026",1E-6
"ATX","HYDROPP","1","2027",1E-6
"ATX","HYDROPP","1","2028",1E-6
"ATX","HYDROPP","1","2029",1E-6
"ATX","HYDROPP","1","2030",1E-6
"ATX","HYDROPP","1","2031",1E-6
"ATX","HYDROPP","1","2032",1E-6
"ATX","HYDROPP","1","2033",1E-6
"ATX","HYDROPP","1","2034",1E-6
"ATX","HYDROPP","1","2035",1E-6
"ATX","HYDROPP","1","2036",1E-6
"ATX","HYDROPP","1","2037",1E-6
"ATX","HYDROPP","1","2038",1E-6
"ATX","HYDROPP","1","2039",1E-6
"ATX","HYDROPP","1","2040",1E-6
"ATX","HYDROPP","1","2041",1E-6
"ATX","HYDROPP","1","2042",1E-6
"ATX","HYDROPP","1","2043",1E-6
"ATX","HYDROPP","1","2044",1E-6
"ATX","HYDROPP","1","2045",1E-6
"ATX","HYDROPP","1","2046",1E-6
"ATX","HYDROPP","1","2047",1E-6
"ATX","HYDROPP","1","2048",1E-6
"ATX","HYDROPP","1","2049",1E-6
"ATX","HYDROPP","1","2050",1E-6
"ATX","HYDROPP","2","2015",1E-6
"ATX","HYDROPP","2","2016",1E-6
"ATX","HYDROPP","2","2017",1E-6
"ATX","HYDROPP","2","2018",1E-6
"ATX","HYDROPP","2","2019",1E-6
"ATX","HYDROPP","2","2020",1E-6
"ATX","HYDROPP","2","2021",1E-6
"ATX","HYDROPP","2","2022",1E-6
"ATX","HYDROPP","2","2023",1E-6
"ATX","HYDROPP","2","2024",1E-6
"ATX","HYDROPP","2","2025",1E-6
"ATX","HYDROPP","2","2026",1E-6
"ATX","HYDROPP","2","2027",1E-6
"ATX","HYDROPP","2","2028",1E-6
"ATX","HYDROPP","2","2029",1E-6
"ATX","HYDROPP","2","2030",1E-6
"ATX","HYDROPP","2","2031",1E-6
"ATX","HYDROPP","2","2032",1E-6
"ATX","HYDROPP","2","2033",1E-6
"ATX","HYDROPP","2","2034",1E-6
"ATX","HYDROPP","2","2035",1E-6
"ATX","HYDROPP","2","2036",1E-6
"ATX","HYDROPP","2","2037",1E-6
"ATX","HYDROPP","2","2038",1E-6
"ATX","HYDROPP","2","2039",1E-6
"ATX","HYDROPP","2","2040",1E-6
"ATX","HYDROPP","2","2041",1E-6
"ATX","HYDROPP","2","2042",1E-6
"ATX","HYDROPP","2","2043",1E-6
"ATX","HYDROPP","2","2044",1E-6
"ATX","HYDROPP","2","2045",1E-6
"ATX","HYDROPP","2","2046",1E-6
"ATX","HYDROPP","2","2047",1E-6
"ATX","HYDROPP","2","2048",1E-6
"ATX","HYDROPP","2","2049",1E-6
"ATX","HYDROPP","2","2050",1E-6
"ATX","WINDPP","1","2015",1E-6
"ATX","WINDPP","1","2016",1E-6
"ATX","WINDPP","1","2017",1E-6
"ATX","WINDPP","1","2018",1E-6
"ATX","WINDPP","1","2019",1E-6
"ATX","WINDPP","1","2020",1E-6
"ATX","WINDPP","1","2021",1E-6
"ATX","WINDPP","1","2022",1E-6
"ATX","WINDPP","1","2023",1E-6
"ATX","WINDPP","1","2024",1E-6
"ATX","WINDPP","1","2025",1E-6
"ATX","WINDPP","1","2026",1E-6
"ATX","WINDPP","1","2027",1E-6
"ATX","WINDPP","1","2028",1E-6
"ATX","WINDPP","1","2029",1E-6
"ATX","WINDPP","1","2030",1E-6
"ATX","WINDPP","1","2031",1E-6
"ATX","WINDPP","1","2032",1E-6
"ATX","WINDPP","1","2033",1E-6
"ATX","WINDPP","1","2034",1E-6
"ATX","WINDPP","1","2035",1E-6
"ATX","WINDPP","1","2036",1E-6
"ATX","WINDPP","1","2037",1E-6
"ATX","WINDPP","1","2038",1E-6
"ATX","WINDPP","1","2039",1E-6
"ATX","WINDPP","1","2040",1E-6
"ATX","WINDPP","1","2041",1E-6
"ATX","WINDPP","1","2042",1E-6
"ATX","WINDPP","1","2043",1E-6
"ATX","WINDPP","1","2044",1E-6
"ATX","WINDPP","1","2045",1E-6
"ATX","WINDPP","1","2046",1E-6
"ATX","WINDPP","1","2047",1E-6
"ATX","WINDPP","1","2048",1E-6
"ATX","WINDPP","1","2049",1E-6
"ATX","WINDPP","1","2050",1E-6
"ATX","WINDPP","2","2015",1E-6
"ATX","WINDPP","2","2016",1E-6
"ATX","WINDPP","2","2017",1E-6
"ATX","WINDPP","2","2018",1E-6
"ATX","WINDPP","2","2019",1E-6
"ATX","WINDPP","2","2020",1E-6
"ATX","WINDPP","2","2021",1E-6
"ATX","WINDPP","2","2022",1E-6
"ATX","WINDPP","2","2023",1E-6
"ATX","WINDPP","2","2024",1E-6
"ATX","WINDPP","2","2025",1E-6
"ATX","WINDPP","2","2026",1E-6
"ATX","WINDPP","2","2027",1E-6
"ATX","WINDPP","2","2028",1E-6
"ATX","WINDPP","2","2029",1E-6
"ATX","WINDPP","2","2030",1E-6
"ATX","WINDPP","2","2031",1E-6
"ATX","WINDPP","2","2032",1E-6
"ATX","WINDPP","2","2033",1E-6
"ATX","WINDPP","2","2034",1E-6
"ATX","WINDPP","2","2035",1E-6
"ATX","WINDPP","2","2036",1E-6
"ATX","WINDPP","2","2037",1E-6
"ATX","WINDPP","2","2038",1E-6
"ATX","WINDPP","2","2039",1E-6
"ATX","WINDPP","2","2040",1E-6
"ATX","WINDPP","2","2041",1E-6
"ATX","WINDPP","2","2042",1E-6
"ATX","WINDPP","2","2043",1E-6
"ATX","WINDPP","2","2044",1E-6
"ATX","WINDPP","2","2045",1E-6
"ATX","WINDPP","2","2046",1E-6
"ATX","WINDPP","2","2047",1E-6
"ATX","WINDPP","2","2048",1E-6
"ATX","WINDPP","2","2049",1E-6
"ATX","WINDPP","2","2050",1E-6
"ATX","SOLPP","1","2015",1E-6
"ATX","SOLPP","1","2016",1E-6
"ATX","SOLPP","1","2017",1E-6
"ATX","SOLPP","1","2018",1E-6
"ATX","SOLPP","1","2019",1E-6
"ATX","SOLPP","1","2020",1E-6
"ATX","SOLPP","1","2021",1E-6
"ATX","SOLPP","1","2022",1E-6
"ATX","SOLPP","1","2023",1E-6
"ATX","SOLPP","1","2024",1E-6
"ATX","SOLPP","1","2025",1E-6
"ATX","SOLPP","1","2026",1E-6
"ATX","SOLPP","1","2027",1E-6
"ATX","SOLPP","1","2028",1E-6
"ATX","SOLPP","1","2029",1E-6
"ATX","SOLPP","1","2030",1E-6
"ATX","SOLPP","1","2031",1E-6
"ATX","SOLPP","1","2032",1E-6
"ATX","SOLPP","1","2033",1E-6
"ATX","SOLPP","1","2034",1E-6
"ATX","SOLPP","1","2035",1E-6
"ATX","SOLPP","1","2036",1E-6
"ATX","SOLPP","1","2037",1E-6
"ATX","SOLPP","1","2038",1E-6
"ATX","SOLPP","1","2039",1E-6
"ATX","SOLPP","1","2040",1E-6
"ATX","SOLPP","1","2041",1E-6
"ATX","SOLPP","1","2042",1E-6
"ATX","SOLPP","1","2043",1E-6
"ATX","SOLPP","1","2044",1E-6
"ATX","SOLPP","1","2045",1E-6
"ATX","SOLPP","1","2046",1E-6
"ATX","SOLPP","1","2047",1E-6
"ATX","SOLPP","1","2048",1E-6
"ATX","SOLPP","1","2049",1E-6
"ATX","SOLPP","1","2050",1E-6
"ATX","SOLPP","2","2015",1E-6
"ATX","SOLPP","2","2016",1E-6
"ATX","SOLPP","2","2017",1E-6
"ATX","SOLPP","2","2018",1E-6
"ATX","SOLPP","2","2019",1E-6
"ATX","SOLPP","2","2020",1E-6
"ATX","SOLPP","2","2021",1E-6
"ATX","SOLPP","2","2022",1E-6
"ATX","SOLPP","2","2023",1E-6
"ATX","SOLPP","2","2024",1E-6
"ATX","SOLPP","2","2025",1E-6
"ATX","SOLPP","2","2026",1E-6
"ATX","SOLPP","2","2027",1E-6
"ATX","SOLPP","2","2028",1E-6
"ATX","SOLPP","2","2029",1E-6
"ATX","SOLPP","2","2030",1E-6
"ATX","SOLPP","2","2031",1E-6
"ATX","SOLPP","2","2032",1E-6
"ATX","SOLPP","2","2033",1E-6
"ATX","SOLPP","2","2034",1E-6
"ATX","SOLPP","2","2035",1E-6
"ATX","SOLPP","2","2036",1E-6
"ATX","SOLPP","2","2037",1E-6
"ATX","SOLPP","2","2038",1E-6
"ATX","SOLPP","2","2039",1E-6
"ATX","SOLPP","2","2040",1E-6
"ATX","SOLPP","2","2041",1E-6
"ATX","SOLPP","2","2042",1E-6
"ATX","SOLPP","2","2043",1E-6
"ATX","SOLPP","2","2044",1E-6
"ATX","SOLPP","2","2045",1E-6
"ATX","SOLPP","2","2046",1E-6
"ATX","SOLPP","2","2047",1E-6
"ATX","SOLPP","2","2048",1E-6
"ATX","SOLPP","2","2049",1E-6
"ATX","SOLPP","2","2050",1E-6
"ATX","BIOPP","1","2015",1.3889
"ATX","BIOPP","1","2016",1.3889
"ATX","BIOPP","1","2017",1.3889
"ATX","BIOPP","1","2018",1.3889
"ATX","BIOPP","1","2019",1.3889
"ATX","BIOPP","1","2020",1.3889
"ATX","BIOPP","1","2021",1.3889
"ATX","BIOPP","1","2022",1.3889
"ATX","BIOPP","1","2023",1.3889
"ATX","BIOPP","1","2024",1.3889
"ATX","BIOPP","1","2025",1.3889
"ATX","BIOPP","1","2026",1.3889
"ATX","BIOPP","1","2027",1.3889
"ATX","BIOPP","1","2028",1.3889
"ATX","BIOPP","1","2029",1.3889
"ATX","BIOPP","1","2030",1.3889
"ATX","BIOPP","1","2031",1.3889
"ATX","BIOPP","1","2032",1.3889
"ATX","BIOPP","1","2033",1.3889
"ATX","BIOPP","1","2034",1.3889
"ATX","BIOPP","1","2035",1.3889
"ATX","BIOPP","1","2036",1.3889
"ATX","BIOPP","1","2037",1.3889
"ATX","BIOPP","1","2038",1.3889
"ATX","BIOPP","1","2039",1.3889
"ATX","BIOPP","1","2040",1.3889
"ATX","BIOPP","1","2041",1.3889
"ATX","BIOPP","1","2042",1.3889
"ATX","BIOPP","1","2043",1.3889
"ATX","BIOPP","1","2044",1.3889
"ATX","BIOPP","1","2045",1.3889
"ATX","BIOPP","1","2046",1.3889
"ATX","BIOPP","1","2047",1.3889
"ATX","BIOPP","1","2048",1.3889
"ATX","BIOPP","1","2049",1.3889
"ATX","BIOPP","1","2050",1.3889
"ATX","BIOPP","2","2015",1E-6
"ATX","BIOPP","2","2016",1E-6
"ATX","BIOPP","2","2017",1E-6
"ATX","BIOPP","2","2018",1E-6
"ATX","BIOPP","2","2019",1E-6
"ATX","BIOPP","2","2020",1E-6
"ATX","BIOPP","2","2021",1E-6
"ATX","BIOPP","2","2022",1E-6
"ATX","BIOPP","2","2023",1E-6
"ATX","BIOPP","2","2024",1E-6
"ATX","BIOPP","2","2025",1E-6
"ATX","BIOPP","2","2026",1E-6
"ATX","BIOPP","2","2027",1E-6
"ATX","BIOPP","2","2028",1E-6
"ATX","BIOPP","2","2029",1E-6
"ATX","BIOPP","2","2030",1E-6
"ATX","BIOPP","2","2031",1E-6
"ATX","BIOPP","2","2032",1E-6
"ATX","BIOPP","2","2033",1E-6
"ATX","BIOPP","2","2034",1E-6
"ATX","BIOPP","2","2035",1E-6
"ATX","BIOPP","2","2036",1E-6
"ATX","BIOPP","2","2037",1E-6
"ATX","BIOPP","2","2038",1E-6
"ATX","BIOPP","2","2039",1E-6
"ATX","BIOPP","2","2040",1E-6
"ATX","BIOPP","2","2041",1E-6
"ATX","BIOPP","2","2042",1E-6
"ATX","BIOPP","2","2043",1E-6
"ATX","BIOPP","2","2044",1E-6
"ATX","BIOPP","2","2045",1E-6
"ATX","BIOPP","2","2046",1E-6
"ATX","BIOPP","2","2047",1E-6
"ATX","BIOPP","2","2048",1E-6
"ATX","BIOPP","2","2049",1E-6
"ATX","BIOPP","2","2050",1E-6
"ATX","CCCCSPP","1","2015",1.9444
"ATX","CCCCSPP","1","2016",1.9444
"ATX","CCCCSPP","1","2017",1.9444
"ATX","CCCCSPP","1","2018",1.9444
"ATX","CCCCSPP","1","2019",1.9444
"ATX","CCCCSPP","1","2020",1.9444
"ATX","CCCCSPP","1","2021",1.9444
"ATX","CCCCSPP","1","2022",1.9444
"ATX","CCCCSPP","1","2023",1.9444
"ATX","CCCCSPP","1","2024",1.9444
"ATX","CCCCSPP","1","2025",1.9444
"ATX","CCCCSPP","1","2026",1.9444
"ATX","CCCCSPP","1","2027",1.9444
"ATX","CCCCSPP","1","2028",1.9444
"ATX","CCCCSPP","1","2029",1.9444
"ATX","CCCCSPP","1","2030",1.9444
"ATX","CCCCSPP","1","2031",1.9444
"ATX","CCCCSPP","1","2032",1.9444
"ATX","CCCCSPP","1","2033",1.9444
"ATX","CCCCSPP","1","2034",1.9444
"ATX","CCCCSPP","1","2035",1.9444
"ATX","CCCCSPP","1","2036",1.9444
"ATX","CCCCSPP","1","2037",1.9444
"ATX","CCCCSPP","1","2038",1.9444
"ATX","CCCCSPP","1","2039",1.9444
"ATX","CCCCSPP","1","2040",1.9444
"ATX","CCCCSPP","1","2041",1.9444
"ATX","CCCCSPP","1","2042",1.9444
"ATX","CCCCSPP","1","2043",1.9444
"ATX","CCCCSPP","1","2044",1.9444
"ATX","CCCCSPP","1","2045",1.9444
"ATX","CCCCSPP","1","2046",1.9444
"ATX","CCCCSPP","1","2047",1.9444
"ATX","CCCCSPP","1","2048",1.9444
"ATX","CCCCSPP","1","2049",1.9444
"ATX","CCCCSPP","1","2050",1.9444
"ATX","CCCCSPP","2","2015",1E-6
"ATX","CCCCSPP","2","2016",1E-6
"ATX","CCCCSPP","2","2017",1E-6
"ATX","CCCCSPP","2","2018",1E-6
"ATX","CCCCSPP","2","2019",1E-6
"ATX","CCCCSPP","2","2020",1E-6
"ATX","CCCCSPP","2","2021",1E-6
"ATX","CCCCSPP","2","2022",1E-6
"ATX","CCCCSPP","2","2023",1E-6
"ATX","CCCCSPP","2","2024",1E-6
"ATX","CCCCSPP","2","2025",1E-6
"ATX","CCCCSPP","2","2026",1E-6
"ATX","CCCCSPP","2","2027",1E-6
"ATX","CCCCSPP","2","2028",1E-6
"ATX","CCCCSPP","2","2029",1E-6
"ATX","CCCCSPP","2","2030",1E-6
"ATX","CCCCSPP","2","2031",1E-6
"ATX","CCCCSPP","2","2032",1E-6
"ATX","CCCCSPP","2","2033",1E-6
"ATX","CCCCSPP","2","2034",1E-6
"ATX","CCCCSPP","2","2035",1E-6
"ATX","CCCCSPP","2","2036",1E-6
"ATX","CCCCSPP","2","2037",1E-6
"ATX","CCCCSPP","2","2038",1E-6
"ATX","CCCCSPP","2","2039",1E-6
"ATX","CCCCSPP","2","2040",1E-6
"ATX","CCCCSPP","2","2041",1E-6
"ATX","CCCCSPP","2","2042",1E-6
"ATX","CCCCSPP","2","2043",1E-6
"ATX","CCCCSPP","2","2044",1E-6
"ATX","CCCCSPP","2","2045",1E-6
"ATX","CCCCSPP","2","2046",1E-6
"ATX","CCCCSPP","2","2047",1E-6
"ATX","CCCCSPP","2","2048",1E-6
"ATX","CCCCSPP","2","2049",1E-6
"ATX","CCCCSPP","2","2050",1E-6
"ATX","IGCCCCSPP","1","2015",2.5
"ATX","IGCCCCSPP","1","2016",2.5
"ATX","IGCCCCSPP","1","2017",2.5
"ATX","IGCCCCSPP","1","2018",2.5
"ATX","IGCCCCSPP","1","2019",2.5
"ATX","IGCCCCSPP","1","2020",2.5
"ATX","IGCCCCSPP","1","2021",2.5
"ATX","IGCCCCSPP","1","2022",2.5
"ATX","IGCCCCSPP","1","2023",2.5
"ATX","IGCCCCSPP","1","2024",2.5
"ATX","IGCCCCSPP","1","2025",2.5
"ATX","IGCCCCSPP","1","2026",2.5
"ATX","IGCCCCSPP","1","2027",2.5
"ATX","IGCCCCSPP","1","2028",2.5
"ATX","IGCCCCSPP","1","2029",2.5
"ATX","IGCCCCSPP","1","2030",2.5
"ATX","IGCCCCSPP","1","2031",2.5
"ATX","IGCCCCSPP","1","2032",2.5
"ATX","IGCCCCSPP","1","2033",2.5
"ATX","IGCCCCSPP","1","2034",2.5
"ATX","IGCCCCSPP","1","2035",2.5
"ATX","IGCCCCSPP","1","2036",2.5
"ATX","IGCCCCSPP","1","2037",2.5
"ATX","IGCCCCSPP","1","2038",2.5
"ATX","IGCCCCSPP","1","2039",2.5
"ATX","IGCCCCSPP","1","2040",2.5
"ATX","IGCCCCSPP","1","2041",2.5
"ATX","IGCCCCSPP","1","2042",2.5
"ATX","IGCCCCSPP","1","2043",2.5
"ATX","IGCCCCSPP","1","2044",2.5
"ATX","IGCCCCSPP","1","2045",2.5
"ATX","IGCCCCSPP","1","2046",2.5
"ATX","IGCCCCSPP","1","2047",2.5
"ATX","IGCCCCSPP","1","2048",2.5
"ATX","IGCCCCSPP","1","2049",2.5
"ATX","IGCCCCSPP","1","2050",2.5
"ATX","IGCCCCSPP","2","2015",1E-6
"ATX","IGCCCCSPP","2","2016",1E-6
"ATX","IGCCCCSPP","2","2017",1E-6
"ATX","IGCCCCSPP","2","2018",1E-6
"ATX","IGCCCCSPP","2","2019",1E-6
"ATX","IGCCCCSPP","2","2020",1E-6
"ATX","IGCCCCSPP","2","2021",1E-6
"ATX","IGCCCCSPP","2","2022",1E-6
"ATX","IGCCCCSPP","2","2023",1E-6
"ATX","IGCCCCSPP","2","2024",1E-6
"ATX","IGCCCCSPP","2","2025",1E-6
"ATX","IGCCCCSPP","2","2026",1E-6
"ATX","IGCCCCSPP","2","2027",1E-6
"ATX","IGCCCCSPP","2","2028",1E-6
"ATX","IGCCCCSPP","2","2029",1E-6
"ATX","IGCCCCSPP","2","2030",1E-6
"ATX","IGCCCCSPP","2","2031",1E-6
"ATX","IGCCCCSPP","2","2032",1E-6
"ATX","IGCCCCSPP","2","2033",1E-6
"ATX","IGCCCCSPP","2","2034",1E-6
"ATX","IGCCCCSPP","2","2035",1E-6
"ATX","IGCCCCSPP","2","2036",1E-6
"ATX","IGCCCCSPP","2","2037",1E-6
"ATX","IGCCCCSPP","2","2038",1E-6
"ATX","IGCCCCSPP","2","2039",1E-6
"ATX","IGCCCCSPP","2","2040",1E-6
"ATX","IGCCCCSPP","2","2041",1E-6
"ATX","IGCCCCSPP","2","2042",1E-6
"ATX","IGCCCCSPP","2","2043",1E-6
"ATX","IGCCCCSPP","2","2044",1E-6
"ATX","IGCCCCSPP","2","2045",1E-6
"ATX","IGCCCCSPP","2","2046",1E-6
"ATX","IGCCCCSPP","2","2047",1E-6
"ATX","IGCCCCSPP","2","2048",1E-6
"ATX","IGCCCCSPP","2","2049",1E-6
"ATX","IGCCCCSPP","2","2050",1E-6
"ATX","H2FUELCELL","1","2015",0.2778
"ATX","H2FUELCELL","1","2016",0.2778
"ATX","H2FUELCELL","1","2017",0.2778
"ATX","H2FUELCELL","1","2018",0.2778
"ATX","H2FUELCELL","1","2019",0.2778
"ATX","H2FUELCELL","1","2020",0.2778
"ATX","H2FUELCELL","1","2021",0.2778
"ATX","H2FUELCELL","1","2022",0.2778
"ATX","H2FUELCELL","1","2023",0.2778
"ATX","H2FUELCELL","1","2024",0.2778
"ATX","H2FUELCELL","1","2025",0.2778
"ATX","H2FUELCELL","1","2026",0.2778
"ATX","H2FUELCELL","1","2027",0.2778
"ATX","H2FUELCELL","1","2028",0.2778
"ATX","H2FUELCELL","1","2029",0.2778
"ATX","H2FUELCELL","1","2030",0.2778
"ATX","H2FUELCELL","1","2031",0.2778
"ATX","H2FUELCELL","1","2032",0.2778
"ATX","H2FUELCELL","1","2033",0.2778
"ATX","H2FUELCELL","1","2034",0.2778
"ATX","H2FUELCELL","1","2035",0.2778
"ATX","H2FUELCELL","1","2036",0.2778
"ATX","H2FUELCELL","1","2037",0.2778
"ATX","H2FUELCELL","1","2038",0.2778
"ATX","H2FUELCELL","1","2039",0.2778
"ATX","H2FUELCELL","1","2040",0.2778
"ATX","H2FUELCELL","1","2041",0.2778
"ATX","H2FUELCELL","1","2042",0.2778
"ATX","H2FUELCELL","1","2043",0.2778
"ATX","H2FUELCELL","1","2044",0.2778
"ATX","H2FUELCELL","1","2045",0.2778
"ATX","H2FUELCELL","1","2046",0.2778
"ATX","H2FUELCELL","1","2047",0.2778
"ATX","H2FUELCELL","1","2048",0.2778
"ATX","H2FUELCELL","1","2049",0.2778
"ATX","H2FUELCELL","1","2050",0.2778
"ATX","H2FUELCELL","2","2015",1E-6
"ATX","H2FUELCELL","2","2016",1E-6
"ATX","H2FUELCELL","2","2017",1E-6
"ATX","H2FUELCELL","2","2018",1E-6
"ATX","H2FUELCELL","2","2019",1E-6
"ATX","H2FUELCELL","2","2020",1E-6
"ATX","H2FUELCELL","2","2021",1E-6
"ATX","H2FUELCELL","2","2022",1E-6
"ATX","H2FUELCELL","2","2023",1E-6
"ATX","H2FUELCELL","2","2024",1E-6
"ATX","H2FUELCELL","2","2025",1E-6
"ATX","H2FUELCELL","2","2026",1E-6
"ATX","H2FUELCELL","2","2027",1E-6
"ATX","H2FUELCELL","2","2028",1E-6
"ATX","H2FUELCELL","2","2029",1E-6
"ATX","H2FUELCELL","2","2030",1E-6
"ATX","H2FUELCELL","2","2031",1E-6
"ATX","H2FUELCELL","2","2032",1E-6
"ATX","H2FUELCELL","2","2033",1E-6
"ATX","H2FUELCELL","2","2034",1E-6
"ATX","H2FUELCELL","2","2035",1E-6
"ATX","H2FUELCELL","2","2036",1E-6
"ATX","H2FUELCELL","2","2037",1E-6
"ATX","H2FUELCELL","2","2038",1E-6
"ATX","H2FUELCELL","2","2039",1E-6
"ATX","H2FUELCELL","2","2040",1E-6
"ATX","H2FUELCELL","2","2041",1E-6
"ATX","H2FUELCELL","2","2042",1E-6
"ATX","H2FUELCELL","2","2043",1E-6
"ATX","H2FUELCELL","2","2044",1E-6
"ATX","H2FUELCELL","2","2045",1E-6
"ATX","H2FUELCELL","2","2046",1E-6
"ATX","H2FUELCELL","2","2047",1E-6
"ATX","H2FUELCELL","2","2048",1E-6
"ATX","H2FUELCELL","2","2049",1E-6
"ATX","H2FUELCELL","2","2050",1E-6
"ATX","BATTERY","1","2015",1E-6
"ATX","BATTERY","1","2016",1E-6
"ATX","BATTERY","1","2017",1E-6
"ATX","BATTERY","1","2018",1E-6
"ATX","BATTERY","1","2019",1E-6
"ATX","BATTERY","1","2020",1E-6
"ATX","BATTERY","1","2021",1E-6
"ATX","BATTERY","1","2022",1E-6
"ATX","BATTERY","1","2023",1E-6
"ATX","BATTERY","1","2024",1E-6
"ATX","BATTERY","1","2025",1E-6
"ATX","BATTERY","1","2026",1E-6
"ATX","BATTERY","1","2027",1E-6
"ATX","BATTERY","1","2028",1E-6
"ATX","BATTERY","1","2029",1E-6
"ATX","BATTERY","1","2030",1E-6
"ATX","BATTERY","1","2031",1E-6
"ATX","BATTERY","1","2032",1E-6
"ATX","BATTERY","1","2033",1E-6
"ATX","BATTERY","1","2034",1E-6
"ATX","BATTERY","1","2035",1E-6
"ATX","BATTERY","1","2036",1E-6
"ATX","BATTERY","1","2037",1E-6
"ATX","BATTERY","1","2038",1E-6
"ATX","BATTERY","1","2039",1E-6
"ATX","BATTERY","1","2040",1E-6
"ATX","BATTERY","1","2041",1E-6
"ATX","BATTERY","1","2042",1E-6
"ATX","BATTERY","1","2043",1E-6
"ATX","BATTERY","1","2044",1E-6
"ATX","BATTERY","1","2045",1E-6
"ATX","BATTERY","1","2046",1E-6
"ATX","BATTERY","1","2047",1E-6
"ATX","BATTERY","1","2048",1E-6
"ATX","BATTERY","1","2049",1E-6
"ATX","BATTERY","1","2050",1E-6
"ATX","BATTERY","2","2015",0.62255
"ATX","BATTERY","2","2016",0.62255
"ATX","BATTERY","2","2017",0.62255
"ATX","BATTERY","2","2018",0.62255
"ATX","BATTERY","2","2019",0.62255
"ATX","BATTERY","2","2020",0.62255
"ATX","BATTERY","2","2021",0.62255
"ATX","BATTERY","2","2022",0.62255
"ATX","BATTERY","2","2023",0.62255
"ATX","BATTERY","2","2024",0.62255
"ATX","BATTERY","2","2025",0.62255
"ATX","BATTERY","2","2026",0.62255
"ATX","BATTERY","2","2027",0.62255
"ATX","BATTERY","2","2028",0.62255
"ATX","BATTERY","2","2029",0.62255
"ATX","BATTERY","2","2030",0.62255
"ATX","BATTERY","2","2031",0.62255
"ATX","BATTERY","2","2032",0.62255
"ATX","BATTERY","2","2033",0.62255
"ATX","BATTERY","2","2034",0.62255
"ATX","BATTERY","2","2035",0.62255
"ATX","BATTERY","2","2036",0.62255
"ATX","BATTERY","2","2037",0.62255
"ATX","BATTERY","2","2038",0.62255
"ATX","BATTERY","2","2039",0.62255
"ATX","BATTERY","2","2040",0.62255
"ATX","BATTERY","2","2041",0.62255
"ATX","BATTERY","2","2042",0.62255
"ATX","BATTERY","2","2043",0.62255
"ATX","BATTERY","2","2044",0.62255
"ATX","BATTERY","2","2045",0.62255
"ATX","BATTERY","2","2046",0.62255
"ATX","BATTERY","2","2047",0.62255
"ATX","BATTERY","2","2048",0.62255
"ATX","BATTERY","2","2049",0.62255
"ATX","BATTERY","2","2050",0.62255
"ATX","EV_CHARGE","1","2015",1E-6
"ATX","EV_CHARGE","1","2016",1E-6
"ATX","EV_CHARGE","1","2017",1E-6
"ATX","EV_CHARGE","1","2018",1E-6
"ATX","EV_CHARGE","1","2019",1E-6
"ATX","EV_CHARGE","1","2020",1E-6
"ATX","EV_CHARGE","1","2021",1E-6
"ATX","EV_CHARGE","1","2022",1E-6
"ATX","EV_CHARGE","1","2023",1E-6
"ATX","EV_CHARGE","1","2024",1E-6
"ATX","EV_CHARGE","1","2025",1E-6
"ATX","EV_CHARGE","1","2026",1E-6
"ATX","EV_CHARGE","1","2027",1E-6
"ATX","EV_CHARGE","1","2028",1E-6
"ATX","EV_CHARGE","1","2029",1E-6
"ATX","EV_CHARGE","1","2030",1E-6
"ATX","EV_CHARGE","1","2031",1E-6
"ATX","EV_CHARGE","1","2032",1E-6
"ATX","EV_CHARGE","1","2033",1E-6
"ATX","EV_CHARGE","1","2034",1E-6
"ATX","EV_CHARGE","1","2035",1E-6
"ATX","EV_CHARGE","1","2036",1E-6
"ATX","EV_CHARGE","1","2037",1E-6
"ATX","EV_CHARGE","1","2038",1E-6
"ATX","EV_CHARGE","1","2039",1E-6
"ATX","EV_CHARGE","1","2040",1E-6
"ATX","EV_CHARGE","1","2041",1E-6
"ATX","EV_CHARGE","1","2042",1E-6
"ATX","EV_CHARGE","1","2043",1E-6
"ATX","EV_CHARGE","1","2044",1E-6
"ATX","EV_CHARGE","1","2045",1E-6
"ATX","EV_CHARGE","1","2046",1E-6
"ATX","EV_CHARGE","1","2047",1E-6
"ATX","EV_CHARGE","1","2048",1E-6
"ATX","EV_CHARGE","1","2049",1E-6
"ATX","EV_CHARGE","1","2050",1E-6
"ATX","EV_CHARGE","2","2015",1E-6
"ATX","EV_CHARGE","2","2016",1E-6
"ATX","EV_CHARGE","2","2017",1E-6
"ATX","EV_CHARGE","2","2018",1E-6
"ATX","EV_CHARGE","2","2019",1E-6
"ATX","EV_CHARGE","2","2020",1E-6
"ATX","EV_CHARGE","2","2021",1E-6
"ATX","EV_CHARGE","2","2022",1E-6
"ATX","EV_CHARGE","2","2023",1E-6
"ATX","EV_CHARGE","2","2024",1E-6
"ATX","EV_CHARGE","2","2025",1E-6
"ATX","EV_CHARGE","2","2026",1E-6
"ATX","EV_CHARGE","2","2027",1E-6
"ATX","EV_CHARGE","2","2028",1E-6
"ATX","EV_CHARGE","2","2029",1E-6
"ATX","EV_CHARGE","2","2030",1E-6
"ATX","EV_CHARGE","2","2031",1E-6
"ATX","EV_CHARGE","2","2032",1E-6
"ATX","EV_CHARGE","2","2033",1E-6
"ATX","EV_CHARGE","2","2034",1E-6
"ATX","EV_CHARGE","2","2035",1E-6
"ATX","EV_CHARGE","2","2036",1E-6
"ATX","EV_CHARGE","2","2037",1E-6
"ATX","EV_CHARGE","2","2038",1E-6
"ATX","EV_CHARGE","2","2039",1E-6
"ATX","EV_CHARGE","2","2040",1E-6
"ATX","EV_CHARGE","2","2041",1E-6
"ATX","EV_CHARGE","2","2042",1E-6
"ATX","EV_CHARGE","2","2043",1E-6
"ATX","EV_CHARGE","2","2044",1E-6
"ATX","EV_CHARGE","2","2045",1E-6
"ATX","EV_CHARGE","2","2046",1E-6
"ATX","EV_CHARGE","2","2047",1E-6
"ATX","EV_CHARGE","2","2048",1E-6
"ATX","EV_CHARGE","2","2049",1E-6
"ATX","EV_CHARGE","2","2050",1E-6
"ATX","V2G","1","2015",1E-6
"ATX","V2G","1","2016",1E-6
"ATX","V2G","1","2017",1E-6
"ATX","V2G","1","2018",1E-6
"ATX","V2G","1","2019",1E-6
"ATX","V2G","1","2020",1E-6
"ATX","V2G","1","2021",1E-6
"ATX","V2G","1","2022",1E-6
"ATX","V2G","1","2023",1E-6
"ATX","V2G","1","2024",1E-6
"ATX","V2G","1","2025",1E-6
"ATX","V2G","1","2026",1E-6
"ATX","V2G","1","2027",1E-6
"ATX","V2G","1","2028",1E-6
"ATX","V2G","1","2029",1E-6
"ATX","V2G","1","2030",1E-6
"ATX","V2G","1","2031",1E-6
"ATX","V2G","1","2032",1E-6
"ATX","V2G","1","2033",1E-6
"ATX","V2G","1","2034",1E-6
"ATX","V2G","1","2035",1E-6
"ATX","V2G","1","2036",1E-6
"ATX","V2G","1","2037",1E-6
"ATX","V2G","1","2038",1E-6
"ATX","V2G","1","2039",1E-6
"ATX","V2G","1","2040",1E-6
"ATX","V2G","1","2041",1E-6
"ATX","V2G","1","2042",1E-6
"ATX","V2G","1","2043",1E-6
"ATX","V2G","1","2044",1E-6
"ATX","V2G","1","2045",1E-6
"ATX","V2G","1","2046",1E-6
"ATX","V2G","1","2047",1E-6
"ATX","V2G","1","2048",1E-6
"ATX","V2G","1","2049",1E-6
"ATX","V2G","1","2050",1E-6
"ATX","V2G","2","2015",1E-6
"ATX","V2G","2","2016",1E-6
"ATX","V2G","2","2017",1E-6
"ATX","V2G","2","2018",1E-6
"ATX","V2G","2","2019",1E-6
"ATX","V2G","2","2020",1E-6
"ATX","V2G","2","2021",1E-6
"ATX","V2G","2","2022",1E-6
"ATX","V2G","2","2023",1E-6
"ATX","V2G","2","2024",1E-6
"ATX","V2G","2","2025",1E-6
"ATX","V2G","2","2026",1E-6
"ATX","V2G","2","2027",1E-6
"ATX","V2G","2","2028",1E-6
"ATX","V2G","2","2029",1E-6
"ATX","V2G","2","2030",1E-6
"ATX","V2G","2","2031",1E-6
"ATX","V2G","2","2032",1E-6
"ATX","V2G","2","2033",1E-6
"ATX","V2G","2","2034",1E-6
"ATX","V2G","2","2035",1E-6
"ATX","V2G","2","2036",1E-6
"ATX","V2G","2","2037",1E-6
"ATX","V2G","2","2038",1E-6
"ATX","V2G","2","2039",1E-6
"ATX","V2G","2","2040",1E-6
"ATX","V2G","2","2041",1E-6
"ATX","V2G","2","2042",1E-6
"ATX","V2G","2","2043",1E-6
"ATX","V2G","2","2044",1E-6
"ATX","V2G","2","2045",1E-6
"ATX","V2G","2","2046",1E-6
"ATX","V2G","2","2047",1E-6
"ATX","V2G","2","2048",1E-6
"ATX","V2G","2","2049",1E-6
"ATX","V2G","2","2050",1E-6
"ATX","EV_DISCHARGE","1","2015",1E-6
"ATX","EV_DISCHARGE","1","2016",1E-6
"ATX","EV_DISCHARGE","1","2017",1E-6
"ATX","EV_DISCHARGE","1","2018",1E-6
"ATX","EV_DISCHARGE","1","2019",1E-6
"ATX","EV_DISCHARGE","1","2020",1E-6
"ATX","EV_DISCHARGE","1","2021",1E-6
"ATX","EV_DISCHARGE","1","2022",1E-6
"ATX","EV_DISCHARGE","1","2023",1E-6
"ATX","EV_DISCHARGE","1","2024",1E-6
"ATX","EV_DISCHARGE","1","2025",1E-6
"ATX","EV_DISCHARGE","1","2026",1E-6
"ATX","EV_DISCHARGE","1","2027",1E-6
"ATX","EV_DISCHARGE","1","2028",1E-6
"ATX","EV_DISCHARGE","1","2029",1E-6
"ATX","EV_DISCHARGE","1","2030",1E-6
"ATX","EV_DISCHARGE","1","2031",1E-6
"ATX","EV_DISCHARGE","1","2032",1E-6
"ATX","EV_DISCHARGE","1","2033",1E-6
"ATX","EV_DISCHARGE","1","2034",1E-6
"ATX","EV_DISCHARGE","1","2035",1E-6
"ATX","EV_DISCHARGE","1","2036",1E-6
"ATX","EV_DISCHARGE","1","2037",1E-6
"ATX","EV_DISCHARGE","1","2038",1E-6
"ATX","EV_DISCHARGE","1","2039",1E-6
"ATX","EV_DISCHARGE","1","2040",1E-6
"ATX","EV_DISCHARGE","1","2041",1E-6
"ATX","EV_DISCHARGE","1","2042",1E-6
"ATX","EV_DISCHARGE","1","2043",1E-6
"ATX","EV_DISCHARGE","1","2044",1E-6
"ATX","EV_DISCHARGE","1","2045",1E-6
"ATX","EV_DISCHARGE","1","2046",1E-6
"ATX","EV_DISCHARGE","1","2047",1E-6
"ATX","EV_DISCHARGE","1","2048",1E-6
"ATX","EV_DISCHARGE","1","2049",1E-6
"ATX","EV_DISCHARGE","1","2050",1E-6
"ATX","EV_DISCHARGE","2","2015",1E-6
"ATX","EV_DISCHARGE","2","2016",1E-6
"ATX","EV_DISCHARGE","2","2017",1E-6
"ATX","EV_DISCHARGE","2","2018",1E-6
"ATX","EV_DISCHARGE","2","2019",1E-6
"ATX","EV_DISCHARGE","2","2020",1E-6
"ATX","EV_DISCHARGE","2","2021",1E-6
"ATX","EV_DISCHARGE","2","2022",1E-6
"ATX","EV_DISCHARGE","2","2023",1E-6
"ATX","EV_DISCHARGE","2","2024",1E-6
"ATX","EV_DISCHARGE","2","2025",1E-6
"ATX","EV_DISCHARGE","2","2026",1E-6
"ATX","EV_DISCHARGE","2","2027",1E-6
"ATX","EV_DISCHARGE","2","2028",1E-6
"ATX","EV_DISCHARGE","2","2029",1E-6
"ATX","EV_DISCHARGE","2","2030",1E-6
"ATX","EV_DISCHARGE","2","2031",1E-6
"ATX","EV_DISCHARGE","2","2032",1E-6
"ATX","EV_DISCHARGE","2","2033",1E-6
"ATX","EV_DISCHARGE","2","2034",1E-6
"ATX","EV_DISCHARGE","2","2035",1E-6
"ATX","EV_DISCHARGE","2","2036",1E-6
"ATX","EV_DISCHARGE","2","2037",1E-6
"ATX","EV_DISCHARGE","2","2038",1E-6
"ATX","EV_DISCHARGE","2","2039",1E-6
"ATX","EV_DISCHARGE","2","2040",1E-6
"ATX","EV_DISCHARGE","2","2041",1E-6
"ATX","EV_DISCHARGE","2","2042",1E-6
"ATX","EV_DISCHARGE","2","2043",1E-6
"ATX","EV_DISCHARGE","2","2044",1E-6
"ATX","EV_DISCHARGE","2","2045",1E-6
"ATX","EV_DISCHARGE","2","2046",1E-6
"ATX","EV_DISCHARGE","2","2047",1E-6
"ATX","EV_DISCHARGE","2","2048",1E-6
"ATX","EV_DISCHARGE","2","2049",1E-6
"ATX","EV_DISCHARGE","2","2050",1E-6
"ATX","EV_CHARGE_F","1","2015",1E-6
"ATX","EV_CHARGE_F","1","2016",1E-6
"ATX","EV_CHARGE_F","1","2017",1E-6
"ATX","EV_CHARGE_F","1","2018",1E-6
"ATX","EV_CHARGE_F","1","2019",1E-6
"ATX","EV_CHARGE_F","1","2020",1E-6
"ATX","EV_CHARGE_F","1","2021",1E-6
"ATX","EV_CHARGE_F","1","2022",1E-6
"ATX","EV_CHARGE_F","1","2023",1E-6
"ATX","EV_CHARGE_F","1","2024",1E-6
"ATX","EV_CHARGE_F","1","2025",1E-6
"ATX","EV_CHARGE_F","1","2026",1E-6
"ATX","EV_CHARGE_F","1","2027",1E-6
"ATX","EV_CHARGE_F","1","2028",1E-6
"ATX","EV_CHARGE_F","1","2029",1E-6
"ATX","EV_CHARGE_F","1","2030",1E-6
"ATX","EV_CHARGE_F","1","2031",1E-6
"ATX","EV_CHARGE_F","1","2032",1E-6
"ATX","EV_CHARGE_F","1","2033",1E-6
"ATX","EV_CHARGE_F","1","2034",1E-6
"ATX","EV_CHARGE_F","1","2035",1E-6
"ATX","EV_CHARGE_F","1","2036",1E-6
"ATX","EV_CHARGE_F","1","2037",1E-6
"ATX","EV_CHARGE_F","1","2038",1E-6
"ATX","EV_CHARGE_F","1","2039",1E-6
"ATX","EV_CHARGE_F","1","2040",1E-6
"ATX","EV_CHARGE_F","1","2041",1E-6
"ATX","EV_CHARGE_F","1","2042",1E-6
"ATX","EV_CHARGE_F","1","2043",1E-6
"ATX","EV_CHARGE_F","1","2044",1E-6
"ATX","EV_CHARGE_F","1","2045",1E-6
"ATX","EV_CHARGE_F","1","2046",1E-6
"ATX","EV_CHARGE_F","1","2047",1E-6
"ATX","EV_CHARGE_F","1","2048",1E-6
"ATX","EV_CHARGE_F","1","2049",1E-6
"ATX","EV_CHARGE_F","1","2050",1E-6
"ATX","EV_CHARGE_F","2","2015",1E-6
"ATX","EV_CHARGE_F","2","2016",1E-6
"ATX","EV_CHARGE_F","2","2017",1E-6
"ATX","EV_CHARGE_F","2","2018",1E-6
"ATX","EV_CHARGE_F","2","2019",1E-6
"ATX","EV_CHARGE_F","2","2020",1E-6
"ATX","EV_CHARGE_F","2","2021",1E-6
"ATX","EV_CHARGE_F","2","2022",1E-6
"ATX","EV_CHARGE_F","2","2023",1E-6
"ATX","EV_CHARGE_F","2","2024",1E-6
"ATX","EV_CHARGE_F","2","2025",1E-6
"ATX","EV_CHARGE_F","2","2026",1E-6
"ATX","EV_CHARGE_F","2","2027",1E-6
"ATX","EV_CHARGE_F","2","2028",1E-6
"ATX","EV_CHARGE_F","2","2029",1E-6
"ATX","EV_CHARGE_F","2","2030",1E-6
"ATX","EV_CHARGE_F","2","2031",1E-6
"ATX","EV_CHARGE_F","2","2032",1E-6
"ATX","EV_CHARGE_F","2","2033",1E-6
"ATX","EV_CHARGE_F","2","2034",1E-6
"ATX","EV_CHARGE_F","2","2035",1E-6
"ATX","EV_CHARGE_F","2","2036",1E-6
"ATX","EV_CHARGE_F","2","2037",1E-6
"ATX","EV_CHARGE_F","2","2038",1E-6
"ATX","EV_CHARGE_F","2","2039",1E-6
"ATX","EV_CHARGE_F","2","2040",1E-6
"ATX","EV_CHARGE_F","2","2041",1E-6
"ATX","EV_CHARGE_F","2","2042",1E-6
"ATX","EV_CHARGE_F","2","2043",1E-6
"ATX","EV_CHARGE_F","2","2044",1E-6
"ATX","EV_CHARGE_F","2","2045",1E-6
"ATX","EV_CHARGE_F","2","2046",1E-6
"ATX","EV_CHARGE_F","2","2047",1E-6
"ATX","EV_CHARGE_F","2","2048",1E-6
"ATX","EV_CHARGE_F","2","2049",1E-6
"ATX","EV_CHARGE_F","2","2050",1E-6
"ATX","V2G_F","1","2015",1E-6
"ATX","V2G_F","1","2016",1E-6
"ATX","V2G_F","1","2017",1E-6
"ATX","V2G_F","1","2018",1E-6
"ATX","V2G_F","1","2019",1E-6
"ATX","V2G_F","1","2020",1E-6
"ATX","V2G_F","1","2021",1E-6
"ATX","V2G_F","1","2022",1E-6
"ATX","V2G_F","1","2023",1E-6
"ATX","V2G_F","1","2024",1E-6
"ATX","V2G_F","1","2025",1E-6
"ATX","V2G_F","1","2026",1E-6
"ATX","V2G_F","1","2027",1E-6
"ATX","V2G_F","1","2028",1E-6
"ATX","V2G_F","1","2029",1E-6
"ATX","V2G_F","1","2030",1E-6
"ATX","V2G_F","1","2031",1E-6
"ATX","V2G_F","1","2032",1E-6
"ATX","V2G_F","1","2033",1E-6
"ATX","V2G_F","1","2034",1E-6
"ATX","V2G_F","1","2035",1E-6
"ATX","V2G_F","1","2036",1E-6
"ATX","V2G_F","1","2037",1E-6
"ATX","V2G_F","1","2038",1E-6
"ATX","V2G_F","1","2039",1E-6
"ATX","V2G_F","1","2040",1E-6
"ATX","V2G_F","1","2041",1E-6
"ATX","V2G_F","1","2042",1E-6
"ATX","V2G_F","1","2043",1E-6
"ATX","V2G_F","1","2044",1E-6
"ATX","V2G_F","1","2045",1E-6
"ATX","V2G_F","1","2046",1E-6
"ATX","V2G_F","1","2047",1E-6
"ATX","V2G_F","1","2048",1E-6
"ATX","V2G_F","1","2049",1E-6
"ATX","V2G_F","1","2050",1E-6
"ATX","V2G_F","2","2015",1E-6
"ATX","V2G_F","2","2016",1E-6
"ATX","V2G_F","2","2017",1E-6
"ATX","V2G_F","2","2018",1E-6
"ATX","V2G_F","2","2019",1E-6
"ATX","V2G_F","2","2020",1E-6
"ATX","V2G_F","2","2021",1E-6
"ATX","V2G_F","2","2022",1E-6
"ATX","V2G_F","2","2023",1E-6
"ATX","V2G_F","2","2024",1E-6
"ATX","V2G_F","2","2025",1E-6
"ATX","V2G_F","2","2026",1E-6
"ATX","V2G_F","2","2027",1E-6
"ATX","V2G_F","2","2028",1E-6
"ATX","V2G_F","2","2029",1E-6
"ATX","V2G_F","2","2030",1E-6
"ATX","V2G_F","2","2031",1E-6
"ATX","V2G_F","2","2032",1E-6
"ATX","V2G_F","2","2033",1E-6
"ATX","V2G_F","2","2034",1E-6
"ATX","V2G_F","2","2035",1E-6
"ATX","V2G_F","2","2036",1E-6
"ATX","V2G_F","2","2037",1E-6
"ATX","V2G_F","2","2038",1E-6
"ATX","V2G_F","2","2039",1E-6
"ATX","V2G_F","2","2040",1E-6
"ATX","V2G_F","2","2041",1E-6
"ATX","V2G_F","2","2042",1E-6
"ATX","V2G_F","2","2043",1E-6
"ATX","V2G_F","2","2044",1E-6
"ATX","V2G_F","2","2045",1E-6
"ATX","V2G_F","2","2046",1E-6
"ATX","V2G_F","2","2047",1E-6
"ATX","V2G_F","2","2048",1E-6
"ATX","V2G_F","2","2049",1E-6
"ATX","V2G_F","2","2050",1E-6
"ATX","EV_DISCHARGE_F","1","2015",1E-6
"ATX","EV_DISCHARGE_F","1","2016",1E-6
"ATX","EV_DISCHARGE_F","1","2017",1E-6
"ATX","EV_DISCHARGE_F","1","2018",1E-6
"ATX","EV_DISCHARGE_F","1","2019",1E-6
"ATX","EV_DISCHARGE_F","1","2020",1E-6
"ATX","EV_DISCHARGE_F","1","2021",1E-6
"ATX","EV_DISCHARGE_F","1","2022",1E-6
"ATX","EV_DISCHARGE_F","1","2023",1E-6
"ATX","EV_DISCHARGE_F","1","2024",1E-6
"ATX","EV_DISCHARGE_F","1","2025",1E-6
"ATX","EV_DISCHARGE_F","1","2026",1E-6
"ATX","EV_DISCHARGE_F","1","2027",1E-6
"ATX","EV_DISCHARGE_F","1","2028",1E-6
"ATX","EV_DISCHARGE_F","1","2029",1E-6
"ATX","EV_DISCHARGE_F","1","2030",1E-6
"ATX","EV_DISCHARGE_F","1","2031",1E-6
"ATX","EV_DISCHARGE_F","1","2032",1E-6
"ATX","EV_DISCHARGE_F","1","2033",1E-6
"ATX","EV_DISCHARGE_F","1","2034",1E-6
"ATX","EV_DISCHARGE_F","1","2035",1E-6
"ATX","EV_DISCHARGE_F","1","2036",1E-6
"ATX","EV_DISCHARGE_F","1","2037",1E-6
"ATX","EV_DISCHARGE_F","1","2038",1E-6
"ATX","EV_DISCHARGE_F","1","2039",1E-6
"ATX","EV_DISCHARGE_F","1","2040",1E-6
"ATX","EV_DISCHARGE_F","1","2041",1E-6
"ATX","EV_DISCHARGE_F","1","2042",1E-6
"ATX","EV_DISCHARGE_F","1","2043",1E-6
"ATX","EV_DISCHARGE_F","1","2044",1E-6
"ATX","EV_DISCHARGE_F","1","2045",1E-6
"ATX","EV_DISCHARGE_F","1","2046",1E-6
"ATX","EV_DISCHARGE_F","1","2047",1E-6
"ATX","EV_DISCHARGE_F","1","2048",1E-6
"ATX","EV_DISCHARGE_F","1","2049",1E-6
"ATX","EV_DISCHARGE_F","1","2050",1E-6
"ATX","EV_DISCHARGE_F","2","2015",1E-6
"ATX","EV_DISCHARGE_F","2","2016",1E-6
"ATX","EV_DISCHARGE_F","2","2017",1E-6
"ATX","EV_DISCHARGE_F","2","2018",1E-6
"ATX","EV_DISCHARGE_F","2","2019",1E-6
"ATX","EV_DISCHARGE_F","2","2020",1E-6
"ATX","EV_DISCHARGE_F","2","2021",1E-6
"ATX","EV_DISCHARGE_F","2","2022",1E-6
"ATX","EV_DISCHARGE_F","2","2023",1E-6
"ATX","EV_DISCHARGE_F","2","2024",1E-6
"ATX","EV_DISCHARGE_F","2","2025",1E-6
"ATX","EV_DISCHARGE_F","2","2026",1E-6
"ATX","EV_DISCHARGE_F","2","2027",1E-6
"ATX","EV_DISCHARGE_F","2","2028",1E-6
"ATX","EV_DISCHARGE_F","2","2029",1E-6
"ATX","EV_DISCHARGE_F","2","2030",1E-6
"ATX","EV_DISCHARGE_F","2","2031",1E-6
"ATX","EV_DISCHARGE_F","2","2032",1E-6
"ATX","EV_DISCHARGE_F","2","2033",1E-6
"ATX","EV_DISCHARGE_F","2","2034",1E-6
"ATX","EV_DISCHARGE_F","2","2035",1E-6
"ATX","EV_DISCHARGE_F","2","2036",1E-6
"ATX","EV_DISCHARGE_F","2","2037",1E-6
"ATX","EV_DISCHARGE_F","2","2038",1E-6
"ATX","EV_DISCHARGE_F","2","2039",1E-6
"ATX","EV_DISCHARGE_F","2","2040",1E-6
"ATX","EV_DISCHARGE_F","2","2041",1E-6
"ATX","EV_DISCHARGE_F","2","2042",1E-6
"ATX","EV_DISCHARGE_F","2","2043",1E-6
"ATX","EV_DISCHARGE_F","2","2044",1E-6
"ATX","EV_DISCHARGE_F","2","2045",1E-6
"ATX","EV_DISCHARGE_F","2","2046",1E-6
"ATX","EV_DISCHARGE_F","2","2047",1E-6
"ATX","EV_DISCHARGE_F","2","2048",1E-6
"ATX","EV_DISCHARGE_F","2","2049",1E-6
"ATX","EV_DISCHARGE_F","2","2050",1E-6
"ATX","BUYCOAL","1","2015",1.8956
"ATX","BUYCOAL","1","2016",1.8956
"ATX","BUYCOAL","1","2017",1.8956
"ATX","BUYCOAL","1","2018",1.8956
"ATX","BUYCOAL","1","2019",1.8956
"ATX","BUYCOAL","1","2020",1.8956
"ATX","BUYCOAL","1","2021",1.8956
"ATX","BUYCOAL","1","2022",1.8956
"ATX","BUYCOAL","1","2023",1.8956
"ATX","BUYCOAL","1","2024",1.8956
"ATX","BUYCOAL","1","2025",1.8956
"ATX","BUYCOAL","1","2026",1.8956
"ATX","BUYCOAL","1","2027",1.8956
"ATX","BUYCOAL","1","2028",1.8956
"ATX","BUYCOAL","1","2029",1.8956
"ATX","BUYCOAL","1","2030",1.8956
"ATX","BUYCOAL","1","2031",1.8956
"ATX","BUYCOAL","1","2032",1.8956
"ATX","BUYCOAL","1","2033",1.8956
"ATX","BUYCOAL","1","2034",1.8956
"ATX","BUYCOAL","1","2035",1.8956
"ATX","BUYCOAL","1","2036",1.8956
"ATX","BUYCOAL","1","2037",1.8956
"ATX","BUYCOAL","1","2038",1.8956
"ATX","BUYCOAL","1","2039",1.8956
"ATX","BUYCOAL","1","2040",1.8956
"ATX","BUYCOAL","1","2041",1.8956
"ATX","BUYCOAL","1","2042",1.8956
"ATX","BUYCOAL","1","2043",1.8956
"ATX","BUYCOAL","1","2044",1.8956
"ATX","BUYCOAL","1","2045",1.8956
"ATX","BUYCOAL","1","2046",1.8956
"ATX","BUYCOAL","1","2047",1.8956
"ATX","BUYCOAL","1","2048",1.8956
"ATX","BUYCOAL","1","2049",1.8956
"ATX","BUYCOAL","1","2050",1.8956
"ATX","BUYCOAL","2","2015",1E-6
"ATX","BUYCOAL","2","2016",1E-6
"ATX","BUYCOAL","2","2017",1E-6
"ATX","BUYCOAL","2","2018",1E-6
"ATX","BUYCOAL","2","2019",1E-6
"ATX","BUYCOAL","2","2020",1E-6
"ATX","BUYCOAL","2","2021",1E-6
"ATX","BUYCOAL","2","2022",1E-6
"ATX","BUYCOAL","2","2023",1E-6
"ATX","BUYCOAL","2","2024",1E-6
"ATX","BUYCOAL","2","2025",1E-6
"ATX","BUYCOAL","2","2026",1E-6
"ATX","BUYCOAL","2","2027",1E-6
"ATX","BUYCOAL","2","2028",1E-6
"ATX","BUYCOAL","2","2029",1E-6
"ATX","BUYCOAL","2","2030",1E-6
"ATX","BUYCOAL","2","2031",1E-6
"ATX","BUYCOAL","2","2032",1E-6
"ATX","BUYCOAL","2","2033",1E-6
"ATX","BUYCOAL","2","2034",1E-6
"ATX","BUYCOAL","2","2035",1E-6
"ATX","BUYCOAL","2","2036",1E-6
"ATX","BUYCOAL","2","2037",1E-6
"ATX","BUYCOAL","2","2038",1E-6
"ATX","BUYCOAL","2","2039",1E-6
"ATX","BUYCOAL","2","2040",1E-6
"ATX","BUYCOAL","2","2041",1E-6
"ATX","BUYCOAL","2","2042",1E-6
"ATX","BUYCOAL","2","2043",1E-6
"ATX","BUYCOAL","2","2044",1E-6
"ATX","BUYCOAL","2","2045",1E-6
"ATX","BUYCOAL","2","2046",1E-6
"ATX","BUYCOAL","2","2047",1E-6
"ATX","BUYCOAL","2","2048",1E-6
"ATX","BUYCOAL","2","2049",1E-6
"ATX","BUYCOAL","2","2050",1E-6
"ATX","BUYURN","1","2015",0.502
"ATX","BUYURN","1","2016",0.5197
"ATX","BUYURN","1","2017",0.5541
"ATX","BUYURN","1","2018",0.5728
"ATX","BUYURN","1","2019",0.5748
"ATX","BUYURN","1","2020",0.5728
"ATX","BUYURN","1","2021",0.5905
"ATX","BUYURN","1","2022",0.6132
"ATX","BUYURN","1","2023",0.6378
"ATX","BUYURN","1","2024",0.6516
"ATX","BUYURN","1","2025",0.684
"ATX","BUYURN","1","2026",0.7027
"ATX","BUYURN","1","2027",0.7205
"ATX","BUYURN","1","2028",0.7401
"ATX","BUYURN","1","2029",0.749
"ATX","BUYURN","1","2030",0.7579
"ATX","BUYURN","1","2031",0.7785
"ATX","BUYURN","1","2032",0.8012
"ATX","BUYURN","1","2033",0.8238
"ATX","BUYURN","1","2034",0.8464
"ATX","BUYURN","1","2035",0.8701
"ATX","BUYURN","1","2036",0.8947
"ATX","BUYURN","1","2037",0.9203
"ATX","BUYURN","1","2038",0.9468
"ATX","BUYURN","1","2039",0.9744
"ATX","BUYURN","1","2040",1.001
"ATX","BUYURN","1","2041",1.0305
"ATX","BUYURN","1","2042",1.06
"ATX","BUYURN","1","2043",1.0896
"ATX","BUYURN","1","2044",1.1211
"ATX","BUYURN","1","2045",1.1535
"ATX","BUYURN","1","2046",1.187
"ATX","BUYURN","1","2047",1.2205
"ATX","BUYURN","1","2048",1.2559
"ATX","BUYURN","1","2049",1.2923
"ATX","BUYURN","1","2050",1.3297
"ATX","BUYURN","2","2015",1E-6
"ATX","BUYURN","2","2016",1E-6
"ATX","BUYURN","2","2017",1E-6
"ATX","BUYURN","2","2018",1E-6
"ATX","BUYURN","2","2019",1E-6
"ATX","BUYURN","2","2020",1E-6
"ATX","BUYURN","2","2021",1E-6
"ATX","BUYURN","2","2022",1E-6
"ATX","BUYURN","2","2023",1E-6
"ATX","BUYURN","2","2024",1E-6
"ATX","BUYURN","2","2025",1E-6
"ATX","BUYURN","2","2026",1E-6
"ATX","BUYURN","2","2027",1E-6
"ATX","BUYURN","2","2028",1E-6
"ATX","BUYURN","2","2029",1E-6
"ATX","BUYURN","2","2030",1E-6
"ATX","BUYURN","2","2031",1E-6
"ATX","BUYURN","2","2032",1E-6
"ATX","BUYURN","2","2033",1E-6
"ATX","BUYURN","2","2034",1E-6
"ATX","BUYURN","2","2035",1E-6
"ATX","BUYURN","2","2036",1E-6
"ATX","BUYURN","2","2037",1E-6
"ATX","BUYURN","2","2038",1E-6
"ATX","BUYURN","2","2039",1E-6
"ATX","BUYURN","2","2040",1E-6
"ATX","BUYURN","2","2041",1E-6
"ATX","BUYURN","2","2042",1E-6
"ATX","BUYURN","2","2043",1E-6
"ATX","BUYURN","2","2044",1E-6
"ATX","BUYURN","2","2045",1E-6
"ATX","BUYURN","2","2046",1E-6
"ATX","BUYURN","2","2047",1E-6
"ATX","BUYURN","2","2048",1E-6
"ATX","BUYURN","2","2049",1E-6
"ATX","BUYURN","2","2050",1E-6
"ATX","BUYBIO","1","2015",2.7679
"ATX","BUYBIO","1","2016",2.7679
"ATX","BUYBIO","1","2017",2.7679
"ATX","BUYBIO","1","2018",2.7679
"ATX","BUYBIO","1","2019",2.7679
"ATX","BUYBIO","1","2020",2.7679
"ATX","BUYBIO","1","2021",2.7679
"ATX","BUYBIO","1","2022",2.7679
"ATX","BUYBIO","1","2023",2.7679
"ATX","BUYBIO","1","2024",2.7679
"ATX","BUYBIO","1","2025",2.7679
"ATX","BUYBIO","1","2026",2.7679
"ATX","BUYBIO","1","2027",2.7679
"ATX","BUYBIO","1","2028",2.7679
"ATX","BUYBIO","1","2029",2.7679
"ATX","BUYBIO","1","2030",2.7679
"ATX","BUYBIO","1","2031",2.7679
"ATX","BUYBIO","1","2032",2.7679
"ATX","BUYBIO","1","2033",2.7679
"ATX","BUYBIO","1","2034",2.7679
"ATX","BUYBIO","1","2035",2.7679
"ATX","BUYBIO","1","2036",2.7679
"ATX","BUYBIO","1","2037",2.7679
"ATX","BUYBIO","1","2038",2.7679
"ATX","BUYBIO","1","2039",2.7679
"ATX","BUYBIO","1","2040",2.7679
"ATX","BUYBIO","1","2041",2.7679
"ATX","BUYBIO","1","2042",2.7679
"ATX","BUYBIO","1","2043",2.7679
"ATX","BUYBIO","1","2044",2.7679
"ATX","BUYBIO","1","2045",2.7679
"ATX","BUYBIO","1","2046",2.7679
"ATX","BUYBIO","1","2047",2.7679
"ATX","BUYBIO","1","2048",2.7679
"ATX","BUYBIO","1","2049",2.7679
"ATX","BUYBIO","1","2050",2.7679
"ATX","BUYBIO","2","2015",1E-6
"ATX","BUYBIO","2","2016",1E-6
"ATX","BUYBIO","2","2017",1E-6
"ATX","BUYBIO","2","2018",1E-6
"ATX","BUYBIO","2","2019",1E-6
"ATX","BUYBIO","2","2020",1E-6
"ATX","BUYBIO","2","2021",1E-6
"ATX","BUYBIO","2","2022",1E-6
"ATX","BUYBIO","2","2023",1E-6
"ATX","BUYBIO","2","2024",1E-6
"ATX","BUYBIO","2","2025",1E-6
"ATX","BUYBIO","2","2026",1E-6
"ATX","BUYBIO","2","2027",1E-6
"ATX","BUYBIO","2","2028",1E-6
"ATX","BUYBIO","2","2029",1E-6
"ATX","BUYBIO","2","2030",1E-6
"ATX","BUYBIO","2","2031",1E-6
"ATX","BUYBIO","2","2032",1E-6
"ATX","BUYBIO","2","2033",1E-6
"ATX","BUYBIO","2","2034",1E-6
"ATX","BUYBIO","2","2035",1E-6
"ATX","BUYBIO","2","2036",1E-6
"ATX","BUYBIO","2","2037",1E-6
"ATX","BUYBIO","2","2038",1E-6
"ATX","BUYBIO","2","2039",1E-6
"ATX","BUYBIO","2","2040",1E-6
"ATX","BUYBIO","2","2041",1E-6
"ATX","BUYBIO","2","2042",1E-6
"ATX","BUYBIO","2","2043",1E-6
"ATX","BUYBIO","2","2044",1E-6
"ATX","BUYBIO","2","2045",1E-6
"ATX","BUYBIO","2","2046",1E-6
"ATX","BUYBIO","2","2047",1E-6
"ATX","BUYBIO","2","2048",1E-6
"ATX","BUYBIO","2","2049",1E-6
"ATX","BUYBIO","2","2050",1E-6
"ATX","BUYGAS","1","2015",3.0509
"ATX","BUYGAS","1","2016",2.7999
"ATX","BUYGAS","1","2017",3.278
"ATX","BUYGAS","1","2018",3.5336
"ATX","BUYGAS","1","2019",3.8781
"ATX","BUYGAS","1","2020",4.2108
"ATX","BUYGAS","1","2021",4.247
"ATX","BUYGAS","1","2022",4.2089
"ATX","BUYGAS","1","2023",4.2321
"ATX","BUYGAS","1","2024",4.3475
"ATX","BUYGAS","1","2025",4.4661
"ATX","BUYGAS","1","2026",4.5745
"ATX","BUYGAS","1","2027",4.692
"ATX","BUYGAS","1","2028",4.7904
"ATX","BUYGAS","1","2029",4.8771
"ATX","BUYGAS","1","2030",4.9109
"ATX","BUYGAS","1","2031",4.9307
"ATX","BUYGAS","1","2032",4.9269
"ATX","BUYGAS","1","2033",4.8792
"ATX","BUYGAS","1","2034",4.9029
"ATX","BUYGAS","1","2035",5.0066
"ATX","BUYGAS","1","2036",5.0165
"ATX","BUYGAS","1","2037",5.0503
"ATX","BUYGAS","1","2038",5.0592
"ATX","BUYGAS","1","2039",5.0884
"ATX","BUYGAS","1","2040",5.0488
"ATX","BUYGAS","1","2041",5.0628
"ATX","BUYGAS","1","2042",5.1165
"ATX","BUYGAS","1","2043",5.1946
"ATX","BUYGAS","1","2044",5.2594
"ATX","BUYGAS","1","2045",5.3357
"ATX","BUYGAS","1","2046",5.3972
"ATX","BUYGAS","1","2047",5.4589
"ATX","BUYGAS","1","2048",5.5578
"ATX","BUYGAS","1","2049",5.5895
"ATX","BUYGAS","1","2050",5.6913
"ATX","BUYGAS","2","2015",1E-6
"ATX","BUYGAS","2","2016",1E-6
"ATX","BUYGAS","2","2017",1E-6
"ATX","BUYGAS","2","2018",1E-6
"ATX","BUYGAS","2","2019",1E-6
"ATX","BUYGAS","2","2020",1E-6
"ATX","BUYGAS","2","2021",1E-6
"ATX","BUYGAS","2","2022",1E-6
"ATX","BUYGAS","2","2023",1E-6
"ATX","BUYGAS","2","2024",1E-6
"ATX","BUYGAS","2","2025",1E-6
"ATX","BUYGAS","2","2026",1E-6
"ATX","BUYGAS","2","2027",1E-6
"ATX","BUYGAS","2","2028",1E-6
"ATX","BUYGAS","2","2029",1E-6
"ATX","BUYGAS","2","2030",1E-6
"ATX","BUYGAS","2","2031",1E-6
"ATX","BUYGAS","2","2032",1E-6
"ATX","BUYGAS","2","2033",1E-6
"ATX","BUYGAS","2","2034",1E-6
"ATX","BUYGAS","2","2035",1E-6
"ATX","BUYGAS","2","2036",1E-6
"ATX","BUYGAS","2","2037",1E-6
"ATX","BUYGAS","2","2038",1E-6
"ATX","BUYGAS","2","2039",1E-6
"ATX","BUYGAS","2","2040",1E-6
"ATX","BUYGAS","2","2041",1E-6
"ATX","BUYGAS","2","2042",1E-6
"ATX","BUYGAS","2","2043",1E-6
"ATX","BUYGAS","2","2044",1E-6
"ATX","BUYGAS","2","2045",1E-6
"ATX","BUYGAS","2","2046",1E-6
"ATX","BUYGAS","2","2047",1E-6
"ATX","BUYGAS","2","2048",1E-6
"ATX","BUYGAS","2","2049",1E-6
"ATX","BUYGAS","2","2050",1E-6
"ATX","BUYPET","1","2015",2.43
"ATX","BUYPET","1","2016",2.43
"ATX","BUYPET","1","2017",2.43
"ATX","BUYPET","1","2018",2.43
"ATX","BUYPET","1","2019",2.43
"ATX","BUYPET","1","2020",2.43
"ATX","BUYPET","1","2021",2.43
"ATX","BUYPET","1","2022",2.43
"ATX","BUYPET","1","2023",2.43
"ATX","BUYPET","1","2024",2.43
"ATX","BUYPET","1","2025",2.43
"ATX","BUYPET","1","2026",2.43
"ATX","BUYPET","1","2027",2.43
"ATX","BUYPET","1","2028",2.43
"ATX","BUYPET","1","2029",2.43
"ATX","BUYPET","1","2030",2.43
"ATX","BUYPET","1","2031",2.43
"ATX","BUYPET","1","2032",2.43
"ATX","BUYPET","1","2033",2.43
"ATX","BUYPET","1","2034",2.43
"ATX","BUYPET","1","2035",2.43
"ATX","BUYPET","1","2036",2.43
"ATX","BUYPET","1","2037",2.43
"ATX","BUYPET","1","2038",2.43
"ATX","BUYPET","1","2039",2.43
"ATX","BUYPET","1","2040",2.43
"ATX","BUYPET","1","2041",2.43
"ATX","BUYPET","1","2042",2.43
"ATX","BUYPET","1","2043",2.43
"ATX","BUYPET","1","2044",2.43
"ATX","BUYPET","1","2045",2.43
"ATX","BUYPET","1","2046",2.43
"ATX","BUYPET","1","2047",2.43
"ATX","BUYPET","1","2048",2.43
"ATX","BUYPET","1","2049",2.43
"ATX","BUYPET","1","2050",2.43
"ATX","BUYPET","2","2015",1E-6
"ATX","BUYPET","2","2016",1E-6
"ATX","BUYPET","2","2017",1E-6
"ATX","BUYPET","2","2018",1E-6
"ATX","BUYPET","2","2019",1E-6
"ATX","BUYPET","2","2020",1E-6
"ATX","BUYPET","2","2021",1E-6
"ATX","BUYPET","2","2022",1E-6
"ATX","BUYPET","2","2023",1E-6
"ATX","BUYPET","2","2024",1E-6
"ATX","BUYPET","2","2025",1E-6
"ATX","BUYPET","2","2026",1E-6
"ATX","BUYPET","2","2027",1E-6
"ATX","BUYPET","2","2028",1E-6
"ATX","BUYPET","2","2029",1E-6
"ATX","BUYPET","2","2030",1E-6
"ATX","BUYPET","2","2031",1E-6
"ATX","BUYPET","2","2032",1E-6
"ATX","BUYPET","2","2033",1E-6
"ATX","BUYPET","2","2034",1E-6
"ATX","BUYPET","2","2035",1E-6
"ATX","BUYPET","2","2036",1E-6
"ATX","BUYPET","2","2037",1E-6
"ATX","BUYPET","2","2038",1E-6
"ATX","BUYPET","2","2039",1E-6
"ATX","BUYPET","2","2040",1E-6
"ATX","BUYPET","2","2041",1E-6
"ATX","BUYPET","2","2042",1E-6
"ATX","BUYPET","2","2043",1E-6
"ATX","BUYPET","2","2044",1E-6
"ATX","BUYPET","2","2045",1E-6
"ATX","BUYPET","2","2046",1E-6
"ATX","BUYPET","2","2047",1E-6
"ATX","BUYPET","2","2048",1E-6
"ATX","BUYPET","2","2049",1E-6
"ATX","BUYPET","2","2050",1E-6
"ATX","BUYDSL","1","2015",3.0795
"ATX","BUYDSL","1","2016",2.625
"ATX","BUYDSL","1","2017",2.9659
"ATX","BUYDSL","1","2018",3.0909
"ATX","BUYDSL","1","2019",3.0909
"ATX","BUYDSL","1","2020",3.0909
"ATX","BUYDSL","1","2021",3.0909
"ATX","BUYDSL","1","2022",3.0909
"ATX","BUYDSL","1","2023",3.0909
"ATX","BUYDSL","1","2024",3.0909
"ATX","BUYDSL","1","2025",3.0909
"ATX","BUYDSL","1","2026",3.0909
"ATX","BUYDSL","1","2027",3.0909
"ATX","BUYDSL","1","2028",3.0909
"ATX","BUYDSL","1","2029",3.0909
"ATX","BUYDSL","1","2030",3.0909
"ATX","BUYDSL","1","2031",3.0909
"ATX","BUYDSL","1","2032",3.0909
"ATX","BUYDSL","1","2033",3.0909
"ATX","BUYDSL","1","2034",3.0909
"ATX","BUYDSL","1","2035",3.0909
"ATX","BUYDSL","1","2036",3.0909
"ATX","BUYDSL","1","2037",3.0909
"ATX","BUYDSL","1","2038",3.0909
"ATX","BUYDSL","1","2039",3.0909
"ATX","BUYDSL","1","2040",3.0909
"ATX","BUYDSL","1","2041",3.0909
"ATX","BUYDSL","1","2042",3.0909
"ATX","BUYDSL","1","2043",3.0909
"ATX","BUYDSL","1","2044",3.0909
"ATX","BUYDSL","1","2045",3.0909
"ATX","BUYDSL","1","2046",3.0909
"ATX","BUYDSL","1","2047",3.0909
"ATX","BUYDSL","1","2048",3.0909
"ATX","BUYDSL","1","2049",3.0909
"ATX","BUYDSL","1","2050",3.0909
"ATX","BUYDSL","2","2015",1E-6
"ATX","BUYDSL","2","2016",1E-6
"ATX","BUYDSL","2","2017",1E-6
"ATX","BUYDSL","2","2018",1E-6
"ATX","BUYDSL","2","2019",1E-6
"ATX","BUYDSL","2","2020",1E-6
"ATX","BUYDSL","2","2021",1E-6
"ATX","BUYDSL","2","2022",1E-6
"ATX","BUYDSL","2","2023",1E-6
"ATX","BUYDSL","2","2024",1E-6
"ATX","BUYDSL","2","2025",1E-6
"ATX","BUYDSL","2","2026",1E-6
"ATX","BUYDSL","2","2027",1E-6
"ATX","BUYDSL","2","2028",1E-6
"ATX","BUYDSL","2","2029",1E-6
"ATX","BUYDSL","2","2030",1E-6
"ATX","BUYDSL","2","2031",1E-6
"ATX","BUYDSL","2","2032",1E-6
"ATX","BUYDSL","2","2033",1E-6
"ATX","BUYDSL","2","2034",1E-6
"ATX","BUYDSL","2","2035",1E-6
"ATX","BUYDSL","2","2036",1E-6
"ATX","BUYDSL","2","2037",1E-6
"ATX","BUYDSL","2","2038",1E-6
"ATX","BUYDSL","2","2039",1E-6
"ATX","BUYDSL","2","2040",1E-6
"ATX","BUYDSL","2","2041",1E-6
"ATX","BUYDSL","2","2042",1E-6
"ATX","BUYDSL","2","2043",1E-6
"ATX","BUYDSL","2","2044",1E-6
"ATX","BUYDSL","2","2045",1E-6
"ATX","BUYDSL","2","2046",1E-6
"ATX","BUYDSL","2","2047",1E-6
"ATX","BUYDSL","2","2048",1E-6
"ATX","BUYDSL","2","2049",1E-6
"ATX","BUYDSL","2","2050",1E-6
"ATX","BUYBIO_DSL","1","2015",2.7667
"ATX","BUYBIO_DSL","1","2016",2.7667
"ATX","BUYBIO_DSL","1","2017",2.7667
"ATX","BUYBIO_DSL","1","2018",2.7667
"ATX","BUYBIO_DSL","1","2019",2.7667
"ATX","BUYBIO_DSL","1","2020",2.7667
"ATX","BUYBIO_DSL","1","2021",2.7667
"ATX","BUYBIO_DSL","1","2022",2.7667
"ATX","BUYBIO_DSL","1","2023",2.7667
"ATX","BUYBIO_DSL","1","2024",2.7667
"ATX","BUYBIO_DSL","1","2025",2.7667
"ATX","BUYBIO_DSL","1","2026",2.7667
"ATX","BUYBIO_DSL","1","2027",2.7667
"ATX","BUYBIO_DSL","1","2028",2.7667
"ATX","BUYBIO_DSL","1","2029",2.7667
"ATX","BUYBIO_DSL","1","2030",2.7667
"ATX","BUYBIO_DSL","1","2031",2.7667
"ATX","BUYBIO_DSL","1","2032",2.7667
"ATX","BUYBIO_DSL","1","2033",2.7667
"ATX","BUYBIO_DSL","1","2034",2.7667
"ATX","BUYBIO_DSL","1","2035",2.7667
"ATX","BUYBIO_DSL","1","2036",2.7667
"ATX","BUYBIO_DSL","1","2037",2.7667
"ATX","BUYBIO_DSL","1","2038",2.7667
"ATX","BUYBIO_DSL","1","2039",2.7667
"ATX","BUYBIO_DSL","1","2040",2.7667
"ATX","BUYBIO_DSL","1","2041",2.7667
"ATX","BUYBIO_DSL","1","2042",2.7667
"ATX","BUYBIO_DSL","1","2043",2.7667
"ATX","BUYBIO_DSL","1","2044",2.7667
"ATX","BUYBIO_DSL","1","2045",2.7667
"ATX","BUYBIO_DSL","1","2046",2.7667
"ATX","BUYBIO_DSL","1","2047",2.7667
"ATX","BUYBIO_DSL","1","2048",2.7667
"ATX","BUYBIO_DSL","1","2049",2.7667
"ATX","BUYBIO_DSL","1","2050",2.7667
"ATX","BUYBIO_DSL","2","2015",1E-6
"ATX","BUYBIO_DSL","2","2016",1E-6
"ATX","BUYBIO_DSL","2","2017",1E-6
"ATX","BUYBIO_DSL","2","2018",1E-6
"ATX","BUYBIO_DSL","2","2019",1E-6
"ATX","BUYBIO_DSL","2","2020",1E-6
"ATX","BUYBIO_DSL","2","2021",1E-6
"ATX","BUYBIO_DSL","2","2022",1E-6
"ATX","BUYBIO_DSL","2","2023",1E-6
"ATX","BUYBIO_DSL","2","2024",1E-6
"ATX","BUYBIO_DSL","2","2025",1E-6
"ATX","BUYBIO_DSL","2","2026",1E-6
"ATX","BUYBIO_DSL","2","2027",1E-6
"ATX","BUYBIO_DSL","2","2028",1E-6
"ATX","BUYBIO_DSL","2","2029",1E-6
"ATX","BUYBIO_DSL","2","2030",1E-6
"ATX","BUYBIO_DSL","2","2031",1E-6
"ATX","BUYBIO_DSL","2","2032",1E-6
"ATX","BUYBIO_DSL","2","2033",1E-6
"ATX","BUYBIO_DSL","2","2034",1E-6
"ATX","BUYBIO_DSL","2","2035",1E-6
"ATX","BUYBIO_DSL","2","2036",1E-6
"ATX","BUYBIO_DSL","2","2037",1E-6
"ATX","BUYBIO_DSL","2","2038",1E-6
"ATX","BUYBIO_DSL","2","2039",1E-6
"ATX","BUYBIO_DSL","2","2040",1E-6
"ATX","BUYBIO_DSL","2","2041",1E-6
"ATX","BUYBIO_DSL","2","2042",1E-6
"ATX","BUYBIO_DSL","2","2043",1E-6
"ATX","BUYBIO_DSL","2","2044",1E-6
"ATX","BUYBIO_DSL","2","2045",1E-6
"ATX","BUYBIO_DSL","2","2046",1E-6
"ATX","BUYBIO_DSL","2","2047",1E-6
"ATX","BUYBIO_DSL","2","2048",1E-6
"ATX","BUYBIO_DSL","2","2049",1E-6
"ATX","BUYBIO_DSL","2","2050",1E-6
"ATX","SOLPOT","1","2015",1E-6
"ATX","SOLPOT","1","2016",1E-6
"ATX","SOLPOT","1","2017",1E-6
"ATX","SOLPOT","1","2018",1E-6
"ATX","SOLPOT","1","2019",1E-6
"ATX","SOLPOT","1","2020",1E-6
"ATX","SOLPOT","1","2021",1E-6
"ATX","SOLPOT","1","2022",1E-6
"ATX","SOLPOT","1","2023",1E-6
"ATX","SOLPOT","1","2024",1E-6
"ATX","SOLPOT","1","2025",1E-6
"ATX","SOLPOT","1","2026",1E-6
"ATX","SOLPOT","1","2027",1E-6
"ATX","SOLPOT","1","2028",1E-6
"ATX","SOLPOT","1","2029",1E-6
"ATX","SOLPOT","1","2030",1E-6
"ATX","SOLPOT","1","2031",1E-6
"ATX","SOLPOT","1","2032",1E-6
"ATX","SOLPOT","1","2033",1E-6
"ATX","SOLPOT","1","2034",1E-6
"ATX","SOLPOT","1","2035",1E-6
"ATX","SOLPOT","1","2036",1E-6
"ATX","SOLPOT","1","2037",1E-6
"ATX","SOLPOT","1","2038",1E-6
"ATX","SOLPOT","1","2039",1E-6
"ATX","SOLPOT","1","2040",1E-6
"ATX","SOLPOT","1","2041",1E-6
"ATX","SOLPOT","1","2042",1E-6
"ATX","SOLPOT","1","2043",1E-6
"ATX","SOLPOT","1","2044",1E-6
"ATX","SOLPOT","1","2045",1E-6
"ATX","SOLPOT","1","2046",1E-6
"ATX","SOLPOT","1","2047",1E-6
"ATX","SOLPOT","1","2048",1E-6
"ATX","SOLPOT","1","2049",1E-6
"ATX","SOLPOT","1","2050",1E-6
"ATX","SOLPOT","2","2015",1E-6
"ATX","SOLPOT","2","2016",1E-6
"ATX","SOLPOT","2","2017",1E-6
"ATX","SOLPOT","2","2018",1E-6
"ATX","SOLPOT","2","2019",1E-6
"ATX","SOLPOT","2","2020",1E-6
"ATX","SOLPOT","2","2021",1E-6
"ATX","SOLPOT","2","2022",1E-6
"ATX","SOLPOT","2","2023",1E-6
"ATX","SOLPOT","2","2024",1E-6
"ATX","SOLPOT","2","2025",1E-6
"ATX","SOLPOT","2","2026",1E-6
"ATX","SOLPOT","2","2027",1E-6
"ATX","SOLPOT","2","2028",1E-6
"ATX","SOLPOT","2","2029",1E-6
"ATX","SOLPOT","2","2030",1E-6
"ATX","SOLPOT","2","2031",1E-6
"ATX","SOLPOT","2","2032",1E-6
"ATX","SOLPOT","2","2033",1E-6
"ATX","SOLPOT","2","2034",1E-6
"ATX","SOLPOT","2","2035",1E-6
"ATX","SOLPOT","2","2036",1E-6
"ATX","SOLPOT","2","2037",1E-6
"ATX","SOLPOT","2","2038",1E-6
"ATX","SOLPOT","2","2039",1E-6
"ATX","SOLPOT","2","2040",1E-6
"ATX","SOLPOT","2","2041",1E-6
"ATX","SOLPOT","2","2042",1E-6
"ATX","SOLPOT","2","2043",1E-6
"ATX","SOLPOT","2","2044",1E-6
"ATX","SOLPOT","2","2045",1E-6
"ATX","SOLPOT","2","2046",1E-6
"ATX","SOLPOT","2","2047",1E-6
"ATX","SOLPOT","2","2048",1E-6
"ATX","SOLPOT","2","2049",1E-6
"ATX","SOLPOT","2","2050",1E-6
"ATX","WINDPOT","1","2015",1E-6
"ATX","WINDPOT","1","2016",1E-6
"ATX","WINDPOT","1","2017",1E-6
"ATX","WINDPOT","1","2018",1E-6
"ATX","WINDPOT","1","2019",1E-6
"ATX","WINDPOT","1","2020",1E-6
"ATX","WINDPOT","1","2021",1E-6
"ATX","WINDPOT","1","2022",1E-6
"ATX","WINDPOT","1","2023",1E-6
"ATX","WINDPOT","1","2024",1E-6
"ATX","WINDPOT","1","2025",1E-6
"ATX","WINDPOT","1","2026",1E-6
"ATX","WINDPOT","1","2027",1E-6
"ATX","WINDPOT","1","2028",1E-6
"ATX","WINDPOT","1","2029",1E-6
"ATX","WINDPOT","1","2030",1E-6
"ATX","WINDPOT","1","2031",1E-6
"ATX","WINDPOT","1","2032",1E-6
"ATX","WINDPOT","1","2033",1E-6
"ATX","WINDPOT","1","2034",1E-6
"ATX","WINDPOT","1","2035",1E-6
"ATX","WINDPOT","1","2036",1E-6
"ATX","WINDPOT","1","2037",1E-6
"ATX","WINDPOT","1","2038",1E-6
"ATX","WINDPOT","1","2039",1E-6
"ATX","WINDPOT","1","2040",1E-6
"ATX","WINDPOT","1","2041",1E-6
"ATX","WINDPOT","1","2042",1E-6
"ATX","WINDPOT","1","2043",1E-6
"ATX","WINDPOT","1","2044",1E-6
"ATX","WINDPOT","1","2045",1E-6
"ATX","WINDPOT","1","2046",1E-6
"ATX","WINDPOT","1","2047",1E-6
"ATX","WINDPOT","1","2048",1E-6
"ATX","WINDPOT","1","2049",1E-6
"ATX","WINDPOT","1","2050",1E-6
"ATX","WINDPOT","2","2015",1E-6
"ATX","WINDPOT","2","2016",1E-6
"ATX","WINDPOT","2","2017",1E-6
"ATX","WINDPOT","2","2018",1E-6
"ATX","WINDPOT","2","2019",1E-6
"ATX","WINDPOT","2","2020",1E-6
"ATX","WINDPOT","2","2021",1E-6
"ATX","WINDPOT","2","2022",1E-6
"ATX","WINDPOT","2","2023",1E-6
"ATX","WINDPOT","2","2024",1E-6
"ATX","WINDPOT","2","2025",1E-6
"ATX","WINDPOT","2","2026",1E-6
"ATX","WINDPOT","2","2027",1E-6
"ATX","WINDPOT","2","2028",1E-6
"ATX","WINDPOT","2","2029",1E-6
"ATX","WINDPOT","2","2030",1E-6
"ATX","WINDPOT","2","2031",1E-6
"ATX","WINDPOT","2","2032",1E-6
"ATX","WINDPOT","2","2033",1E-6
"ATX","WINDPOT","2","2034",1E-6
"ATX","WINDPOT","2","2035",1E-6
"ATX","WINDPOT","2","2036",1E-6
"ATX","WINDPOT","2","2037",1E-6
"ATX","WINDPOT","2","2038",1E-6
"ATX","WINDPOT","2","2039",1E-6
"ATX","WINDPOT","2","2040",1E-6
"ATX","WINDPOT","2","2041",1E-6
"ATX","WINDPOT","2","2042",1E-6
"ATX","WINDPOT","2","2043",1E-6
"ATX","WINDPOT","2","2044",1E-6
"ATX","WINDPOT","2","2045",1E-6
"ATX","WINDPOT","2","2046",1E-6
"ATX","WINDPOT","2","2047",1E-6
"ATX","WINDPOT","2","2048",1E-6
"ATX","WINDPOT","2","2049",1E-6
"ATX","WINDPOT","2","2050",1E-6
"ATX","HYDROPOT","1","2015",1E-6
"ATX","HYDROPOT","1","2016",1E-6
"ATX","HYDROPOT","1","2017",1E-6
"ATX","HYDROPOT","1","2018",1E-6
"ATX","HYDROPOT","1","2019",1E-6
"ATX","HYDROPOT","1","2020",1E-6
"ATX","HYDROPOT","1","2021",1E-6
"ATX","HYDROPOT","1","2022",1E-6
"ATX","HYDROPOT","1","2023",1E-6
"ATX","HYDROPOT","1","2024",1E-6
"ATX","HYDROPOT","1","2025",1E-6
"ATX","HYDROPOT","1","2026",1E-6
"ATX","HYDROPOT","1","2027",1E-6
"ATX","HYDROPOT","1","2028",1E-6
"ATX","HYDROPOT","1","2029",1E-6
"ATX","HYDROPOT","1","2030",1E-6
"ATX","HYDROPOT","1","2031",1E-6
"ATX","HYDROPOT","1","2032",1E-6
"ATX","HYDROPOT","1","2033",1E-6
"ATX","HYDROPOT","1","2034",1E-6
"ATX","HYDROPOT","1","2035",1E-6
"ATX","HYDROPOT","1","2036",1E-6
"ATX","HYDROPOT","1","2037",1E-6
"ATX","HYDROPOT","1","2038",1E-6
"ATX","HYDROPOT","1","2039",1E-6
"ATX","HYDROPOT","1","2040",1E-6
"ATX","HYDROPOT","1","2041",1E-6
"ATX","HYDROPOT","1","2042",1E-6
"ATX","HYDROPOT","1","2043",1E-6
"ATX","HYDROPOT","1","2044",1E-6
"ATX","HYDROPOT","1","2045",1E-6
"ATX","HYDROPOT","1","2046",1E-6
"ATX","HYDROPOT","1","2047",1E-6
"ATX","HYDROPOT","1","2048",1E-6
"ATX","HYDROPOT","1","2049",1E-6
"ATX","HYDROPOT","1","2050",1E-6
"ATX","HYDROPOT","2","2015",1E-6
"ATX","HYDROPOT","2","2016",1E-6
"ATX","HYDROPOT","2","2017",1E-6
"ATX","HYDROPOT","2","2018",1E-6
"ATX","HYDROPOT","2","2019",1E-6
"ATX","HYDROPOT","2","2020",1E-6
"ATX","HYDROPOT","2","2021",1E-6
"ATX","HYDROPOT","2","2022",1E-6
"ATX","HYDROPOT","2","2023",1E-6
"ATX","HYDROPOT","2","2024",1E-6
"ATX","HYDROPOT","2","2025",1E-6
"ATX","HYDROPOT","2","2026",1E-6
"ATX","HYDROPOT","2","2027",1E-6
"ATX","HYDROPOT","2","2028",1E-6
"ATX","HYDROPOT","2","2029",1E-6
"ATX","HYDROPOT","2","2030",1E-6
"ATX","HYDROPOT","2","2031",1E-6
"ATX","HYDROPOT","2","2032",1E-6
"ATX","HYDROPOT","2","2033",1E-6
"ATX","HYDROPOT","2","2034",1E-6
"ATX","HYDROPOT","2","2035",1E-6
"ATX","HYDROPOT","2","2036",1E-6
"ATX","HYDROPOT","2","2037",1E-6
"ATX","HYDROPOT","2","2038",1E-6
"ATX","HYDROPOT","2","2039",1E-6
"ATX","HYDROPOT","2","2040",1E-6
"ATX","HYDROPOT","2","2041",1E-6
"ATX","HYDROPOT","2","2042",1E-6
"ATX","HYDROPOT","2","2043",1E-6
"ATX","HYDROPOT","2","2044",1E-6
"ATX","HYDROPOT","2","2045",1E-6
"ATX","HYDROPOT","2","2046",1E-6
"ATX","HYDROPOT","2","2047",1E-6
"ATX","HYDROPOT","2","2048",1E-6
"ATX","HYDROPOT","2","2049",1E-6
"ATX","HYDROPOT","2","2050",1E-6
"ATX","ICE_PET","1","2015",0.08
"ATX","ICE_PET","1","2016",0.08
"ATX","ICE_PET","1","2017",0.08
"ATX","ICE_PET","1","2018",0.08
"ATX","ICE_PET","1","2019",0.08
"ATX","ICE_PET","1","2020",0.08
"ATX","ICE_PET","1","2021",0.08
"ATX","ICE_PET","1","2022",0.08
"ATX","ICE_PET","1","2023",0.08
"ATX","ICE_PET","1","2024",0.08
"ATX","ICE_PET","1","2025",0.08
"ATX","ICE_PET","1","2026",0.08
"ATX","ICE_PET","1","2027",0.08
"ATX","ICE_PET","1","2028",0.08
"ATX","ICE_PET","1","2029",0.08
"ATX","ICE_PET","1","2030",0.08
"ATX","ICE_PET","1","2031",0.08
"ATX","ICE_PET","1","2032",0.08
"ATX","ICE_PET","1","2033",0.08
"ATX","ICE_PET","1","2034",0.08
"ATX","ICE_PET","1","2035",0.08
"ATX","ICE_PET","1","2036",0.08
"ATX","ICE_PET","1","2037",0.08
"ATX","ICE_PET","1","2038",0.08
"ATX","ICE_PET","1","2039",0.08
"ATX","ICE_PET","1","2040",0.08
"ATX","ICE_PET","1","2041",0.08
"ATX","ICE_PET","1","2042",0.08
"ATX","ICE_PET","1","2043",0.08
"ATX","ICE_PET","1","2044",0.08
"ATX","ICE_PET","1","2045",0.08
"ATX","ICE_PET","1","2046",0.08
"ATX","ICE_PET","1","2047",0.08
"ATX","ICE_PET","1","2048",0.08
"ATX","ICE_PET","1","2049",0.08
"ATX","ICE_PET","1","2050",0.08
"ATX","ICE_PET","2","2015",1E-6
"ATX","ICE_PET","2","2016",1E-6
"ATX","ICE_PET","2","2017",1E-6
"ATX","ICE_PET","2","2018",1E-6
"ATX","ICE_PET","2","2019",1E-6
"ATX","ICE_PET","2","2020",1E-6
"ATX","ICE_PET","2","2021",1E-6
"ATX","ICE_PET","2","2022",1E-6
"ATX","ICE_PET","2","2023",1E-6
"ATX","ICE_PET","2","2024",1E-6
"ATX","ICE_PET","2","2025",1E-6
"ATX","ICE_PET","2","2026",1E-6
"ATX","ICE_PET","2","2027",1E-6
"ATX","ICE_PET","2","2028",1E-6
"ATX","ICE_PET","2","2029",1E-6
"ATX","ICE_PET","2","2030",1E-6
"ATX","ICE_PET","2","2031",1E-6
"ATX","ICE_PET","2","2032",1E-6
"ATX","ICE_PET","2","2033",1E-6
"ATX","ICE_PET","2","2034",1E-6
"ATX","ICE_PET","2","2035",1E-6
"ATX","ICE_PET","2","2036",1E-6
"ATX","ICE_PET","2","2037",1E-6
"ATX","ICE_PET","2","2038",1E-6
"ATX","ICE_PET","2","2039",1E-6
"ATX","ICE_PET","2","2040",1E-6
"ATX","ICE_PET","2","2041",1E-6
"ATX","ICE_PET","2","2042",1E-6
"ATX","ICE_PET","2","2043",1E-6
"ATX","ICE_PET","2","2044",1E-6
"ATX","ICE_PET","2","2045",1E-6
"ATX","ICE_PET","2","2046",1E-6
"ATX","ICE_PET","2","2047",1E-6
"ATX","ICE_PET","2","2048",1E-6
"ATX","ICE_PET","2","2049",1E-6
"ATX","ICE_PET","2","2050",1E-6
"ATX","ICE_DSL","1","2015",0.08
"ATX","ICE_DSL","1","2016",0.08
"ATX","ICE_DSL","1","2017",0.08
"ATX","ICE_DSL","1","2018",0.08
"ATX","ICE_DSL","1","2019",0.08
"ATX","ICE_DSL","1","2020",0.08
"ATX","ICE_DSL","1","2021",0.08
"ATX","ICE_DSL","1","2022",0.08
"ATX","ICE_DSL","1","2023",0.08
"ATX","ICE_DSL","1","2024",0.08
"ATX","ICE_DSL","1","2025",0.08
"ATX","ICE_DSL","1","2026",0.08
"ATX","ICE_DSL","1","2027",0.08
"ATX","ICE_DSL","1","2028",0.08
"ATX","ICE_DSL","1","2029",0.08
"ATX","ICE_DSL","1","2030",0.08
"ATX","ICE_DSL","1","2031",0.08
"ATX","ICE_DSL","1","2032",0.08
"ATX","ICE_DSL","1","2033",0.08
"ATX","ICE_DSL","1","2034",0.08
"ATX","ICE_DSL","1","2035",0.08
"ATX","ICE_DSL","1","2036",0.08
"ATX","ICE_DSL","1","2037",0.08
"ATX","ICE_DSL","1","2038",0.08
"ATX","ICE_DSL","1","2039",0.08
"ATX","ICE_DSL","1","2040",0.08
"ATX","ICE_DSL","1","2041",0.08
"ATX","ICE_DSL","1","2042",0.08
"ATX","ICE_DSL","1","2043",0.08
"ATX","ICE_DSL","1","2044",0.08
"ATX","ICE_DSL","1","2045",0.08
"ATX","ICE_DSL","1","2046",0.08
"ATX","ICE_DSL","1","2047",0.08
"ATX","ICE_DSL","1","2048",0.08
"ATX","ICE_DSL","1","2049",0.08
"ATX","ICE_DSL","1","2050",0.08
"ATX","ICE_DSL","2","2015",1E-6
"ATX","ICE_DSL","2","2016",1E-6
"ATX","ICE_DSL","2","2017",1E-6
"ATX","ICE_DSL","2","2018",1E-6
"ATX","ICE_DSL","2","2019",1E-6
"ATX","ICE_DSL","2","2020",1E-6
"ATX","ICE_DSL","2","2021",1E-6
"ATX","ICE_DSL","2","2022",1E-6
"ATX","ICE_DSL","2","2023",1E-6
"ATX","ICE_DSL","2","2024",1E-6
"ATX","ICE_DSL","2","2025",1E-6
"ATX","ICE_DSL","2","2026",1E-6
"ATX","ICE_DSL","2","2027",1E-6
"ATX","ICE_DSL","2","2028",1E-6
"ATX","ICE_DSL","2","2029",1E-6
"ATX","ICE_DSL","2","2030",1E-6
"ATX","ICE_DSL","2","2031",1E-6
"ATX","ICE_DSL","2","2032",1E-6
"ATX","ICE_DSL","2","2033",1E-6
"ATX","ICE_DSL","2","2034",1E-6
"ATX","ICE_DSL","2","2035",1E-6
"ATX","ICE_DSL","2","2036",1E-6
"ATX","ICE_DSL","2","2037",1E-6
"ATX","ICE_DSL","2","2038",1E-6
"ATX","ICE_DSL","2","2039",1E-6
"ATX","ICE_DSL","2","2040",1E-6
"ATX","ICE_DSL","2","2041",1E-6
"ATX","ICE_DSL","2","2042",1E-6
"ATX","ICE_DSL","2","2043",1E-6
"ATX","ICE_DSL","2","2044",1E-6
"ATX","ICE_DSL","2","2045",1E-6
"ATX","ICE_DSL","2","2046",1E-6
"ATX","ICE_DSL","2","2047",1E-6
"ATX","ICE_DSL","2","2048",1E-6
"ATX","ICE_DSL","2","2049",1E-6
"ATX","ICE_DSL","2","2050",1E-6
"ATX","PHEV","1","2015",0.07
"ATX","PHEV","1","2016",0.07
"ATX","PHEV","1","2017",0.07
"ATX","PHEV","1","2018",0.07
"ATX","PHEV","1","2019",0.07
"ATX","PHEV","1","2020",0.07
"ATX","PHEV","1","2021",0.07
"ATX","PHEV","1","2022",0.07
"ATX","PHEV","1","2023",0.07
"ATX","PHEV","1","2024",0.07
"ATX","PHEV","1","2025",0.07
"ATX","PHEV","1","2026",0.07
"ATX","PHEV","1","2027",0.07
"ATX","PHEV","1","2028",0.07
"ATX","PHEV","1","2029",0.07
"ATX","PHEV","1","2030",0.07
"ATX","PHEV","1","2031",0.07
"ATX","PHEV","1","2032",0.07
"ATX","PHEV","1","2033",0.07
"ATX","PHEV","1","2034",0.07
"ATX","PHEV","1","2035",0.07
"ATX","PHEV","1","2036",0.07
"ATX","PHEV","1","2037",0.07
"ATX","PHEV","1","2038",0.07
"ATX","PHEV","1","2039",0.07
"ATX","PHEV","1","2040",0.07
"ATX","PHEV","1","2041",0.07
"ATX","PHEV","1","2042",0.07
"ATX","PHEV","1","2043",0.07
"ATX","PHEV","1","2044",0.07
"ATX","PHEV","1","2045",0.07
"ATX","PHEV","1","2046",0.07
"ATX","PHEV","1","2047",0.07
"ATX","PHEV","1","2048",0.07
"ATX","PHEV","1","2049",0.07
"ATX","PHEV","1","2050",0.07
"ATX","PHEV","2","2015",1E-6
"ATX","PHEV","2","2016",1E-6
"ATX","PHEV","2","2017",1E-6
"ATX","PHEV","2","2018",1E-6
"ATX","PHEV","2","2019",1E-6
"ATX","PHEV","2","2020",1E-6
"ATX","PHEV","2","2021",1E-6
"ATX","PHEV","2","2022",1E-6
"ATX","PHEV","2","2023",1E-6
"ATX","PHEV","2","2024",1E-6
"ATX","PHEV","2","2025",1E-6
"ATX","PHEV","2","2026",1E-6
"ATX","PHEV","2","2027",1E-6
"ATX","PHEV","2","2028",1E-6
"ATX","PHEV","2","2029",1E-6
"ATX","PHEV","2","2030",1E-6
"ATX","PHEV","2","2031",1E-6
"ATX","PHEV","2","2032",1E-6
"ATX","PHEV","2","2033",1E-6
"ATX","PHEV","2","2034",1E-6
"ATX","PHEV","2","2035",1E-6
"ATX","PHEV","2","2036",1E-6
"ATX","PHEV","2","2037",1E-6
"ATX","PHEV","2","2038",1E-6
"ATX","PHEV","2","2039",1E-6
"ATX","PHEV","2","2040",1E-6
"ATX","PHEV","2","2041",1E-6
"ATX","PHEV","2","2042",1E-6
"ATX","PHEV","2","2043",1E-6
"ATX","PHEV","2","2044",1E-6
"ATX","PHEV","2","2045",1E-6
"ATX","PHEV","2","2046",1E-6
"ATX","PHEV","2","2047",1E-6
"ATX","PHEV","2","2048",1E-6
"ATX","PHEV","2","2049",1E-6
"ATX","PHEV","2","2050",1E-6
"ATX","HYBRID","1","2015",0.07
"ATX","HYBRID","1","2016",0.07
"ATX","HYBRID","1","2017",0.07
"ATX","HYBRID","1","2018",0.07
"ATX","HYBRID","1","2019",0.07
"ATX","HYBRID","1","2020",0.07
"ATX","HYBRID","1","2021",0.07
"ATX","HYBRID","1","2022",0.07
"ATX","HYBRID","1","2023",0.07
"ATX","HYBRID","1","2024",0.07
"ATX","HYBRID","1","2025",0.07
"ATX","HYBRID","1","2026",0.07
"ATX","HYBRID","1","2027",0.07
"ATX","HYBRID","1","2028",0.07
"ATX","HYBRID","1","2029",0.07
"ATX","HYBRID","1","2030",0.07
"ATX","HYBRID","1","2031",0.07
"ATX","HYBRID","1","2032",0.07
"ATX","HYBRID","1","2033",0.07
"ATX","HYBRID","1","2034",0.07
"ATX","HYBRID","1","2035",0.07
"ATX","HYBRID","1","2036",0.07
"ATX","HYBRID","1","2037",0.07
"ATX","HYBRID","1","2038",0.07
"ATX","HYBRID","1","2039",0.07
"ATX","HYBRID","1","2040",0.07
"ATX","HYBRID","1","2041",0.07
"ATX","HYBRID","1","2042",0.07
"ATX","HYBRID","1","2043",0.07
"ATX","HYBRID","1","2044",0.07
"ATX","HYBRID","1","2045",0.07
"ATX","HYBRID","1","2046",0.07
"ATX","HYBRID","1","2047",0.07
"ATX","HYBRID","1","2048",0.07
"ATX","HYBRID","1","2049",0.07
"ATX","HYBRID","1","2050",0.07
"ATX","HYBRID","2","2015",1E-6
"ATX","HYBRID","2","2016",1E-6
"ATX","HYBRID","2","2017",1E-6
"ATX","HYBRID","2","2018",1E-6
"ATX","HYBRID","2","2019",1E-6
"ATX","HYBRID","2","2020",1E-6
"ATX","HYBRID","2","2021",1E-6
"ATX","HYBRID","2","2022",1E-6
"ATX","HYBRID","2","2023",1E-6
"ATX","HYBRID","2","2024",1E-6
"ATX","HYBRID","2","2025",1E-6
"ATX","HYBRID","2","2026",1E-6
"ATX","HYBRID","2","2027",1E-6
"ATX","HYBRID","2","2028",1E-6
"ATX","HYBRID","2","2029",1E-6
"ATX","HYBRID","2","2030",1E-6
"ATX","HYBRID","2","2031",1E-6
"ATX","HYBRID","2","2032",1E-6
"ATX","HYBRID","2","2033",1E-6
"ATX","HYBRID","2","2034",1E-6
"ATX","HYBRID","2","2035",1E-6
"ATX","HYBRID","2","2036",1E-6
"ATX","HYBRID","2","2037",1E-6
"ATX","HYBRID","2","2038",1E-6
"ATX","HYBRID","2","2039",1E-6
"ATX","HYBRID","2","2040",1E-6
"ATX","HYBRID","2","2041",1E-6
"ATX","HYBRID","2","2042",1E-6
"ATX","HYBRID","2","2043",1E-6
"ATX","HYBRID","2","2044",1E-6
"ATX","HYBRID","2","2045",1E-6
"ATX","HYBRID","2","2046",1E-6
"ATX","HYBRID","2","2047",1E-6
"ATX","HYBRID","2","2048",1E-6
"ATX","HYBRID","2","2049",1E-6
"ATX","HYBRID","2","2050",1E-6
"ATX","H2V","1","2015",0.065
"ATX","H2V","1","2016",0.065
"ATX","H2V","1","2017",0.065
"ATX","H2V","1","2018",0.065
"ATX","H2V","1","2019",0.065
"ATX","H2V","1","2020",0.065
"ATX","H2V","1","2021",0.065
"ATX","H2V","1","2022",0.065
"ATX","H2V","1","2023",0.065
"ATX","H2V","1","2024",0.065
"ATX","H2V","1","2025",0.065
"ATX","H2V","1","2026",0.065
"ATX","H2V","1","2027",0.065
"ATX","H2V","1","2028",0.065
"ATX","H2V","1","2029",0.065
"ATX","H2V","1","2030",0.065
"ATX","H2V","1","2031",0.065
"ATX","H2V","1","2032",0.065
"ATX","H2V","1","2033",0.065
"ATX","H2V","1","2034",0.065
"ATX","H2V","1","2035",0.065
"ATX","H2V","1","2036",0.065
"ATX","H2V","1","2037",0.065
"ATX","H2V","1","2038",0.065
"ATX","H2V","1","2039",0.065
"ATX","H2V","1","2040",0.065
"ATX","H2V","1","2041",0.065
"ATX","H2V","1","2042",0.065
"ATX","H2V","1","2043",0.065
"ATX","H2V","1","2044",0.065
"ATX","H2V","1","2045",0.065
"ATX","H2V","1","2046",0.065
"ATX","H2V","1","2047",0.065
"ATX","H2V","1","2048",0.065
"ATX","H2V","1","2049",0.065
"ATX","H2V","1","2050",0.065
"ATX","H2V","2","2015",1E-6
"ATX","H2V","2","2016",1E-6
"ATX","H2V","2","2017",1E-6
"ATX","H2V","2","2018",1E-6
"ATX","H2V","2","2019",1E-6
"ATX","H2V","2","2020",1E-6
"ATX","H2V","2","2021",1E-6
"ATX","H2V","2","2022",1E-6
"ATX","H2V","2","2023",1E-6
"ATX","H2V","2","2024",1E-6
"ATX","H2V","2","2025",1E-6
"ATX","H2V","2","2026",1E-6
"ATX","H2V","2","2027",1E-6
"ATX","H2V","2","2028",1E-6
"ATX","H2V","2","2029",1E-6
"ATX","H2V","2","2030",1E-6
"ATX","H2V","2","2031",1E-6
"ATX","H2V","2","2032",1E-6
"ATX","H2V","2","2033",1E-6
"ATX","H2V","2","2034",1E-6
"ATX","H2V","2","2035",1E-6
"ATX","H2V","2","2036",1E-6
"ATX","H2V","2","2037",1E-6
"ATX","H2V","2","2038",1E-6
"ATX","H2V","2","2039",1E-6
"ATX","H2V","2","2040",1E-6
"ATX","H2V","2","2041",1E-6
"ATX","H2V","2","2042",1E-6
"ATX","H2V","2","2043",1E-6
"ATX","H2V","2","2044",1E-6
"ATX","H2V","2","2045",1E-6
"ATX","H2V","2","2046",1E-6
"ATX","H2V","2","2047",1E-6
"ATX","H2V","2","2048",1E-6
"ATX","H2V","2","2049",1E-6
"ATX","H2V","2","2050",1E-6
"ATX","EV","1","2015",0.065
"ATX","EV","1","2016",0.065
"ATX","EV","1","2017",0.065
"ATX","EV","1","2018",0.065
"ATX","EV","1","2019",0.065
"ATX","EV","1","2020",0.065
"ATX","EV","1","2021",0.065
"ATX","EV","1","2022",0.065
"ATX","EV","1","2023",0.065
"ATX","EV","1","2024",0.065
"ATX","EV","1","2025",0.065
"ATX","EV","1","2026",0.065
"ATX","EV","1","2027",0.065
"ATX","EV","1","2028",0.065
"ATX","EV","1","2029",0.065
"ATX","EV","1","2030",0.065
"ATX","EV","1","2031",0.065
"ATX","EV","1","2032",0.065
"ATX","EV","1","2033",0.065
"ATX","EV","1","2034",0.065
"ATX","EV","1","2035",0.065
"ATX","EV","1","2036",0.065
"ATX","EV","1","2037",0.065
"ATX","EV","1","2038",0.065
"ATX","EV","1","2039",0.065
"ATX","EV","1","2040",0.065
"ATX","EV","1","2041",0.065
"ATX","EV","1","2042",0.065
"ATX","EV","1","2043",0.065
"ATX","EV","1","2044",0.065
"ATX","EV","1","2045",0.065
"ATX","EV","1","2046",0.065
"ATX","EV","1","2047",0.065
"ATX","EV","1","2048",0.065
"ATX","EV","1","2049",0.065
"ATX","EV","1","2050",0.065
"ATX","EV","2","2015",1E-6
"ATX","EV","2","2016",1E-6
"ATX","EV","2","2017",1E-6
"ATX","EV","2","2018",1E-6
"ATX","EV","2","2019",1E-6
"ATX","EV","2","2020",1E-6
"ATX","EV","2","2021",1E-6
"ATX","EV","2","2022",1E-6
"ATX","EV","2","2023",1E-6
"ATX","EV","2","2024",1E-6
"ATX","EV","2","2025",1E-6
"ATX","EV","2","2026",1E-6
"ATX","EV","2","2027",1E-6
"ATX","EV","2","2028",1E-6
"ATX","EV","2","2029",1E-6
"ATX","EV","2","2030",1E-6
"ATX","EV","2","2031",1E-6
"ATX","EV","2","2032",1E-6
"ATX","EV","2","2033",1E-6
"ATX","EV","2","2034",1E-6
"ATX","EV","2","2035",1E-6
"ATX","EV","2","2036",1E-6
"ATX","EV","2","2037",1E-6
"ATX","EV","2","2038",1E-6
"ATX","EV","2","2039",1E-6
"ATX","EV","2","2040",1E-6
"ATX","EV","2","2041",1E-6
"ATX","EV","2","2042",1E-6
"ATX","EV","2","2043",1E-6
"ATX","EV","2","2044",1E-6
"ATX","EV","2","2045",1E-6
"ATX","EV","2","2046",1E-6
"ATX","EV","2","2047",1E-6
"ATX","EV","2","2048",1E-6
"ATX","EV","2","2049",1E-6
"ATX","EV","2","2050",1E-6
"ATX","ICE_PET_F","1","2015",0.08
"ATX","ICE_PET_F","1","2016",0.08
"ATX","ICE_PET_F","1","2017",0.08
"ATX","ICE_PET_F","1","2018",0.08
"ATX","ICE_PET_F","1","2019",0.08
"ATX","ICE_PET_F","1","2020",0.08
"ATX","ICE_PET_F","1","2021",0.08
"ATX","ICE_PET_F","1","2022",0.08
"ATX","ICE_PET_F","1","2023",0.08
"ATX","ICE_PET_F","1","2024",0.08
"ATX","ICE_PET_F","1","2025",0.08
"ATX","ICE_PET_F","1","2026",0.08
"ATX","ICE_PET_F","1","2027",0.08
"ATX","ICE_PET_F","1","2028",0.08
"ATX","ICE_PET_F","1","2029",0.08
"ATX","ICE_PET_F","1","2030",0.08
"ATX","ICE_PET_F","1","2031",0.08
"ATX","ICE_PET_F","1","2032",0.08
"ATX","ICE_PET_F","1","2033",0.08
"ATX","ICE_PET_F","1","2034",0.08
"ATX","ICE_PET_F","1","2035",0.08
"ATX","ICE_PET_F","1","2036",0.08
"ATX","ICE_PET_F","1","2037",0.08
"ATX","ICE_PET_F","1","2038",0.08
"ATX","ICE_PET_F","1","2039",0.08
"ATX","ICE_PET_F","1","2040",0.08
"ATX","ICE_PET_F","1","2041",0.08
"ATX","ICE_PET_F","1","2042",0.08
"ATX","ICE_PET_F","1","2043",0.08
"ATX","ICE_PET_F","1","2044",0.08
"ATX","ICE_PET_F","1","2045",0.08
"ATX","ICE_PET_F","1","2046",0.08
"ATX","ICE_PET_F","1","2047",0.08
"ATX","ICE_PET_F","1","2048",0.08
"ATX","ICE_PET_F","1","2049",0.08
"ATX","ICE_PET_F","1","2050",0.08
"ATX","ICE_PET_F","2","2015",1E-6
"ATX","ICE_PET_F","2","2016",1E-6
"ATX","ICE_PET_F","2","2017",1E-6
"ATX","ICE_PET_F","2","2018",1E-6
"ATX","ICE_PET_F","2","2019",1E-6
"ATX","ICE_PET_F","2","2020",1E-6
"ATX","ICE_PET_F","2","2021",1E-6
"ATX","ICE_PET_F","2","2022",1E-6
"ATX","ICE_PET_F","2","2023",1E-6
"ATX","ICE_PET_F","2","2024",1E-6
"ATX","ICE_PET_F","2","2025",1E-6
"ATX","ICE_PET_F","2","2026",1E-6
"ATX","ICE_PET_F","2","2027",1E-6
"ATX","ICE_PET_F","2","2028",1E-6
"ATX","ICE_PET_F","2","2029",1E-6
"ATX","ICE_PET_F","2","2030",1E-6
"ATX","ICE_PET_F","2","2031",1E-6
"ATX","ICE_PET_F","2","2032",1E-6
"ATX","ICE_PET_F","2","2033",1E-6
"ATX","ICE_PET_F","2","2034",1E-6
"ATX","ICE_PET_F","2","2035",1E-6
"ATX","ICE_PET_F","2","2036",1E-6
"ATX","ICE_PET_F","2","2037",1E-6
"ATX","ICE_PET_F","2","2038",1E-6
"ATX","ICE_PET_F","2","2039",1E-6
"ATX","ICE_PET_F","2","2040",1E-6
"ATX","ICE_PET_F","2","2041",1E-6
"ATX","ICE_PET_F","2","2042",1E-6
"ATX","ICE_PET_F","2","2043",1E-6
"ATX","ICE_PET_F","2","2044",1E-6
"ATX","ICE_PET_F","2","2045",1E-6
"ATX","ICE_PET_F","2","2046",1E-6
"ATX","ICE_PET_F","2","2047",1E-6
"ATX","ICE_PET_F","2","2048",1E-6
"ATX","ICE_PET_F","2","2049",1E-6
"ATX","ICE_PET_F","2","2050",1E-6
"ATX","ICE_DSL_F","1","2015",0.08
"ATX","ICE_DSL_F","1","2016",0.08
"ATX","ICE_DSL_F","1","2017",0.08
"ATX","ICE_DSL_F","1","2018",0.08
"ATX","ICE_DSL_F","1","2019",0.08
"ATX","ICE_DSL_F","1","2020",0.08
"ATX","ICE_DSL_F","1","2021",0.08
"ATX","ICE_DSL_F","1","2022",0.08
"ATX","ICE_DSL_F","1","2023",0.08
"ATX","ICE_DSL_F","1","2024",0.08
"ATX","ICE_DSL_F","1","2025",0.08
"ATX","ICE_DSL_F","1","2026",0.08
"ATX","ICE_DSL_F","1","2027",0.08
"ATX","ICE_DSL_F","1","2028",0.08
"ATX","ICE_DSL_F","1","2029",0.08
"ATX","ICE_DSL_F","1","2030",0.08
"ATX","ICE_DSL_F","1","2031",0.08
"ATX","ICE_DSL_F","1","2032",0.08
"ATX","ICE_DSL_F","1","2033",0.08
"ATX","ICE_DSL_F","1","2034",0.08
"ATX","ICE_DSL_F","1","2035",0.08
"ATX","ICE_DSL_F","1","2036",0.08
"ATX","ICE_DSL_F","1","2037",0.08
"ATX","ICE_DSL_F","1","2038",0.08
"ATX","ICE_DSL_F","1","2039",0.08
"ATX","ICE_DSL_F","1","2040",0.08
"ATX","ICE_DSL_F","1","2041",0.08
"ATX","ICE_DSL_F","1","2042",0.08
"ATX","ICE_DSL_F","1","2043",0.08
"ATX","ICE_DSL_F","1","2044",0.08
"ATX","ICE_DSL_F","1","2045",0.08
"ATX","ICE_DSL_F","1","2046",0.08
"ATX","ICE_DSL_F","1","2047",0.08
"ATX","ICE_DSL_F","1","2048",0.08
"ATX","ICE_DSL_F","1","2049",0.08
"ATX","ICE_DSL_F","1","2050",0.08
"ATX","ICE_DSL_F","2","2015",1E-6
"ATX","ICE_DSL_F","2","2016",1E-6
"ATX","ICE_DSL_F","2","2017",1E-6
"ATX","ICE_DSL_F","2","2018",1E-6
"ATX","ICE_DSL_F","2","2019",1E-6
"ATX","ICE_DSL_F","2","2020",1E-6
"ATX","ICE_DSL_F","2","2021",1E-6
"ATX","ICE_DSL_F","2","2022",1E-6
"ATX","ICE_DSL_F","2","2023",1E-6
"ATX","ICE_DSL_F","2","2024",1E-6
"ATX","ICE_DSL_F","2","2025",1E-6
"ATX","ICE_DSL_F","2","2026",1E-6
"ATX","ICE_DSL_F","2","2027",1E-6
"ATX","ICE_DSL_F","2","2028",1E-6
"ATX","ICE_DSL_F","2","2029",1E-6
"ATX","ICE_DSL_F","2","2030",1E-6
"ATX","ICE_DSL_F","2","2031",1E-6
"ATX","ICE_DSL_F","2","2032",1E-6
"ATX","ICE_DSL_F","2","2033",1E-6
"ATX","ICE_DSL_F","2","2034",1E-6
"ATX","ICE_DSL_F","2","2035",1E-6
"ATX","ICE_DSL_F","2","2036",1E-6
"ATX","ICE_DSL_F","2","2037",1E-6
"ATX","ICE_DSL_F","2","2038",1E-6
"ATX","ICE_DSL_F","2","2039",1E-6
"ATX","ICE_DSL_F","2","2040",1E-6
"ATX","ICE_DSL_F","2","2041",1E-6
"ATX","ICE_DSL_F","2","2042",1E-6
"ATX","ICE_DSL_F","2","2043",1E-6
"ATX","ICE_DSL_F","2","2044",1E-6
"ATX","ICE_DSL_F","2","2045",1E-6
"ATX","ICE_DSL_F","2","2046",1E-6
"ATX","ICE_DSL_F","2","2047",1E-6
"ATX","ICE_DSL_F","2","2048",1E-6
"ATX","ICE_DSL_F","2","2049",1E-6
"ATX","ICE_DSL_F","2","2050",1E-6
"ATX","PHEV_F","1","2015",0.07
"ATX","PHEV_F","1","2016",0.07
"ATX","PHEV_F","1","2017",0.07
"ATX","PHEV_F","1","2018",0.07
"ATX","PHEV_F","1","2019",0.07
"ATX","PHEV_F","1","2020",0.07
"ATX","PHEV_F","1","2021",0.07
"ATX","PHEV_F","1","2022",0.07
"ATX","PHEV_F","1","2023",0.07
"ATX","PHEV_F","1","2024",0.07
"ATX","PHEV_F","1","2025",0.07
"ATX","PHEV_F","1","2026",0.07
"ATX","PHEV_F","1","2027",0.07
"ATX","PHEV_F","1","2028",0.07
"ATX","PHEV_F","1","2029",0.07
"ATX","PHEV_F","1","2030",0.07
"ATX","PHEV_F","1","2031",0.07
"ATX","PHEV_F","1","2032",0.07
"ATX","PHEV_F","1","2033",0.07
"ATX","PHEV_F","1","2034",0.07
"ATX","PHEV_F","1","2035",0.07
"ATX","PHEV_F","1","2036",0.07
"ATX","PHEV_F","1","2037",0.07
"ATX","PHEV_F","1","2038",0.07
"ATX","PHEV_F","1","2039",0.07
"ATX","PHEV_F","1","2040",0.07
"ATX","PHEV_F","1","2041",0.07
"ATX","PHEV_F","1","2042",0.07
"ATX","PHEV_F","1","2043",0.07
"ATX","PHEV_F","1","2044",0.07
"ATX","PHEV_F","1","2045",0.07
"ATX","PHEV_F","1","2046",0.07
"ATX","PHEV_F","1","2047",0.07
"ATX","PHEV_F","1","2048",0.07
"ATX","PHEV_F","1","2049",0.07
"ATX","PHEV_F","1","2050",0.07
"ATX","PHEV_F","2","2015",1E-6
"ATX","PHEV_F","2","2016",1E-6
"ATX","PHEV_F","2","2017",1E-6
"ATX","PHEV_F","2","2018",1E-6
"ATX","PHEV_F","2","2019",1E-6
"ATX","PHEV_F","2","2020",1E-6
"ATX","PHEV_F","2","2021",1E-6
"ATX","PHEV_F","2","2022",1E-6
"ATX","PHEV_F","2","2023",1E-6
"ATX","PHEV_F","2","2024",1E-6
"ATX","PHEV_F","2","2025",1E-6
"ATX","PHEV_F","2","2026",1E-6
"ATX","PHEV_F","2","2027",1E-6
"ATX","PHEV_F","2","2028",1E-6
"ATX","PHEV_F","2","2029",1E-6
"ATX","PHEV_F","2","2030",1E-6
"ATX","PHEV_F","2","2031",1E-6
"ATX","PHEV_F","2","2032",1E-6
"ATX","PHEV_F","2","2033",1E-6
"ATX","PHEV_F","2","2034",1E-6
"ATX","PHEV_F","2","2035",1E-6
"ATX","PHEV_F","2","2036",1E-6
"ATX","PHEV_F","2","2037",1E-6
"ATX","PHEV_F","2","2038",1E-6
"ATX","PHEV_F","2","2039",1E-6
"ATX","PHEV_F","2","2040",1E-6
"ATX","PHEV_F","2","2041",1E-6
"ATX","PHEV_F","2","2042",1E-6
"ATX","PHEV_F","2","2043",1E-6
"ATX","PHEV_F","2","2044",1E-6
"ATX","PHEV_F","2","2045",1E-6
"ATX","PHEV_F","2","2046",1E-6
"ATX","PHEV_F","2","2047",1E-6
"ATX","PHEV_F","2","2048",1E-6
"ATX","PHEV_F","2","2049",1E-6
"ATX","PHEV_F","2","2050",1E-6
"ATX","HYBRID_F","1","2015",0.07
"ATX","HYBRID_F","1","2016",0.07
"ATX","HYBRID_F","1","2017",0.07
"ATX","HYBRID_F","1","2018",0.07
"ATX","HYBRID_F","1","2019",0.07
"ATX","HYBRID_F","1","2020",0.07
"ATX","HYBRID_F","1","2021",0.07
"ATX","HYBRID_F","1","2022",0.07
"ATX","HYBRID_F","1","2023",0.07
"ATX","HYBRID_F","1","2024",0.07
"ATX","HYBRID_F","1","2025",0.07
"ATX","HYBRID_F","1","2026",0.07
"ATX","HYBRID_F","1","2027",0.07
"ATX","HYBRID_F","1","2028",0.07
"ATX","HYBRID_F","1","2029",0.07
"ATX","HYBRID_F","1","2030",0.07
"ATX","HYBRID_F","1","2031",0.07
"ATX","HYBRID_F","1","2032",0.07
"ATX","HYBRID_F","1","2033",0.07
"ATX","HYBRID_F","1","2034",0.07
"ATX","HYBRID_F","1","2035",0.07
"ATX","HYBRID_F","1","2036",0.07
"ATX","HYBRID_F","1","2037",0.07
"ATX","HYBRID_F","1","2038",0.07
"ATX","HYBRID_F","1","2039",0.07
"ATX","HYBRID_F","1","2040",0.07
"ATX","HYBRID_F","1","2041",0.07
"ATX","HYBRID_F","1","2042",0.07
"ATX","HYBRID_F","1","2043",0.07
"ATX","HYBRID_F","1","2044",0.07
"ATX","HYBRID_F","1","2045",0.07
"ATX","HYBRID_F","1","2046",0.07
"ATX","HYBRID_F","1","2047",0.07
"ATX","HYBRID_F","1","2048",0.07
"ATX","HYBRID_F","1","2049",0.07
"ATX","HYBRID_F","1","2050",0.07
"ATX","HYBRID_F","2","2015",1E-6
"ATX","HYBRID_F","2","2016",1E-6
"ATX","HYBRID_F","2","2017",1E-6
"ATX","HYBRID_F","2","2018",1E-6
"ATX","HYBRID_F","2","2019",1E-6
"ATX","HYBRID_F","2","2020",1E-6
"ATX","HYBRID_F","2","2021",1E-6
"ATX","HYBRID_F","2","2022",1E-6
"ATX","HYBRID_F","2","2023",1E-6
"ATX","HYBRID_F","2","2024",1E-6
"ATX","HYBRID_F","2","2025",1E-6
"ATX","HYBRID_F","2","2026",1E-6
"ATX","HYBRID_F","2","2027",1E-6
"ATX","HYBRID_F","2","2028",1E-6
"ATX","HYBRID_F","2","2029",1E-6
"ATX","HYBRID_F","2","2030",1E-6
"ATX","HYBRID_F","2","2031",1E-6
"ATX","HYBRID_F","2","2032",1E-6
"ATX","HYBRID_F","2","2033",1E-6
"ATX","HYBRID_F","2","2034",1E-6
"ATX","HYBRID_F","2","2035",1E-6
"ATX","HYBRID_F","2","2036",1E-6
"ATX","HYBRID_F","2","2037",1E-6
"ATX","HYBRID_F","2","2038",1E-6
"ATX","HYBRID_F","2","2039",1E-6
"ATX","HYBRID_F","2","2040",1E-6
"ATX","HYBRID_F","2","2041",1E-6
"ATX","HYBRID_F","2","2042",1E-6
"ATX","HYBRID_F","2","2043",1E-6
"ATX","HYBRID_F","2","2044",1E-6
"ATX","HYBRID_F","2","2045",1E-6
"ATX","HYBRID_F","2","2046",1E-6
"ATX","HYBRID_F","2","2047",1E-6
"ATX","HYBRID_F","2","2048",1E-6
"ATX","HYBRID_F","2","2049",1E-6
"ATX","HYBRID_F","2","2050",1E-6
"ATX","H2V_F","1","2015",0.065
"ATX","H2V_F","1","2016",0.065
"ATX","H2V_F","1","2017",0.065
"ATX","H2V_F","1","2018",0.065
"ATX","H2V_F","1","2019",0.065
"ATX","H2V_F","1","2020",0.065
"ATX","H2V_F","1","2021",0.065
"ATX","H2V_F","1","2022",0.065
"ATX","H2V_F","1","2023",0.065
"ATX","H2V_F","1","2024",0.065
"ATX","H2V_F","1","2025",0.065
"ATX","H2V_F","1","2026",0.065
"ATX","H2V_F","1","2027",0.065
"ATX","H2V_F","1","2028",0.065
"ATX","H2V_F","1","2029",0.065
"ATX","H2V_F","1","2030",0.065
"ATX","H2V_F","1","2031",0.065
"ATX","H2V_F","1","2032",0.065
"ATX","H2V_F","1","2033",0.065
"ATX","H2V_F","1","2034",0.065
"ATX","H2V_F","1","2035",0.065
"ATX","H2V_F","1","2036",0.065
"ATX","H2V_F","1","2037",0.065
"ATX","H2V_F","1","2038",0.065
"ATX","H2V_F","1","2039",0.065
"ATX","H2V_F","1","2040",0.065
"ATX","H2V_F","1","2041",0.065
"ATX","H2V_F","1","2042",0.065
"ATX","H2V_F","1","2043",0.065
"ATX","H2V_F","1","2044",0.065
"ATX","H2V_F","1","2045",0.065
"ATX","H2V_F","1","2046",0.065
"ATX","H2V_F","1","2047",0.065
"ATX","H2V_F","1","2048",0.065
"ATX","H2V_F","1","2049",0.065
"ATX","H2V_F","1","2050",0.065
"ATX","H2V_F","2","2015",1E-6
"ATX","H2V_F","2","2016",1E-6
"ATX","H2V_F","2","2017",1E-6
"ATX","H2V_F","2","2018",1E-6
"ATX","H2V_F","2","2019",1E-6
"ATX","H2V_F","2","2020",1E-6
"ATX","H2V_F","2","2021",1E-6
"ATX","H2V_F","2","2022",1E-6
"ATX","H2V_F","2","2023",1E-6
"ATX","H2V_F","2","2024",1E-6
"ATX","H2V_F","2","2025",1E-6
"ATX","H2V_F","2","2026",1E-6
"ATX","H2V_F","2","2027",1E-6
"ATX","H2V_F","2","2028",1E-6
"ATX","H2V_F","2","2029",1E-6
"ATX","H2V_F","2","2030",1E-6
"ATX","H2V_F","2","2031",1E-6
"ATX","H2V_F","2","2032",1E-6
"ATX","H2V_F","2","2033",1E-6
"ATX","H2V_F","2","2034",1E-6
"ATX","H2V_F","2","2035",1E-6
"ATX","H2V_F","2","2036",1E-6
"ATX","H2V_F","2","2037",1E-6
"ATX","H2V_F","2","2038",1E-6
"ATX","H2V_F","2","2039",1E-6
"ATX","H2V_F","2","2040",1E-6
"ATX","H2V_F","2","2041",1E-6
"ATX","H2V_F","2","2042",1E-6
"ATX","H2V_F","2","2043",1E-6
"ATX","H2V_F","2","2044",1E-6
"ATX","H2V_F","2","2045",1E-6
"ATX","H2V_F","2","2046",1E-6
"ATX","H2V_F","2","2047",1E-6
"ATX","H2V_F","2","2048",1E-6
"ATX","H2V_F","2","2049",1E-6
"ATX","H2V_F","2","2050",1E-6
"ATX","EV_F","1","2015",0.065
"ATX","EV_F","1","2016",0.065
"ATX","EV_F","1","2017",0.065
"ATX","EV_F","1","2018",0.065
"ATX","EV_F","1","2019",0.065
"ATX","EV_F","1","2020",0.065
"ATX","EV_F","1","2021",0.065
"ATX","EV_F","1","2022",0.065
"ATX","EV_F","1","2023",0.065
"ATX","EV_F","1","2024",0.065
"ATX","EV_F","1","2025",0.065
"ATX","EV_F","1","2026",0.065
"ATX","EV_F","1","2027",0.065
"ATX","EV_F","1","2028",0.065
"ATX","EV_F","1","2029",0.065
"ATX","EV_F","1","2030",0.065
"ATX","EV_F","1","2031",0.065
"ATX","EV_F","1","2032",0.065
"ATX","EV_F","1","2033",0.065
"ATX","EV_F","1","2034",0.065
"ATX","EV_F","1","2035",0.065
"ATX","EV_F","1","2036",0.065
"ATX","EV_F","1","2037",0.065
"ATX","EV_F","1","2038",0.065
"ATX","EV_F","1","2039",0.065
"ATX","EV_F","1","2040",0.065
"ATX","EV_F","1","2041",0.065
"ATX","EV_F","1","2042",0.065
"ATX","EV_F","1","2043",0.065
"ATX","EV_F","1","2044",0.065
"ATX","EV_F","1","2045",0.065
"ATX","EV_F","1","2046",0.065
"ATX","EV_F","1","2047",0.065
"ATX","EV_F","1","2048",0.065
"ATX","EV_F","1","2049",0.065
"ATX","EV_F","1","2050",0.065
"ATX","EV_F","2","2015",1E-6
"ATX","EV_F","2","2016",1E-6
"ATX","EV_F","2","2017",1E-6
"ATX","EV_F","2","2018",1E-6
"ATX","EV_F","2","2019",1E-6
"ATX","EV_F","2","2020",1E-6
"ATX","EV_F","2","2021",1E-6
"ATX","EV_F","2","2022",1E-6
"ATX","EV_F","2","2023",1E-6
"ATX","EV_F","2","2024",1E-6
"ATX","EV_F","2","2025",1E-6
"ATX","EV_F","2","2026",1E-6
"ATX","EV_F","2","2027",1E-6
"ATX","EV_F","2","2028",1E-6
"ATX","EV_F","2","2029",1E-6
"ATX","EV_F","2","2030",1E-6
"ATX","EV_F","2","2031",1E-6
"ATX","EV_F","2","2032",1E-6
"ATX","EV_F","2","2033",1E-6
"ATX","EV_F","2","2034",1E-6
"ATX","EV_F","2","2035",1E-6
"ATX","EV_F","2","2036",1E-6
"ATX","EV_F","2","2037",1E-6
"ATX","EV_F","2","2038",1E-6
"ATX","EV_F","2","2039",1E-6
"ATX","EV_F","2","2040",1E-6
"ATX","EV_F","2","2041",1E-6
"ATX","EV_F","2","2042",1E-6
"ATX","EV_F","2","2043",1E-6
"ATX","EV_F","2","2044",1E-6
"ATX","EV_F","2","2045",1E-6
"ATX","EV_F","2","2046",1E-6
"ATX","EV_F","2","2047",1E-6
"ATX","EV_F","2","2048",1E-6
"ATX","EV_F","2","2049",1E-6
"ATX","EV_F","2","2050",1E-6
"ATX","ICE_PET_PUB","1","2015",0.2875
"ATX","ICE_PET_PUB","1","2016",0.2875
"ATX","ICE_PET_PUB","1","2017",0.2875
"ATX","ICE_PET_PUB","1","2018",0.2875
"ATX","ICE_PET_PUB","1","2019",0.2875
"ATX","ICE_PET_PUB","1","2020",0.2875
"ATX","ICE_PET_PUB","1","2021",0.2875
"ATX","ICE_PET_PUB","1","2022",0.2875
"ATX","ICE_PET_PUB","1","2023",0.2875
"ATX","ICE_PET_PUB","1","2024",0.2875
"ATX","ICE_PET_PUB","1","2025",0.2875
"ATX","ICE_PET_PUB","1","2026",0.2875
"ATX","ICE_PET_PUB","1","2027",0.2875
"ATX","ICE_PET_PUB","1","2028",0.2875
"ATX","ICE_PET_PUB","1","2029",0.2875
"ATX","ICE_PET_PUB","1","2030",0.2875
"ATX","ICE_PET_PUB","1","2031",0.2875
"ATX","ICE_PET_PUB","1","2032",0.2875
"ATX","ICE_PET_PUB","1","2033",0.2875
"ATX","ICE_PET_PUB","1","2034",0.2875
"ATX","ICE_PET_PUB","1","2035",0.2875
"ATX","ICE_PET_PUB","1","2036",0.2875
"ATX","ICE_PET_PUB","1","2037",0.2875
"ATX","ICE_PET_PUB","1","2038",0.2875
"ATX","ICE_PET_PUB","1","2039",0.2875
"ATX","ICE_PET_PUB","1","2040",0.2875
"ATX","ICE_PET_PUB","1","2041",0.2875
"ATX","ICE_PET_PUB","1","2042",0.2875
"ATX","ICE_PET_PUB","1","2043",0.2875
"ATX","ICE_PET_PUB","1","2044",0.2875
"ATX","ICE_PET_PUB","1","2045",0.2875
"ATX","ICE_PET_PUB","1","2046",0.2875
"ATX","ICE_PET_PUB","1","2047",0.2875
"ATX","ICE_PET_PUB","1","2048",0.2875
"ATX","ICE_PET_PUB","1","2049",0.2875
"ATX","ICE_PET_PUB","1","2050",0.2875
"ATX","ICE_PET_PUB","2","2015",1E-6
"ATX","ICE_PET_PUB","2","2016",1E-6
"ATX","ICE_PET_PUB","2","2017",1E-6
"ATX","ICE_PET_PUB","2","2018",1E-6
"ATX","ICE_PET_PUB","2","2019",1E-6
"ATX","ICE_PET_PUB","2","2020",1E-6
"ATX","ICE_PET_PUB","2","2021",1E-6
"ATX","ICE_PET_PUB","2","2022",1E-6
"ATX","ICE_PET_PUB","2","2023",1E-6
"ATX","ICE_PET_PUB","2","2024",1E-6
"ATX","ICE_PET_PUB","2","2025",1E-6
"ATX","ICE_PET_PUB","2","2026",1E-6
"ATX","ICE_PET_PUB","2","2027",1E-6
"ATX","ICE_PET_PUB","2","2028",1E-6
"ATX","ICE_PET_PUB","2","2029",1E-6
"ATX","ICE_PET_PUB","2","2030",1E-6
"ATX","ICE_PET_PUB","2","2031",1E-6
"ATX","ICE_PET_PUB","2","2032",1E-6
"ATX","ICE_PET_PUB","2","2033",1E-6
"ATX","ICE_PET_PUB","2","2034",1E-6
"ATX","ICE_PET_PUB","2","2035",1E-6
"ATX","ICE_PET_PUB","2","2036",1E-6
"ATX","ICE_PET_PUB","2","2037",1E-6
"ATX","ICE_PET_PUB","2","2038",1E-6
"ATX","ICE_PET_PUB","2","2039",1E-6
"ATX","ICE_PET_PUB","2","2040",1E-6
"ATX","ICE_PET_PUB","2","2041",1E-6
"ATX","ICE_PET_PUB","2","2042",1E-6
"ATX","ICE_PET_PUB","2","2043",1E-6
"ATX","ICE_PET_PUB","2","2044",1E-6
"ATX","ICE_PET_PUB","2","2045",1E-6
"ATX","ICE_PET_PUB","2","2046",1E-6
"ATX","ICE_PET_PUB","2","2047",1E-6
"ATX","ICE_PET_PUB","2","2048",1E-6
"ATX","ICE_PET_PUB","2","2049",1E-6
"ATX","ICE_PET_PUB","2","2050",1E-6
"ATX","ICE_DSL_PUB","1","2015",0.2875
"ATX","ICE_DSL_PUB","1","2016",0.2875
"ATX","ICE_DSL_PUB","1","2017",0.2875
"ATX","ICE_DSL_PUB","1","2018",0.2875
"ATX","ICE_DSL_PUB","1","2019",0.2875
"ATX","ICE_DSL_PUB","1","2020",0.2875
"ATX","ICE_DSL_PUB","1","2021",0.2875
"ATX","ICE_DSL_PUB","1","2022",0.2875
"ATX","ICE_DSL_PUB","1","2023",0.2875
"ATX","ICE_DSL_PUB","1","2024",0.2875
"ATX","ICE_DSL_PUB","1","2025",0.2875
"ATX","ICE_DSL_PUB","1","2026",0.2875
"ATX","ICE_DSL_PUB","1","2027",0.2875
"ATX","ICE_DSL_PUB","1","2028",0.2875
"ATX","ICE_DSL_PUB","1","2029",0.2875
"ATX","ICE_DSL_PUB","1","2030",0.2875
"ATX","ICE_DSL_PUB","1","2031",0.2875
"ATX","ICE_DSL_PUB","1","2032",0.2875
"ATX","ICE_DSL_PUB","1","2033",0.2875
"ATX","ICE_DSL_PUB","1","2034",0.2875
"ATX","ICE_DSL_PUB","1","2035",0.2875
"ATX","ICE_DSL_PUB","1","2036",0.2875
"ATX","ICE_DSL_PUB","1","2037",0.2875
"ATX","ICE_DSL_PUB","1","2038",0.2875
"ATX","ICE_DSL_PUB","1","2039",0.2875
"ATX","ICE_DSL_PUB","1","2040",0.2875
"ATX","ICE_DSL_PUB","1","2041",0.2875
"ATX","ICE_DSL_PUB","1","2042",0.2875
"ATX","ICE_DSL_PUB","1","2043",0.2875
"ATX","ICE_DSL_PUB","1","2044",0.2875
"ATX","ICE_DSL_PUB","1","2045",0.2875
"ATX","ICE_DSL_PUB","1","2046",0.2875
"ATX","ICE_DSL_PUB","1","2047",0.2875
"ATX","ICE_DSL_PUB","1","2048",0.2875
"ATX","ICE_DSL_PUB","1","2049",0.2875
"ATX","ICE_DSL_PUB","1","2050",0.2875
"ATX","ICE_DSL_PUB","2","2015",1E-6
"ATX","ICE_DSL_PUB","2","2016",1E-6
"ATX","ICE_DSL_PUB","2","2017",1E-6
"ATX","ICE_DSL_PUB","2","2018",1E-6
"ATX","ICE_DSL_PUB","2","2019",1E-6
"ATX","ICE_DSL_PUB","2","2020",1E-6
"ATX","ICE_DSL_PUB","2","2021",1E-6
"ATX","ICE_DSL_PUB","2","2022",1E-6
"ATX","ICE_DSL_PUB","2","2023",1E-6
"ATX","ICE_DSL_PUB","2","2024",1E-6
"ATX","ICE_DSL_PUB","2","2025",1E-6
"ATX","ICE_DSL_PUB","2","2026",1E-6
"ATX","ICE_DSL_PUB","2","2027",1E-6
"ATX","ICE_DSL_PUB","2","2028",1E-6
"ATX","ICE_DSL_PUB","2","2029",1E-6
"ATX","ICE_DSL_PUB","2","2030",1E-6
"ATX","ICE_DSL_PUB","2","2031",1E-6
"ATX","ICE_DSL_PUB","2","2032",1E-6
"ATX","ICE_DSL_PUB","2","2033",1E-6
"ATX","ICE_DSL_PUB","2","2034",1E-6
"ATX","ICE_DSL_PUB","2","2035",1E-6
"ATX","ICE_DSL_PUB","2","2036",1E-6
"ATX","ICE_DSL_PUB","2","2037",1E-6
"ATX","ICE_DSL_PUB","2","2038",1E-6
"ATX","ICE_DSL_PUB","2","2039",1E-6
"ATX","ICE_DSL_PUB","2","2040",1E-6
"ATX","ICE_DSL_PUB","2","2041",1E-6
"ATX","ICE_DSL_PUB","2","2042",1E-6
"ATX","ICE_DSL_PUB","2","2043",1E-6
"ATX","ICE_DSL_PUB","2","2044",1E-6
"ATX","ICE_DSL_PUB","2","2045",1E-6
"ATX","ICE_DSL_PUB","2","2046",1E-6
"ATX","ICE_DSL_PUB","2","2047",1E-6
"ATX","ICE_DSL_PUB","2","2048",1E-6
"ATX","ICE_DSL_PUB","2","2049",1E-6
"ATX","ICE_DSL_PUB","2","2050",1E-6
"ATX","CNG_PUB","1","2015",0.2875
"ATX","CNG_PUB","1","2016",0.2875
"ATX","CNG_PUB","1","2017",0.2875
"ATX","CNG_PUB","1","2018",0.2875
"ATX","CNG_PUB","1","2019",0.2875
"ATX","CNG_PUB","1","2020",0.2875
"ATX","CNG_PUB","1","2021",0.2875
"ATX","CNG_PUB","1","2022",0.2875
"ATX","CNG_PUB","1","2023",0.2875
"ATX","CNG_PUB","1","2024",0.2875
"ATX","CNG_PUB","1","2025",0.2875
"ATX","CNG_PUB","1","2026",0.2875
"ATX","CNG_PUB","1","2027",0.2875
"ATX","CNG_PUB","1","2028",0.2875
"ATX","CNG_PUB","1","2029",0.2875
"ATX","CNG_PUB","1","2030",0.2875
"ATX","CNG_PUB","1","2031",0.2875
"ATX","CNG_PUB","1","2032",0.2875
"ATX","CNG_PUB","1","2033",0.2875
"ATX","CNG_PUB","1","2034",0.2875
"ATX","CNG_PUB","1","2035",0.2875
"ATX","CNG_PUB","1","2036",0.2875
"ATX","CNG_PUB","1","2037",0.2875
"ATX","CNG_PUB","1","2038",0.2875
"ATX","CNG_PUB","1","2039",0.2875
"ATX","CNG_PUB","1","2040",0.2875
"ATX","CNG_PUB","1","2041",0.2875
"ATX","CNG_PUB","1","2042",0.2875
"ATX","CNG_PUB","1","2043",0.2875
"ATX","CNG_PUB","1","2044",0.2875
"ATX","CNG_PUB","1","2045",0.2875
"ATX","CNG_PUB","1","2046",0.2875
"ATX","CNG_PUB","1","2047",0.2875
"ATX","CNG_PUB","1","2048",0.2875
"ATX","CNG_PUB","1","2049",0.2875
"ATX","CNG_PUB","1","2050",0.2875
"ATX","CNG_PUB","2","2015",1E-6
"ATX","CNG_PUB","2","2016",1E-6
"ATX","CNG_PUB","2","2017",1E-6
"ATX","CNG_PUB","2","2018",1E-6
"ATX","CNG_PUB","2","2019",1E-6
"ATX","CNG_PUB","2","2020",1E-6
"ATX","CNG_PUB","2","2021",1E-6
"ATX","CNG_PUB","2","2022",1E-6
"ATX","CNG_PUB","2","2023",1E-6
"ATX","CNG_PUB","2","2024",1E-6
"ATX","CNG_PUB","2","2025",1E-6
"ATX","CNG_PUB","2","2026",1E-6
"ATX","CNG_PUB","2","2027",1E-6
"ATX","CNG_PUB","2","2028",1E-6
"ATX","CNG_PUB","2","2029",1E-6
"ATX","CNG_PUB","2","2030",1E-6
"ATX","CNG_PUB","2","2031",1E-6
"ATX","CNG_PUB","2","2032",1E-6
"ATX","CNG_PUB","2","2033",1E-6
"ATX","CNG_PUB","2","2034",1E-6
"ATX","CNG_PUB","2","2035",1E-6
"ATX","CNG_PUB","2","2036",1E-6
"ATX","CNG_PUB","2","2037",1E-6
"ATX","CNG_PUB","2","2038",1E-6
"ATX","CNG_PUB","2","2039",1E-6
"ATX","CNG_PUB","2","2040",1E-6
"ATX","CNG_PUB","2","2041",1E-6
"ATX","CNG_PUB","2","2042",1E-6
"ATX","CNG_PUB","2","2043",1E-6
"ATX","CNG_PUB","2","2044",1E-6
"ATX","CNG_PUB","2","2045",1E-6
"ATX","CNG_PUB","2","2046",1E-6
"ATX","CNG_PUB","2","2047",1E-6
"ATX","CNG_PUB","2","2048",1E-6
"ATX","CNG_PUB","2","2049",1E-6
"ATX","CNG_PUB","2","2050",1E-6
"ATX","EV_PUB","1","2015",0.2013
"ATX","EV_PUB","1","2016",0.2013
"ATX","EV_PUB","1","2017",0.2013
"ATX","EV_PUB","1","2018",0.2013
"ATX","EV_PUB","1","2019",0.2013
"ATX","EV_PUB","1","2020",0.2013
"ATX","EV_PUB","1","2021",0.2013
"ATX","EV_PUB","1","2022",0.2013
"ATX","EV_PUB","1","2023",0.2013
"ATX","EV_PUB","1","2024",0.2013
"ATX","EV_PUB","1","2025",0.2013
"ATX","EV_PUB","1","2026",0.2013
"ATX","EV_PUB","1","2027",0.2013
"ATX","EV_PUB","1","2028",0.2013
"ATX","EV_PUB","1","2029",0.2013
"ATX","EV_PUB","1","2030",0.2013
"ATX","EV_PUB","1","2031",0.2013
"ATX","EV_PUB","1","2032",0.2013
"ATX","EV_PUB","1","2033",0.2013
"ATX","EV_PUB","1","2034",0.2013
"ATX","EV_PUB","1","2035",0.2013
"ATX","EV_PUB","1","2036",0.2013
"ATX","EV_PUB","1","2037",0.2013
"ATX","EV_PUB","1","2038",0.2013
"ATX","EV_PUB","1","2039",0.2013
"ATX","EV_PUB","1","2040",0.2013
"ATX","EV_PUB","1","2041",0.2013
"ATX","EV_PUB","1","2042",0.2013
"ATX","EV_PUB","1","2043",0.2013
"ATX","EV_PUB","1","2044",0.2013
"ATX","EV_PUB","1","2045",0.2013
"ATX","EV_PUB","1","2046",0.2013
"ATX","EV_PUB","1","2047",0.2013
"ATX","EV_PUB","1","2048",0.2013
"ATX","EV_PUB","1","2049",0.2013
"ATX","EV_PUB","1","2050",0.2013
"ATX","EV_PUB","2","2015",1E-6
"ATX","EV_PUB","2","2016",1E-6
"ATX","EV_PUB","2","2017",1E-6
"ATX","EV_PUB","2","2018",1E-6
"ATX","EV_PUB","2","2019",1E-6
"ATX","EV_PUB","2","2020",1E-6
"ATX","EV_PUB","2","2021",1E-6
"ATX","EV_PUB","2","2022",1E-6
"ATX","EV_PUB","2","2023",1E-6
"ATX","EV_PUB","2","2024",1E-6
"ATX","EV_PUB","2","2025",1E-6
"ATX","EV_PUB","2","2026",1E-6
"ATX","EV_PUB","2","2027",1E-6
"ATX","EV_PUB","2","2028",1E-6
"ATX","EV_PUB","2","2029",1E-6
"ATX","EV_PUB","2","2030",1E-6
"ATX","EV_PUB","2","2031",1E-6
"ATX","EV_PUB","2","2032",1E-6
"ATX","EV_PUB","2","2033",1E-6
"ATX","EV_PUB","2","2034",1E-6
"ATX","EV_PUB","2","2035",1E-6
"ATX","EV_PUB","2","2036",1E-6
"ATX","EV_PUB","2","2037",1E-6
"ATX","EV_PUB","2","2038",1E-6
"ATX","EV_PUB","2","2039",1E-6
"ATX","EV_PUB","2","2040",1E-6
"ATX","EV_PUB","2","2041",1E-6
"ATX","EV_PUB","2","2042",1E-6
"ATX","EV_PUB","2","2043",1E-6
"ATX","EV_PUB","2","2044",1E-6
"ATX","EV_PUB","2","2045",1E-6
"ATX","EV_PUB","2","2046",1E-6
"ATX","EV_PUB","2","2047",1E-6
"ATX","EV_PUB","2","2048",1E-6
"ATX","EV_PUB","2","2049",1E-6
"ATX","EV_PUB","2","2050",1E-6
"ATX","PHEV_PUB","1","2015",0.2336
"ATX","PHEV_PUB","1","2016",0.2336
"ATX","PHEV_PUB","1","2017",0.2336
"ATX","PHEV_PUB","1","2018",0.2336
"ATX","PHEV_PUB","1","2019",0.2336
"ATX","PHEV_PUB","1","2020",0.2336
"ATX","PHEV_PUB","1","2021",0.2336
"ATX","PHEV_PUB","1","2022",0.2336
"ATX","PHEV_PUB","1","2023",0.2336
"ATX","PHEV_PUB","1","2024",0.2336
"ATX","PHEV_PUB","1","2025",0.2336
"ATX","PHEV_PUB","1","2026",0.2336
"ATX","PHEV_PUB","1","2027",0.2336
"ATX","PHEV_PUB","1","2028",0.2336
"ATX","PHEV_PUB","1","2029",0.2336
"ATX","PHEV_PUB","1","2030",0.2336
"ATX","PHEV_PUB","1","2031",0.2336
"ATX","PHEV_PUB","1","2032",0.2336
"ATX","PHEV_PUB","1","2033",0.2336
"ATX","PHEV_PUB","1","2034",0.2336
"ATX","PHEV_PUB","1","2035",0.2336
"ATX","PHEV_PUB","1","2036",0.2336
"ATX","PHEV_PUB","1","2037",0.2336
"ATX","PHEV_PUB","1","2038",0.2336
"ATX","PHEV_PUB","1","2039",0.2336
"ATX","PHEV_PUB","1","2040",0.2336
"ATX","PHEV_PUB","1","2041",0.2336
"ATX","PHEV_PUB","1","2042",0.2336
"ATX","PHEV_PUB","1","2043",0.2336
"ATX","PHEV_PUB","1","2044",0.2336
"ATX","PHEV_PUB","1","2045",0.2336
"ATX","PHEV_PUB","1","2046",0.2336
"ATX","PHEV_PUB","1","2047",0.2336
"ATX","PHEV_PUB","1","2048",0.2336
"ATX","PHEV_PUB","1","2049",0.2336
"ATX","PHEV_PUB","1","2050",0.2336
"ATX","PHEV_PUB","2","2015",1E-6
"ATX","PHEV_PUB","2","2016",1E-6
"ATX","PHEV_PUB","2","2017",1E-6
"ATX","PHEV_PUB","2","2018",1E-6
"ATX","PHEV_PUB","2","2019",1E-6
"ATX","PHEV_PUB","2","2020",1E-6
"ATX","PHEV_PUB","2","2021",1E-6
"ATX","PHEV_PUB","2","2022",1E-6
"ATX","PHEV_PUB","2","2023",1E-6
"ATX","PHEV_PUB","2","2024",1E-6
"ATX","PHEV_PUB","2","2025",1E-6
"ATX","PHEV_PUB","2","2026",1E-6
"ATX","PHEV_PUB","2","2027",1E-6
"ATX","PHEV_PUB","2","2028",1E-6
"ATX","PHEV_PUB","2","2029",1E-6
"ATX","PHEV_PUB","2","2030",1E-6
"ATX","PHEV_PUB","2","2031",1E-6
"ATX","PHEV_PUB","2","2032",1E-6
"ATX","PHEV_PUB","2","2033",1E-6
"ATX","PHEV_PUB","2","2034",1E-6
"ATX","PHEV_PUB","2","2035",1E-6
"ATX","PHEV_PUB","2","2036",1E-6
"ATX","PHEV_PUB","2","2037",1E-6
"ATX","PHEV_PUB","2","2038",1E-6
"ATX","PHEV_PUB","2","2039",1E-6
"ATX","PHEV_PUB","2","2040",1E-6
"ATX","PHEV_PUB","2","2041",1E-6
"ATX","PHEV_PUB","2","2042",1E-6
"ATX","PHEV_PUB","2","2043",1E-6
"ATX","PHEV_PUB","2","2044",1E-6
"ATX","PHEV_PUB","2","2045",1E-6
"ATX","PHEV_PUB","2","2046",1E-6
"ATX","PHEV_PUB","2","2047",1E-6
"ATX","PHEV_PUB","2","2048",1E-6
"ATX","PHEV_PUB","2","2049",1E-6
"ATX","PHEV_PUB","2","2050",1E-6
"ATX","HYBRID_PUB","1","2015",0.3
"ATX","HYBRID_PUB","1","2016",0.3
"ATX","HYBRID_PUB","1","2017",0.3
"ATX","HYBRID_PUB","1","2018",0.3
"ATX","HYBRID_PUB","1","2019",0.3
"ATX","HYBRID_PUB","1","2020",0.3
"ATX","HYBRID_PUB","1","2021",0.3
"ATX","HYBRID_PUB","1","2022",0.3
"ATX","HYBRID_PUB","1","2023",0.3
"ATX","HYBRID_PUB","1","2024",0.3
"ATX","HYBRID_PUB","1","2025",0.3
"ATX","HYBRID_PUB","1","2026",0.3
"ATX","HYBRID_PUB","1","2027",0.3
"ATX","HYBRID_PUB","1","2028",0.3
"ATX","HYBRID_PUB","1","2029",0.3
"ATX","HYBRID_PUB","1","2030",0.3
"ATX","HYBRID_PUB","1","2031",0.3
"ATX","HYBRID_PUB","1","2032",0.3
"ATX","HYBRID_PUB","1","2033",0.3
"ATX","HYBRID_PUB","1","2034",0.3
"ATX","HYBRID_PUB","1","2035",0.3
"ATX","HYBRID_PUB","1","2036",0.3
"ATX","HYBRID_PUB","1","2037",0.3
"ATX","HYBRID_PUB","1","2038",0.3
"ATX","HYBRID_PUB","1","2039",0.3
"ATX","HYBRID_PUB","1","2040",0.3
"ATX","HYBRID_PUB","1","2041",0.3
"ATX","HYBRID_PUB","1","2042",0.3
"ATX","HYBRID_PUB","1","2043",0.3
"ATX","HYBRID_PUB","1","2044",0.3
"ATX","HYBRID_PUB","1","2045",0.3
"ATX","HYBRID_PUB","1","2046",0.3
"ATX","HYBRID_PUB","1","2047",0.3
"ATX","HYBRID_PUB","1","2048",0.3
"ATX","HYBRID_PUB","1","2049",0.3
"ATX","HYBRID_PUB","1","2050",0.3
"ATX","HYBRID_PUB","2","2015",1E-6
"ATX","HYBRID_PUB","2","2016",1E-6
"ATX","HYBRID_PUB","2","2017",1E-6
"ATX","HYBRID_PUB","2","2018",1E-6
"ATX","HYBRID_PUB","2","2019",1E-6
"ATX","HYBRID_PUB","2","2020",1E-6
"ATX","HYBRID_PUB","2","2021",1E-6
"ATX","HYBRID_PUB","2","2022",1E-6
"ATX","HYBRID_PUB","2","2023",1E-6
"ATX","HYBRID_PUB","2","2024",1E-6
"ATX","HYBRID_PUB","2","2025",1E-6
"ATX","HYBRID_PUB","2","2026",1E-6
"ATX","HYBRID_PUB","2","2027",1E-6
"ATX","HYBRID_PUB","2","2028",1E-6
"ATX","HYBRID_PUB","2","2029",1E-6
"ATX","HYBRID_PUB","2","2030",1E-6
"ATX","HYBRID_PUB","2","2031",1E-6
"ATX","HYBRID_PUB","2","2032",1E-6
"ATX","HYBRID_PUB","2","2033",1E-6
"ATX","HYBRID_PUB","2","2034",1E-6
"ATX","HYBRID_PUB","2","2035",1E-6
"ATX","HYBRID_PUB","2","2036",1E-6
"ATX","HYBRID_PUB","2","2037",1E-6
"ATX","HYBRID_PUB","2","2038",1E-6
"ATX","HYBRID_PUB","2","2039",1E-6
"ATX","HYBRID_PUB","2","2040",1E-6
"ATX","HYBRID_PUB","2","2041",1E-6
"ATX","HYBRID_PUB","2","2042",1E-6
"ATX","HYBRID_PUB","2","2043",1E-6
"ATX","HYBRID_PUB","2","2044",1E-6
"ATX","HYBRID_PUB","2","2045",1E-6
"ATX","HYBRID_PUB","2","2046",1E-6
"ATX","HYBRID_PUB","2","2047",1E-6
"ATX","HYBRID_PUB","2","2048",1E-6
"ATX","HYBRID_PUB","2","2049",1E-6
"ATX","HYBRID_PUB","2","2050",1E-6
"ATX","BIO_DSL_PUB","1","2015",0.2875
"ATX","BIO_DSL_PUB","1","2016",0.2875
"ATX","BIO_DSL_PUB","1","2017",0.2875
"ATX","BIO_DSL_PUB","1","2018",0.2875
"ATX","BIO_DSL_PUB","1","2019",0.2875
"ATX","BIO_DSL_PUB","1","2020",0.2875
"ATX","BIO_DSL_PUB","1","2021",0.2875
"ATX","BIO_DSL_PUB","1","2022",0.2875
"ATX","BIO_DSL_PUB","1","2023",0.2875
"ATX","BIO_DSL_PUB","1","2024",0.2875
"ATX","BIO_DSL_PUB","1","2025",0.2875
"ATX","BIO_DSL_PUB","1","2026",0.2875
"ATX","BIO_DSL_PUB","1","2027",0.2875
"ATX","BIO_DSL_PUB","1","2028",0.2875
"ATX","BIO_DSL_PUB","1","2029",0.2875
"ATX","BIO_DSL_PUB","1","2030",0.2875
"ATX","BIO_DSL_PUB","1","2031",0.2875
"ATX","BIO_DSL_PUB","1","2032",0.2875
"ATX","BIO_DSL_PUB","1","2033",0.2875
"ATX","BIO_DSL_PUB","1","2034",0.2875
"ATX","BIO_DSL_PUB","1","2035",0.2875
"ATX","BIO_DSL_PUB","1","2036",0.2875
"ATX","BIO_DSL_PUB","1","2037",0.2875
"ATX","BIO_DSL_PUB","1","2038",0.2875
"ATX","BIO_DSL_PUB","1","2039",0.2875
"ATX","BIO_DSL_PUB","1","2040",0.2875
"ATX","BIO_DSL_PUB","1","2041",0.2875
"ATX","BIO_DSL_PUB","1","2042",0.2875
"ATX","BIO_DSL_PUB","1","2043",0.2875
"ATX","BIO_DSL_PUB","1","2044",0.2875
"ATX","BIO_DSL_PUB","1","2045",0.2875
"ATX","BIO_DSL_PUB","1","2046",0.2875
"ATX","BIO_DSL_PUB","1","2047",0.2875
"ATX","BIO_DSL_PUB","1","2048",0.2875
"ATX","BIO_DSL_PUB","1","2049",0.2875
"ATX","BIO_DSL_PUB","1","2050",0.2875
"ATX","BIO_DSL_PUB","2","2015",1E-6
"ATX","BIO_DSL_PUB","2","2016",1E-6
"ATX","BIO_DSL_PUB","2","2017",1E-6
"ATX","BIO_DSL_PUB","2","2018",1E-6
"ATX","BIO_DSL_PUB","2","2019",1E-6
"ATX","BIO_DSL_PUB","2","2020",1E-6
"ATX","BIO_DSL_PUB","2","2021",1E-6
"ATX","BIO_DSL_PUB","2","2022",1E-6
"ATX","BIO_DSL_PUB","2","2023",1E-6
"ATX","BIO_DSL_PUB","2","2024",1E-6
"ATX","BIO_DSL_PUB","2","2025",1E-6
"ATX","BIO_DSL_PUB","2","2026",1E-6
"ATX","BIO_DSL_PUB","2","2027",1E-6
"ATX","BIO_DSL_PUB","2","2028",1E-6
"ATX","BIO_DSL_PUB","2","2029",1E-6
"ATX","BIO_DSL_PUB","2","2030",1E-6
"ATX","BIO_DSL_PUB","2","2031",1E-6
"ATX","BIO_DSL_PUB","2","2032",1E-6
"ATX","BIO_DSL_PUB","2","2033",1E-6
"ATX","BIO_DSL_PUB","2","2034",1E-6
"ATX","BIO_DSL_PUB","2","2035",1E-6
"ATX","BIO_DSL_PUB","2","2036",1E-6
"ATX","BIO_DSL_PUB","2","2037",1E-6
"ATX","BIO_DSL_PUB","2","2038",1E-6
"ATX","BIO_DSL_PUB","2","2039",1E-6
"ATX","BIO_DSL_PUB","2","2040",1E-6
"ATX","BIO_DSL_PUB","2","2041",1E-6
"ATX","BIO_DSL_PUB","2","2042",1E-6
"ATX","BIO_DSL_PUB","2","2043",1E-6
"ATX","BIO_DSL_PUB","2","2044",1E-6
"ATX","BIO_DSL_PUB","2","2045",1E-6
"ATX","BIO_DSL_PUB","2","2046",1E-6
"ATX","BIO_DSL_PUB","2","2047",1E-6
"ATX","BIO_DSL_PUB","2","2048",1E-6
"ATX","BIO_DSL_PUB","2","2049",1E-6
"ATX","BIO_DSL_PUB","2","2050",1E-6
"ATX","ELCTROL","1","2015",2
"ATX","ELCTROL","1","2016",2
"ATX","ELCTROL","1","2017",2
"ATX","ELCTROL","1","2018",2
"ATX","ELCTROL","1","2019",2
"ATX","ELCTROL","1","2020",2
"ATX","ELCTROL","1","2021",2
"ATX","ELCTROL","1","2022",2
"ATX","ELCTROL","1","2023",2
"ATX","ELCTROL","1","2024",2
"ATX","ELCTROL","1","2025",2
"ATX","ELCTROL","1","2026",2
"ATX","ELCTROL","1","2027",2
"ATX","ELCTROL","1","2028",2
"ATX","ELCTROL","1","2029",2
"ATX","ELCTROL","1","2030",2
"ATX","ELCTROL","1","2031",2
"ATX","ELCTROL","1","2032",2
"ATX","ELCTROL","1","2033",2
"ATX","ELCTROL","1","2034",2
"ATX","ELCTROL","1","2035",2
"ATX","ELCTROL","1","2036",2
"ATX","ELCTROL","1","2037",2
"ATX","ELCTROL","1","2038",2
"ATX","ELCTROL","1","2039",2
"ATX","ELCTROL","1","2040",2
"ATX","ELCTROL","1","2041",2
"ATX","ELCTROL","1","2042",2
"ATX","ELCTROL","1","2043",2
"ATX","ELCTROL","1","2044",2
"ATX","ELCTROL","1","2045",2
"ATX","ELCTROL","1","2046",2
"ATX","ELCTROL","1","2047",2
"ATX","ELCTROL","1","2048",2
"ATX","ELCTROL","1","2049",2
"ATX","ELCTROL","1","2050",2
"ATX","ELCTROL","2","2015",1E-6
"ATX","ELCTROL","2","2016",1E-6
"ATX","ELCTROL","2","2017",1E-6
"ATX","ELCTROL","2","2018",1E-6
"ATX","ELCTROL","2","2019",1E-6
"ATX","ELCTROL","2","2020",1E-6
"ATX","ELCTROL","2","2021",1E-6
"ATX","ELCTROL","2","2022",1E-6
"ATX","ELCTROL","2","2023",1E-6
"ATX","ELCTROL","2","2024",1E-6
"ATX","ELCTROL","2","2025",1E-6
"ATX","ELCTROL","2","2026",1E-6
"ATX","ELCTROL","2","2027",1E-6
"ATX","ELCTROL","2","2028",1E-6
"ATX","ELCTROL","2","2029",1E-6
"ATX","ELCTROL","2","2030",1E-6
"ATX","ELCTROL","2","2031",1E-6
"ATX","ELCTROL","2","2032",1E-6
"ATX","ELCTROL","2","2033",1E-6
"ATX","ELCTROL","2","2034",1E-6
"ATX","ELCTROL","2","2035",1E-6
"ATX","ELCTROL","2","2036",1E-6
"ATX","ELCTROL","2","2037",1E-6
"ATX","ELCTROL","2","2038",1E-6
"ATX","ELCTROL","2","2039",1E-6
"ATX","ELCTROL","2","2040",1E-6
"ATX","ELCTROL","2","2041",1E-6
"ATX","ELCTROL","2","2042",1E-6
"ATX","ELCTROL","2","2043",1E-6
"ATX","ELCTROL","2","2044",1E-6
"ATX","ELCTROL","2","2045",1E-6
"ATX","ELCTROL","2","2046",1E-6
"ATX","ELCTROL","2","2047",1E-6
"ATX","ELCTROL","2","2048",1E-6
"ATX","ELCTROL","2","2049",1E-6
"ATX","ELCTROL","2","2050",1E-6
"ATX","GASREF","1","2015",2
"ATX","GASREF","1","2016",2
"ATX","GASREF","1","2017",2
"ATX","GASREF","1","2018",2
"ATX","GASREF","1","2019",2
"ATX","GASREF","1","2020",2
"ATX","GASREF","1","2021",2
"ATX","GASREF","1","2022",2
"ATX","GASREF","1","2023",2
"ATX","GASREF","1","2024",2
"ATX","GASREF","1","2025",2
"ATX","GASREF","1","2026",2
"ATX","GASREF","1","2027",2
"ATX","GASREF","1","2028",2
"ATX","GASREF","1","2029",2
"ATX","GASREF","1","2030",2
"ATX","GASREF","1","2031",2
"ATX","GASREF","1","2032",2
"ATX","GASREF","1","2033",2
"ATX","GASREF","1","2034",2
"ATX","GASREF","1","2035",2
"ATX","GASREF","1","2036",2
"ATX","GASREF","1","2037",2
"ATX","GASREF","1","2038",2
"ATX","GASREF","1","2039",2
"ATX","GASREF","1","2040",2
"ATX","GASREF","1","2041",2
"ATX","GASREF","1","2042",2
"ATX","GASREF","1","2043",2
"ATX","GASREF","1","2044",2
"ATX","GASREF","1","2045",2
"ATX","GASREF","1","2046",2
"ATX","GASREF","1","2047",2
"ATX","GASREF","1","2048",2
"ATX","GASREF","1","2049",2
"ATX","GASREF","1","2050",2
"ATX","GASREF","2","2015",1E-6
"ATX","GASREF","2","2016",1E-6
"ATX","GASREF","2","2017",1E-6
"ATX","GASREF","2","2018",1E-6
"ATX","GASREF","2","2019",1E-6
"ATX","GASREF","2","2020",1E-6
"ATX","GASREF","2","2021",1E-6
"ATX","GASREF","2","2022",1E-6
"ATX","GASREF","2","2023",1E-6
"ATX","GASREF","2","2024",1E-6
"ATX","GASREF","2","2025",1E-6
"ATX","GASREF","2","2026",1E-6
"ATX","GASREF","2","2027",1E-6
"ATX","GASREF","2","2028",1E-6
"ATX","GASREF","2","2029",1E-6
"ATX","GASREF","2","2030",1E-6
"ATX","GASREF","2","2031",1E-6
"ATX","GASREF","2","2032",1E-6
"ATX","GASREF","2","2033",1E-6
"ATX","GASREF","2","2034",1E-6
"ATX","GASREF","2","2035",1E-6
"ATX","GASREF","2","2036",1E-6
"ATX","GASREF","2","2037",1E-6
"ATX","GASREF","2","2038",1E-6
"ATX","GASREF","2","2039",1E-6
"ATX","GASREF","2","2040",1E-6
"ATX","GASREF","2","2041",1E-6
"ATX","GASREF","2","2042",1E-6
"ATX","GASREF","2","2043",1E-6
"ATX","GASREF","2","2044",1E-6
"ATX","GASREF","2","2045",1E-6
"ATX","GASREF","2","2046",1E-6
"ATX","GASREF","2","2047",1E-6
"ATX","GASREF","2","2048",1E-6
"ATX","GASREF","2","2049",1E-6
"ATX","GASREF","2","2050",1E-6
"ATX","BIOGAS","1","2015",2
"ATX","BIOGAS","1","2016",2
"ATX","BIOGAS","1","2017",2
"ATX","BIOGAS","1","2018",2
"ATX","BIOGAS","1","2019",2
"ATX","BIOGAS","1","2020",2
"ATX","BIOGAS","1","2021",2
"ATX","BIOGAS","1","2022",2
"ATX","BIOGAS","1","2023",2
"ATX","BIOGAS","1","2024",2
"ATX","BIOGAS","1","2025",2
"ATX","BIOGAS","1","2026",2
"ATX","BIOGAS","1","2027",2
"ATX","BIOGAS","1","2028",2
"ATX","BIOGAS","1","2029",2
"ATX","BIOGAS","1","2030",2
"ATX","BIOGAS","1","2031",2
"ATX","BIOGAS","1","2032",2
"ATX","BIOGAS","1","2033",2
"ATX","BIOGAS","1","2034",2
"ATX","BIOGAS","1","2035",2
"ATX","BIOGAS","1","2036",2
"ATX","BIOGAS","1","2037",2
"ATX","BIOGAS","1","2038",2
"ATX","BIOGAS","1","2039",2
"ATX","BIOGAS","1","2040",2
"ATX","BIOGAS","1","2041",2
"ATX","BIOGAS","1","2042",2
"ATX","BIOGAS","1","2043",2
"ATX","BIOGAS","1","2044",2
"ATX","BIOGAS","1","2045",2
"ATX","BIOGAS","1","2046",2
"ATX","BIOGAS","1","2047",2
"ATX","BIOGAS","1","2048",2
"ATX","BIOGAS","1","2049",2
"ATX","BIOGAS","1","2050",2
"ATX","BIOGAS","2","2015",1E-6
"ATX","BIOGAS","2","2016",1E-6
"ATX","BIOGAS","2","2017",1E-6
"ATX","BIOGAS","2","2018",1E-6
"ATX","BIOGAS","2","2019",1E-6
"ATX","BIOGAS","2","2020",1E-6
"ATX","BIOGAS","2","2021",1E-6
"ATX","BIOGAS","2","2022",1E-6
"ATX","BIOGAS","2","2023",1E-6
"ATX","BIOGAS","2","2024",1E-6
"ATX","BIOGAS","2","2025",1E-6
"ATX","BIOGAS","2","2026",1E-6
"ATX","BIOGAS","2","2027",1E-6
"ATX","BIOGAS","2","2028",1E-6
"ATX","BIOGAS","2","2029",1E-6
"ATX","BIOGAS","2","2030",1E-6
"ATX","BIOGAS","2","2031",1E-6
"ATX","BIOGAS","2","2032",1E-6
"ATX","BIOGAS","2","2033",1E-6
"ATX","BIOGAS","2","2034",1E-6
"ATX","BIOGAS","2","2035",1E-6
"ATX","BIOGAS","2","2036",1E-6
"ATX","BIOGAS","2","2037",1E-6
"ATX","BIOGAS","2","2038",1E-6
"ATX","BIOGAS","2","2039",1E-6
"ATX","BIOGAS","2","2040",1E-6
"ATX","BIOGAS","2","2041",1E-6
"ATX","BIOGAS","2","2042",1E-6
"ATX","BIOGAS","2","2043",1E-6
"ATX","BIOGAS","2","2044",1E-6
"ATX","BIOGAS","2","2045",1E-6
"ATX","BIOGAS","2","2046",1E-6
"ATX","BIOGAS","2","2047",1E-6
"ATX","BIOGAS","2","2048",1E-6
"ATX","BIOGAS","2","2049",1E-6
"ATX","BIOGAS","2","2050",1E-6
"ATX","COALGAS","1","2015",2
"ATX","COALGAS","1","2016",2
"ATX","COALGAS","1","2017",2
"ATX","COALGAS","1","2018",2
"ATX","COALGAS","1","2019",2
"ATX","COALGAS","1","2020",2
"ATX","COALGAS","1","2021",2
"ATX","COALGAS","1","2022",2
"ATX","COALGAS","1","2023",2
"ATX","COALGAS","1","2024",2
"ATX","COALGAS","1","2025",2
"ATX","COALGAS","1","2026",2
"ATX","COALGAS","1","2027",2
"ATX","COALGAS","1","2028",2
"ATX","COALGAS","1","2029",2
"ATX","COALGAS","1","2030",2
"ATX","COALGAS","1","2031",2
"ATX","COALGAS","1","2032",2
"ATX","COALGAS","1","2033",2
"ATX","COALGAS","1","2034",2
"ATX","COALGAS","1","2035",2
"ATX","COALGAS","1","2036",2
"ATX","COALGAS","1","2037",2
"ATX","COALGAS","1","2038",2
"ATX","COALGAS","1","2039",2
"ATX","COALGAS","1","2040",2
"ATX","COALGAS","1","2041",2
"ATX","COALGAS","1","2042",2
"ATX","COALGAS","1","2043",2
"ATX","COALGAS","1","2044",2
"ATX","COALGAS","1","2045",2
"ATX","COALGAS","1","2046",2
"ATX","COALGAS","1","2047",2
"ATX","COALGAS","1","2048",2
"ATX","COALGAS","1","2049",2
"ATX","COALGAS","1","2050",2
"ATX","COALGAS","2","2015",1E-6
"ATX","COALGAS","2","2016",1E-6
"ATX","COALGAS","2","2017",1E-6
"ATX","COALGAS","2","2018",1E-6
"ATX","COALGAS","2","2019",1E-6
"ATX","COALGAS","2","2020",1E-6
"ATX","COALGAS","2","2021",1E-6
"ATX","COALGAS","2","2022",1E-6
"ATX","COALGAS","2","2023",1E-6
"ATX","COALGAS","2","2024",1E-6
"ATX","COALGAS","2","2025",1E-6
"ATX","COALGAS","2","2026",1E-6
"ATX","COALGAS","2","2027",1E-6
"ATX","COALGAS","2","2028",1E-6
"ATX","COALGAS","2","2029",1E-6
"ATX","COALGAS","2","2030",1E-6
"ATX","COALGAS","2","2031",1E-6
"ATX","COALGAS","2","2032",1E-6
"ATX","COALGAS","2","2033",1E-6
"ATX","COALGAS","2","2034",1E-6
"ATX","COALGAS","2","2035",1E-6
"ATX","COALGAS","2","2036",1E-6
"ATX","COALGAS","2","2037",1E-6
"ATX","COALGAS","2","2038",1E-6
"ATX","COALGAS","2","2039",1E-6
"ATX","COALGAS","2","2040",1E-6
"ATX","COALGAS","2","2041",1E-6
"ATX","COALGAS","2","2042",1E-6
"ATX","COALGAS","2","2043",1E-6
"ATX","COALGAS","2","2044",1E-6
"ATX","COALGAS","2","2045",1E-6
"ATX","COALGAS","2","2046",1E-6
"ATX","COALGAS","2","2047",1E-6
"ATX","COALGAS","2","2048",1E-6
"ATX","COALGAS","2","2049",1E-6
"ATX","COALGAS","2","2050",1E-6
